item_id,1,2,3,4,5
1,0.171333328,0.503357738,0.496015242,0.31203292,0.479702804
2,1.004542752,0.34045212300000005,0.5246595,0.764862424,0.40856005
3,-0.3682723648,-0.16553941200000002,-0.4114621626,-0.34473362,-0.38035888799999995
4,0.42739280399999996,0.583087758,-0.062055775000000014,-0.006772319999999965,0.203668074
5,-0.59297329,-0.36811067399999997,-0.10878848599999999,-0.3521695686,-0.28798049800000003
6,-0.4634575454,-0.21916060379999996,-0.450324292,-0.66399294,-0.497019914
7,-0.197907659,-0.18894823479999998,0.007936628000000001,0.12573173259999998,-0.245036962
8,-0.739495542,-0.23158889,-0.596677752,-0.5032387354,-0.5872903686
9,-0.29457127720000004,-0.507082562,-0.271977562,-0.03807801579999999,-0.44472962000000005
10,-0.521520358,-0.842582352,-0.470477906,-0.300581538,-0.754539898
11,0.62731945,0.518248862,0.822784416,0.6404957020000001,0.772320384
12,-0.03713740400000002,-0.13733870140000004,0.16726133199999998,-0.690706672,0.045445898000000026
13,-0.12873735144,-0.43004508239999995,-0.017332524000000005,-0.579173052,-0.37037970800000003
14,0.12431997999999997,-0.6178858979999999,-0.23660156400000001,0.06614932600000001,-0.0950079236
15,-0.671177362,0.21741503559999997,-0.23335360600000002,-0.818129852,-0.680169098
16,-0.1595145678,0.34140998,0.16298264265999998,-0.175996054,0.19436938199999998
17,-0.324863194,-0.33405184920000003,-0.15622106,-0.448616542,0.05154086659999999
18,-0.353504722,-0.19285437119999999,-0.24759631,-0.36610022100000006,-0.568475508
19,-0.656360396,-0.551058924,-0.625262,-0.36594076600000003,-0.342331706
20,-0.152047404,-0.1980273780000001,0.07498893799999999,-0.27876102399999997,-0.20465575600000002
21,0.514437284,0.29224478400000004,0.4267030976,-0.23132763120000002,0.449905296
22,-1.0484711260000001,-0.6649086280000001,-0.7996532279999999,-0.607113352,-0.8642336650000001
23,0.14934371200000002,0.19832192199999993,0.31949568,0.37314000399999997,0.13012778600000002
24,0.20187110000000003,-0.06522759880000002,0.03578636799999999,0.240102674,-0.0713393014
25,-1.11868261,-0.56727448,-0.6700841216000001,-0.478459854,-0.32690319
26,0.004663750000000011,-0.325873278,0.13022614800000004,0.071180664,0.20049272999999998
27,-0.9648555132000001,-0.445421228,-0.3246252878,-0.7619272579999999,-0.924648294
28,0.302341728,0.263362062,0.500669542,0.47643439860000003,0.59720963
29,0.113727528,0.2476637706,0.6676274068,0.41618876799999993,0.171657428
30,0.3127193558,0.197471856,0.06294533399999995,0.10505396200000003,0.147282886
31,0.06351719399999996,-0.08969338,0.0019689299999999577,-0.23942744999999999,-0.05868962
32,-0.17229596200000002,-0.373641554,-0.643566298,-0.13189841600000002,-0.21265866400000003
33,0.206306244,0.32856766400000004,-0.247798096,0.61466911,0.398566384
34,-0.07579904600000002,0.378380207,-0.1279265054,-0.13536013600000002,-0.24836942599999995
35,0.084889732,0.014144679999999988,-0.28548078400000004,-0.019754484000000027,-0.11619045320000002
36,0.17167750300000004,0.265495606,0.474032564,-0.33535738200000004,-0.13458361000000002
37,0.19124862599999998,0.10991770600000002,-0.090750254,0.195219438,0.27037098400000004
38,0.35449003799999995,0.11562545399999999,0.20583655280000004,-0.04061903800000001,0.17725693000000003
39,-0.5946975840000001,-0.719982672,-0.213651182,-0.685937254,-0.358148364
40,-0.03485317880000003,-0.12791842299999998,-0.154646746,-0.12806346,-0.1377937392
41,-0.439951648,-0.626202994,-0.573063188,-0.0856117048,-0.18137191800000002
42,0.14486716200000002,-0.30979226399999993,-0.12847080000000005,0.5187892780000001,0.4493376191999999
43,-0.6779322806,-0.594793668,-0.67023442,-0.28364406,-0.36905478999999997
44,-1.120302768,-0.8716489700000001,-0.7696228900000001,-0.6077676728,-0.885376248
45,-0.52830821,-0.8295615,-0.42641262339999997,-0.07458862819999998,-0.38906159960000003
46,-0.5134713399999999,-0.23018138000000002,-0.6915654520000001,0.09870747139999997,0.033794917999999986
47,0.424104288,0.28220818200000003,0.28988357099999995,-0.05072715800000001,0.16285425599999998
48,-0.4455714312,-0.410729286,0.26478073999999996,0.10252604000000001,0.028575657999999986
49,0.005098476000000041,0.309958568,-0.002138669999999979,-0.06891998400000003,-0.0035655680000000077
50,-0.506906734,-0.547307912,-0.562193668,-0.5720250819999999,-0.379338676
51,0.13479112799999995,0.010467628000000052,0.16868754999999996,0.159764506,0.259201436
52,-0.40461059600000004,-0.385197438,-0.474082802,0.04169106999999999,0.1706241
53,-0.59243749,-0.27826395000000004,-0.024115115999999992,-0.20467830400000003,-0.16665084599999996
54,-0.6946305886,-0.8421618259999999,-0.49439674079999996,-0.005757957999999985,-0.177344028
55,-0.15843011599999998,-0.339038042,-0.40842413000000005,0.00927572200000002,-0.11556068199999998
56,0.3219085332,0.510970176,0.2045348192,-0.046506822,0.37833251999999995
57,-0.3987932524,-0.20251656540000001,-0.328631864,-0.022977309999999997,-0.579785998
58,-0.024674379999999985,-0.545904972,-0.2426290226,-0.22388261199999998,-0.39357308399999996
59,0.39928833599999997,0.383655398,0.46010012399999994,0.315342002,0.579919398
60,-0.259974138,-0.505226726,-0.707086636,-0.1916885916,-0.6442147236
61,-0.122605258,-0.2505405608,-0.2551255636,-0.074949716,-0.24937978919999998
62,0.12420160800000002,-0.19525894923999998,0.09738068600000001,-0.039605176,-0.25389136619999997
63,0.11076795799999997,0.26256768399999997,0.432613908,0.30441937799999996,0.523968216
64,-0.170807902,-0.274044994,0.35961391,-0.1283775156,-0.397912344
65,-0.19489801079999997,0.07258866060000001,-0.417611568,-0.23878680632,-0.48153846799999994
66,-0.015240539999999997,-0.091014034,0.357249992,-0.053994603399999994,-0.08750704600000003
67,0.19278871,0.094290491,-0.044512105999999975,-0.265884986,-0.0898984338
68,0.1381657115,0.540978679,0.190543942,-0.07549472600000003,0.0012576316000000199
69,-0.07557065600000001,-0.1000941,-0.29938728,-0.008684768,-0.1304687132
70,0.52097211,0.6600487600000001,0.33351781599999997,0.112238872,0.280290602
71,0.647738432,-0.105477364,0.21594853849999995,-0.03277972,0.35959022
72,-0.079916036,-0.3778974694,-0.180935484,-0.33989199179999996,-0.25641913366
73,0.36997359,0.139113344,0.016227141999999993,-0.017426098,0.25632024000000003
74,-0.09369785400000001,-0.21367670000000002,-0.569623974,-0.233958944,-0.187205006
75,-0.07442865720000003,0.28027775,-0.36465208676000005,-0.15649489800000002,-0.37857889
76,0.6518706200000001,0.370682858,0.33383576000000004,0.188471874,0.6127509732
77,-0.42278920600000003,-0.483024556,-0.493343982,-0.7369800919999999,-0.42050636799999996
78,-0.417621306,-0.24117630599999998,-0.009986200000000011,-0.024779024000000018,-0.23404497800000001
79,0.05176758800000003,-0.412824346,0.025112588000000047,0.294228809,-0.27618993199999997
80,-0.1915799656,-0.5237770320000001,-0.274614514,-0.325162372,-0.48059053800000007
81,0.35436692999999997,-0.05748851559999999,-0.30542290975999997,-0.305229676,-0.2933531622
82,-0.19433338160000002,-0.22243846400000003,-0.5170415828,-0.28635263,-0.562266452
83,-0.020304300000000053,0.359633914,-0.21276505839999998,-0.104457663912,-0.10910470600000004
84,-0.9139536725599999,-0.6915621,-0.93523328468,-0.5457172339999999,-0.773306604
85,-0.734311506,-1.23513354,-0.895157108,-0.34637777599999997,-0.5396836190000001
86,0.44818247,0.072448157,0.52109278,-0.0010991660000000015,0.1530018792
87,-0.384338004,-0.2845678,-0.1491733,-0.16403173,-0.340074752
88,-0.18738964400000002,-0.23181904200000006,-0.21751498000000002,-0.49683380600000004,-0.4175590496
89,-0.13887637800000002,0.56328231,0.1638731956,0.12150908599999996,0.162087752
90,0.026673288399999984,-0.222106926,-0.698113094,0.08511878400000002,-0.507050412
91,-0.5080454544,-0.6032258020000001,-0.541036908,-0.138642062,-0.379552364
92,0.20577736040000003,0.08950030880000001,-0.58887055,0.173750432,0.16923189908
93,0.10317005799999998,-0.26411803,-0.275063488,0.448822956,0.14461981520000003
94,0.2700341306,-0.46205321680000006,0.22738326852,0.320372104,0.304263712
95,-0.27442090399999997,-0.017640258000000002,-0.33139428400000004,-0.24968460600000003,-0.242081838
96,-0.19990635399999998,-0.06043014659999994,0.10753939799999998,-0.008430092000000045,0.196388464
97,0.6872980799999999,0.309576346,0.743084506,0.257089085,0.494905998
98,-0.43831738479999993,0.140849392,0.22437314800000002,-0.307390242,-0.234815798
99,-0.425340116,0.236452038,0.237785088,-0.31141203399999995,-0.02636966200000001
100,-0.18551964,0.090861422,0.11770427599999997,-0.485383612,-0.239423396
101,-0.475962814,-0.55919624,-0.3165927254,-0.23375105599999996,-0.46321053799999995
102,-0.14180797247999996,-0.25293849999999996,-0.11964317800000002,-0.35582117999999996,-0.19752191460000001
103,-0.659480658,-0.253423688,-0.7957209576000001,-0.32855787059999997,-0.572918868
104,0.12656711199999998,-0.178076854,-0.08967780659999999,0.113671538,0.028693411000000012
105,-0.507649272,0.0012640200000000102,-0.31796152380000003,-0.321907626,-0.46907884200000005
106,-0.158585452,-0.18683463271999998,-0.4353165,-0.27796379400000004,-0.166196592
107,-0.542790778,-0.41770954600000004,-0.551757504,-0.611758076,-0.72406507
108,0.408900552,-0.066850083,0.4024764952,0.28578466303,0.22831039399999997
109,-0.42203740199999995,-0.627259702,-0.5826017080000001,-0.301227458,-0.762950934
110,-1.122739632,-1.19749626,-0.72050059,-0.945283126,-1.0836028
111,-0.10042538200000002,-0.785640098,0.022532456260000045,-0.6439385059999999,-0.398493206
112,-0.258262632,-0.6521239311,-0.571139638,0.07096216899999999,-0.142390256
113,-0.065397216,-0.0625803448,-0.146586716,-0.3009013548,-0.229130078
114,1.023915746,0.394288568,0.8427167539999999,0.368536678,0.7380569499999999
115,-0.17355382000000003,0.38160317,0.033679533,-0.38134663599999996,-0.2329035528
116,-0.05598255699999999,-0.009132739400000001,0.100114964,-0.319396192,-0.03163879800000001
117,-0.327564304,-0.49185202100000003,-0.334240934,-0.057254266999999984,-0.395563354
118,-0.475573315,-0.238663442,-0.3829134799999999,-0.759091208,-0.740152596
119,-0.04236469920000001,0.029975220000000014,-0.31279291200000003,0.205807788,0.09259208659999998
120,0.11741216800000001,0.276841458,0.007135279999999989,0.452137472,0.21790887399999997
121,-0.12954614120000002,-0.173916472,-0.015483230000000004,-0.611629094,-0.144207954
122,-0.2837116058,-0.310679174,-0.566508484,-0.17005446200000002,-0.05331509900000001
123,0.3298707978,-0.07108266920000002,-0.0172817548,0.2559319408,0.31164388600000004
124,-0.145288304,-0.156476572,-0.08278009599999997,-0.315038756,-0.1334210408
125,-0.9394878240000001,-0.59984916,-0.948000324,-0.31801026,-0.71620838
126,-0.16949313400000002,-0.216877518,-0.2521994104,-0.38488211699999997,-0.31225583819999997
127,-0.14263792199999997,0.059648718000000024,-0.31866051,0.02909116799999999,0.11247055079999999
128,0.3146482168,0.7469341199999999,0.29531951,0.6981752092,0.676381676
129,-0.013687314000000006,0.240033824,0.006589197999999996,-0.11435908799999997,0.334204962
130,0.1430285168,-0.480211982,-0.13125416305999998,0.22870006799999998,0.029842710000000005
131,-0.674968056,-0.690996954,-0.772169954,-0.412832388,-0.6854401259999999
132,0.168081312,-0.1127930632,0.07028139080000002,-0.07883906460000001,0.10207600000000003
133,-0.45464350400000003,-0.4011922739999999,-0.34611898399999996,-0.215216444,-0.569591806
134,0.33401550999999996,0.15118660200000003,0.17886062799999997,-0.1176311712,-0.04938401000000002
135,-0.250808362,-0.23267634599999995,-0.167059736,-0.158247402,-0.341980664
136,-0.0027948960000000024,-0.103217596,0.10862058459999999,0.094722686,-0.17575286
137,0.050305430000000005,-0.023584460000000005,-0.414927008,-0.33115332080000004,-0.6640228579999999
138,-0.488455618,-0.681050106,-0.534707356,-0.2978940832,-0.4108756939999999
139,0.02144808519999999,0.21842560800000005,-0.2431692662,0.238904854,-0.015272675999999995
140,-0.1840849714,-0.017500590000000003,-0.22621080999999998,0.013569621400000014,0.21000518831999998
141,-0.24951833800000003,-0.29984282799999995,0.09141091639999999,-0.05840924400000003,0.03718411279999997
142,-0.025562827999999965,-0.3693852096,0.33284883319999997,0.05258696799999998,0.03161814599999999
143,-0.5511681100000001,-0.7258571279999999,-0.517873052,-0.21888495,-0.593233638
144,0.014489148000000052,0.08601257100000001,0.31794829999999996,0.38575867599999997,0.5038313692
145,0.017987965999999987,0.19970080800000004,0.129938854,-0.33209795200000003,0.230945168
146,-0.6522626019999999,-0.337975437,-0.98898048,-0.028254540000000005,-0.63327839
147,-0.029588631999999948,0.031199803999999987,-0.03088931599999999,0.18211656199999998,0.37711967
148,-0.32165718199999993,0.335207052,0.09807585600000002,0.090269508,-0.06259266000000001
149,0.05211172679999998,0.2657691112,0.101844614,0.724549352,0.26216998939999997
150,-0.6733883519999999,-0.742248586,-0.5514099892,-0.4314812123999999,-0.8023436479999999
151,-0.06571524800000002,-0.21877347000000005,-0.0014364219999999817,0.46462623399999997,0.020025339600000015
152,-0.2544168400000001,-0.46571741600000005,-0.07197293599999996,-0.217102452,-0.23777862
153,-0.276589694,-0.288038024,-0.0474572179,-0.22364233360000002,0.046442818
154,0.18001312,0.138980202,-0.24921848400000002,-0.012153739999999979,0.169699636
155,-0.142700158,-0.2574808920000001,0.206193976,0.16419724400000002,0.19907240799999998
156,0.35729832000000006,0.04981722199999999,-0.26811295399999996,0.14422481930000003,0.24970396399999997
157,-0.48653194759999996,0.8376475539999999,-0.41409037800000004,-0.26118009999999997,-0.381640048
158,-0.153853544,0.326258276,0.19192990000000001,-0.20650753000000002,0.0511545272
159,-0.950470022,-0.7562625867999999,-0.82792168,-0.47188800999999997,-0.8759459679999999
160,-0.7258190071999999,-0.35090507200000004,-0.43022049760000003,-0.3029915844,-0.69258692572
161,0.009140074000000031,0.274313622,0.10069102799999999,0.2070840788,0.07686855399999999
162,-0.04846797400000001,0.1011680632,0.667193114,0.238987894,0.233578306
163,-0.502997948,-0.30575376,-0.21115852200000007,-0.43355446999999997,-0.239360398
164,-0.41642697799999995,-0.4648831512,-0.215364026,-0.33962939540000003,-0.19765417199999996
165,-0.5361621961999999,-0.43689575,-0.49001976,-0.5542172268,-0.794655156
166,0.156724712,-0.257372614,-0.41559583,0.28099145880000004,-0.04120832000000002
167,-0.08895411633999999,-0.13096437079999995,-0.382107861,-0.1480716688,-0.0374057932
168,-0.9367588600000001,-0.747457368,-0.692503062,-0.6273829559999999,-0.8469299459
169,-0.174783066,-0.39229897059999996,-0.12021748759999999,-0.23326983399999998,0.086638256
170,-0.540375052,-0.24698683800000004,-0.7893139712,-0.48122997700000003,-0.854080926
171,-0.27554217599999997,-0.19907514799999998,-0.06036720200000003,0.09474681694,-0.136163596
172,-0.599050474,-0.033304272,0.07713329640000002,-0.08636652800000003,-0.18428921720000005
173,0.466419424,0.11881392720000002,0.055453691999999985,0.1237686,0.1294155372
174,0.11342540999999999,0.40237278,0.41036405600000003,0.202491997,0.5244534738000001
175,0.39748932000000003,0.7616551680000001,0.596001948,0.1103707232,0.11500906600000005
176,-0.41902332,-0.174632418,-0.21427271599999997,-0.363238064,-0.4723999548
177,-0.221153846,-0.5516916000000001,-0.169241248,0.0031057299999999845,0.03132662500000001
178,-0.7926402639999999,-1.0534247799999998,-0.52987877,-1.0097803304,-0.66698842
179,-0.132283423,0.05491944699999999,0.24207524800000008,0.16766915,-0.08795552400000001
180,0.231644052,0.3052240088,0.22190655399999998,-0.0090382454,0.334965696
181,-0.6058494332000001,-0.4754375178,-0.3022156644,-0.55829828966,-0.47637236000000005
182,-0.7785003899999999,-0.674045038,-0.02789136999999999,-0.578942124,-0.7615711039999999
183,0.678293036,0.784882188,0.305846178,0.6466657920000001,0.732959952
184,-0.08099343199999995,-0.20111161399999994,0.3247893988,-0.047612926,0.09629902799999997
185,0.44329855399999996,0.4445384192,0.3945443744,0.17096561400000002,0.24615789640000002
186,0.36743644259999997,0.405084996,-0.043664915999999984,-0.342483774,0.22947814000000005
187,0.48760753800000006,0.44991333440000003,0.6851482900000001,-0.0499059608,-0.3242584182
188,-0.902251474,-0.4966485188,-0.73987037,-0.24286950899999998,-0.5817202974
189,0.606063386,0.605807152,0.022585056000000003,0.2169320128,0.356159318
190,-0.556645936,-0.57018743,-0.447222762,-0.38692882279999996,-0.51897842
191,0.18573725800000002,0.14961048400000002,0.19334427599999998,0.209479148,0.170063162
192,-0.1814382008,-0.08396507399999999,-0.31299090399999996,-0.24640310839999996,-0.2962891996
193,0.106638211,0.16055455999999999,-0.20307181000000002,0.325461532,-0.006830472000000057
194,0.6976970679999999,0.192451664,0.0748395622,0.091550982,0.13722582960000002
195,0.28303102319999995,0.3481863688,0.2816720188,-0.195491684,-0.074425341
196,-0.06884851199999997,-0.242915232,0.49230056399999994,-0.10768168759999999,-0.12026403119999998
197,-0.936230136,-0.9687495800000001,-0.562668492,-0.312236986,-0.560401776
198,-0.3233669928,-0.071966106,-0.1773849,-0.6017276779999999,-0.46612808600000005
199,-0.28127279780000003,-0.54119218,0.053229949999999984,-0.299855008,0.11603530000000002
200,0.024248757399999966,-0.05036529599999999,-0.18081842300000003,0.12068398313999999,0.062109342416
201,0.617351744,0.586923174,0.257036056,0.434856346,0.44102509009999996
202,-0.603696638,-0.398406732,-0.507016758,-0.6881180001999999,-0.7318660612
203,0.38745583199999994,0.749753694,0.135268446,0.56585436,0.317260454
204,0.515356046,0.37323829799999997,0.39658041,0.187745868,0.13620715200000003
205,-0.0009415500000000465,0.215552388,0.010735061999999984,0.074532636,-0.02739688039999999
206,0.12032369859999999,-0.053157895,0.5317538020000001,-0.7670872418,-0.65620415
207,0.148921254,0.087584241,0.028499096999999994,0.7013947742,0.263860388
208,0.031155049199999986,0.1099701183,-0.11195254800000001,0.12025988399999998,-0.3542362572
209,0.005601390000000017,-0.0023636194000000053,-0.05740197600000001,-0.2532412372,-0.25496361399999995
210,0.873999774,0.524554202,0.754526068,0.46025002600000003,0.78860058
211,0.391115996,0.367548856,0.63016348,-0.03851578600000001,0.307369002
212,0.7867929682000001,0.6321895688,0.38175382399999996,0.68750006,0.697297442
213,0.366073218,-0.036510385999999985,0.209538892,0.020407964199999996,0.23829415599999998
214,-0.47490721599999997,-0.21600266920000002,-0.6853403979999999,-0.4349000820000001,-0.748200632
215,1.50381762,1.7566945699999998,0.7052444899999999,0.9939963799999999,1.3833156599999998
216,0.08089045070000002,0.29769343,0.042136900000000005,-0.0857542842,0.13502982759999999
217,0.05786476199999998,-0.07231465200000001,0.222666828,0.00361464199999999,0.17984908699999996
218,0.38269679200000006,-0.05698474,-0.11378901340000006,0.026777894700000034,0.079297168
219,-0.158630088,-0.015753618800000015,0.03017568460000001,0.013211446059999998,-0.28563763680000004
220,-0.9243542039999999,-0.63493896,-0.7172182659999999,-0.932474294,-0.551560906
221,-0.260483115,0.017074087999999998,-0.028336411999999988,-0.156790026,-0.05199352800000001
222,0.528625242,0.380825828,0.396084832,0.578464604,0.2902806748
223,-0.18638020800000002,-0.202782894,-0.28761695400000004,-0.18653869799999998,-0.07377447620000002
224,-0.19959971199999998,-0.6631725079999999,0.09910922320000003,0.25466680799999997,0.16484947
225,-0.7892505975999999,-0.483093176,-0.388514042,-0.440864275,-0.62648278
226,-0.15409309200000001,-0.26626520400000003,-0.044855773999999994,-0.222892812,-0.37978067400000004
227,-0.15130278000000003,-0.22558793000000002,0.08603826640000002,0.05375830479999999,0.02410995959999999
228,-0.12643179400000001,0.10695511399999999,-0.05629888800000003,-0.03362590999999998,0.03264887482000002
229,-0.3478615966,-0.5905327220000001,-0.4955408072,-0.26034525,-0.600042006
230,-0.4311335720000001,-0.587521968,-0.55503421,0.100750174,-0.09350807799999998
231,-0.28782010719999995,0.020906111999999966,0.238695422,-0.43394198599999995,0.1193763046
232,-0.46488273299999994,-0.5362035199999999,-0.313994696,-0.21013168220000003,-0.49034086759999995
233,-0.872079652,-0.7779119800000001,-0.57022414,-0.336759224,-0.6423123759999999
234,0.195002028,0.15957410600000002,-0.12847401519999999,0.4078599238000001,0.39261746154
235,-0.1948270056,-0.7789098300000001,-0.7198246380000001,-0.37810731999999997,-0.5303882446
236,-0.10482741599999998,0.205185972,-0.564496602,-0.130066236,-0.6855351568
237,-0.30696537199999996,-0.291388802,-0.129454848,0.441782722,0.19112464800000004
238,-0.21559019,0.1673538068,-0.43624680979999997,-0.336586228,-0.02878523520000001
239,-0.301840604,-0.220291016,-0.908014258,-0.278501653,-0.35906441800000005
240,-0.307634306,-0.114716924,-0.06652005199999997,-0.277320374,-0.0078061782
241,-0.12500356399999996,0.08758011300000001,0.44795063939999996,-0.275740828,-0.18431450404
242,0.906283714,0.456832932,0.551090914,0.8600759660000001,0.7599626660000001
243,0.453503231,0.22780594999999998,0.231717954,0.011961432999999994,0.384924102
244,-0.820588452,-0.53048892,-0.616042058,-0.499279529,-0.666292734
245,0.7345279,1.183702726,0.500555748,0.753190096,0.902230616
246,0.08304223,0.10085684800000001,-0.628826472,0.06403699,-0.0451505206
247,0.6865112059999999,0.6379789111999999,0.480530008,0.023572413999999986,0.24172214992999996
248,-0.308895044,0.20660149199999997,-0.505695797,-0.16533151,-0.44561732000000004
249,0.31818077,0.1603366826,-0.096311536,0.1663098792,0.26855009399999996
250,-0.780248354,-0.452833414,-0.6234552600000001,-0.0731711352,-0.25910327200000005
251,0.09873950540000001,0.1272812473,0.13829688499999998,0.10489927999999997,0.218737978
252,0.26491338,0.434507262,0.08521175299999999,0.04390365599999999,0.2537511622
253,0.4102213856,0.023827990599999987,-0.266329816,0.16317741800000002,0.43192383616
254,0.22639283699999999,0.07993839079999998,0.17545549600000002,0.021322144000000008,-0.04902175439999999
255,0.888184092,0.63911967,0.653318256,0.560203196,0.714349926
256,-0.279769304,-0.41844318999999996,-0.060738568000000014,-0.10564416600000001,-0.08108216599999998
257,-0.604572878,-0.42347031900000004,-0.278066226,-0.32047329599999996,-0.3250103444
258,0.4481191124,0.6164486248000001,0.07315575880000003,0.297808146,0.42913149300000003
259,0.2852866684,-0.045917933999999994,0.037440570000000006,0.032989535999999986,-0.114558184
260,-0.02983843399999997,0.273420486,0.5960138269999999,0.42255047599999995,0.4740185362
261,-0.04174245754000002,-0.2971942916,-0.06319709800000001,-0.45043095399999994,-0.5280687339999999
262,-0.576078732,-0.24351015800000003,-0.1862525894,0.033328320600000017,-0.056712163999999975
263,0.6249785472,0.802770454,0.320019404,-0.16154917279999997,0.441219432
264,0.564566306,0.24167349440000002,0.77483092,0.25154601000000004,0.5482176169999999
265,-0.43008163999999993,0.173177966,-0.5818928659999999,-0.32044647309999996,-0.12904162800000002
266,0.13682605799999997,0.4099981268,0.19413711839999997,-0.0075756247999999955,0.10763946400000002
267,-0.4400293114,-0.19729017680000002,-0.2907500499999999,-0.7557843468,-0.812465656
268,0.82997133,0.815329226,0.596665936,0.24953054859999999,0.2454926014
269,-0.33974470059999995,-0.04261863999999999,0.05795659339999999,-0.31539583398,-0.1394840308
270,0.49010065999999997,0.07587504799999997,0.29113026,0.149703024,0.870327194
271,0.151754962,-0.04316567680000001,-0.114724292,0.504649724,-0.036980046
272,0.19158920999999998,0.07953902800000004,-0.272582952,-0.05346840599999998,-0.16818684
273,-0.25108451,-0.024904035999999997,-0.5583616391999999,0.04547072699999999,-0.0021287379999999968
274,-0.21421063,-0.08217531400000005,-0.392441124,-0.12375638400000004,-0.33498766
275,-0.1083719,0.250024773,0.265344588,0.006462691999999981,-0.036480129999999986
276,0.34824154200000007,0.33871640199999997,-0.08839839199999996,-0.056459285999999984,0.413742364
277,0.1528121484,-0.1538384876,0.14769236799999996,0.04802608140000002,-0.06410644600000001
278,0.454856395886,0.352583392,0.97464131,0.46168068200000006,0.895355286
279,-0.39157437,-0.30360695400000004,-0.07921948199999997,-0.22987376460000003,-0.18415831200000002
280,0.10071985439999998,0.42725557599999997,0.001722879999999992,0.06448759400000001,0.20537613700000001
281,0.342918084,0.05256332200000002,-0.32377140200000004,0.24372429600000003,0.279949792
282,-0.38557041999999997,0.014163144599999988,0.005746195999999986,-0.12170924799999998,-0.055276875999999996
283,-0.44918728,-0.2464021356,-0.13452543599999997,0.05759349979999998,0.20354793900000004
284,0.3345196778,0.15927145,-0.03583052599999999,0.344413712,0.49304460399999994
285,0.25624740199999996,0.009074949400000004,-0.1490071148,0.5692389440000001,0.4104656137
286,0.824709092,0.532094304,0.600469724,0.706693044,0.533095854
287,0.01832568000000001,-0.12363565400000001,0.17152328220000004,0.05050318459999999,-0.130757492
288,0.07362599199999995,-0.17397038,0.027513934799999952,0.175145264,0.20421713400000002
289,0.547628732,0.16330452599999998,0.5137032456,0.720964618,0.73392256
290,0.8718195979999999,1.018953226,0.4271758942,0.827399114,1.0801201470000001
291,0.666966,0.494439025,0.48969360549999996,0.2458803825,0.574894115
292,-0.07676547200000002,-0.179290276,0.3173488,-0.12003016880000002,0.121063781
293,-0.17302098600000004,-0.49542445200000007,-0.05892131200000002,-0.4452533260000001,-0.34978166499999996
294,-0.427122346,-0.27213160599999997,-0.205043424,-0.37244433800000004,-0.441651712
295,0.046013132,-0.16273572000000003,-0.311715536,-0.6743512908,-0.399005865
296,0.671713483,0.395476136,0.616676788,0.701714644,0.76788336
297,-0.168908638,-0.27325147600000005,-0.03892990399999996,-0.2322074548,-0.19211266000000002
298,0.089157288,0.0031526445999999985,0.23212054879999994,0.06960368199999999,-0.066119942
299,0.6083437291999999,-0.18938634099999999,0.43031776080000006,-0.0017865320000000295,0.046233100000000006
300,-1.39816702,-0.894006317,-1.3006765599999999,-0.6546609400000001,-1.1420458740000001
301,0.21153155999999998,0.565523118,0.274970656,0.07593099400000004,0.22565486360000003
302,0.06476740799999998,-0.0864099242,-0.11571847600000003,-0.33032691999999997,0.020710152000000016
303,0.49372848099999994,0.459534762,0.06207635199999999,0.309535548,0.286136836
304,-0.34907879199999997,-0.6509436712000001,-0.924155416,-0.471826672,-0.6341128140000001
305,-0.480967182,-0.46105692337399995,0.017275456,-0.16323344,-0.335524486
306,-0.157394848,0.018647458000000006,-0.185049114,-0.08829297162000001,0.041985296
307,-0.02811157799999997,0.30088591600000003,-0.09539024200000001,0.17507345879999997,0.1144572954
308,0.11784578399999997,-0.2145024148,-0.538380646,0.024168699999999998,-0.17126665140000003
309,0.264516118,0.18057705119999995,0.5329353400000001,0.30003007200000004,0.763914952
310,0.096309282,0.1880311632,0.20658786099999998,-0.274216436,-0.22603880680000002
311,-0.07302759700000001,-0.006703559999999986,-0.008186646799999997,-0.05258425500000001,0.12213486000000004
312,0.218281452,0.7078671303999999,0.3806562532,-0.028097720000000014,0.591906414
313,-0.2172117019,0.15155007673999998,-0.10993825900000001,0.04934114699999999,-0.031893524000000006
314,0.25676720199999997,0.404504368,-0.07933123599999996,0.35360264199999997,0.3160634968
315,-0.600450666,-0.8606966899999999,-0.613879708,-0.24157006600000003,-0.619308674
316,0.508829014,-0.28234459400000006,0.23416502700000003,0.171403154,0.29261902199999995
317,0.021591227999999997,0.22561399199999999,0.68404462,-0.1424727932,0.16031003960000004
318,0.727766122,0.3190521444,0.159889342,0.21659817399999998,0.143455252
319,-0.407364996,-0.71461362,0.08372227800000001,-0.105002436,-0.14819935
320,0.35231482000000003,-0.02448265340000001,0.27988518399999995,0.18515597,-0.06822681800000002
321,0.29202522200000003,-0.11879275199999999,-0.037629402,-0.20592112199999998,-0.082964668
322,-0.6817975940000001,-0.257743564,-0.671188168,-0.6078230846,-0.869800296
323,-0.2503148,-0.0063833233999999964,0.17258863400000002,0.20207679399999998,0.2694946934
324,0.14603158800000002,-0.05615317799999999,0.409276997,-0.029117406679999992,0.02330868399999997
325,-0.521231038,-0.7150311911999999,-0.34260272919999996,-0.48807011899999997,-0.4729898736
326,0.635036232,0.682847988,0.329305126,0.45300041799999996,0.769241246
327,0.012261378599999984,-0.3800299388,-0.24221886599999998,-0.346218066,-0.230760772
328,0.06936133999999997,-0.446454344,-0.5243148332,0.2243617,-0.232946996
329,-0.11564892000000002,-0.06926197199999999,-0.07961770999999998,-0.15187326199999998,-0.332251197
330,-0.57548378,-0.42509204799999994,-0.369285699,-0.1478360572,-0.41103298600000004
331,0.010308265999999988,0.08678640200000001,0.5350686939999999,0.280645986,0.066128568
332,0.05566894679999997,0.289526978,0.02986033299999998,0.012454975999999984,0.200992924
333,0.29140626,0.425976985,0.50872981,-0.10499679799999999,0.40644861960000006
334,-0.25677829599999996,-0.4220459099999999,-0.528114894,-0.24257768,-0.336280532
335,-0.15408278,-0.10331940800000002,0.036800319000000005,0.13768385040000003,-0.28167982999999996
336,-0.47880463120000005,-0.40159008199999996,-0.35999104400000004,-0.41908893,-0.3989525624
337,-0.577636462,-0.7102128839999999,0.032373035999999966,-0.611995518,-0.375831252
338,-0.10471301640000004,-0.17360295399999998,0.136204,-0.39643242600000006,0.081506334
339,0.42906869,0.05377227600000001,0.539674694,0.022551387999999995,0.08120629199999999
340,0.232620496,-0.3767879572,0.531377422,-0.36789544799999996,-0.1236859392
341,-0.29958130799999994,-0.388930172,-0.30112459999999996,-0.168281208,-0.41860135639999996
342,0.24101235280000002,0.06246380799999997,0.01669628636,-0.360536277,0.02850958800000001
343,0.46556529399999996,0.4476072240000001,0.513468492,0.380000974,0.08716462
344,-0.39032452400000006,0.085510142,-0.267247732,-0.33339340920000005,-0.151109306
345,0.48222333200000006,0.5375144799999999,0.535612974,-0.005453680000000005,0.333751854
346,0.15613408,0.06967831399999999,0.334461978,0.031163720000000006,0.07435353200000003
347,-0.09502294200000001,-0.030172158800000005,-0.172441342,-0.43866140200000003,-0.48654154599999994
348,-0.0019506403999999921,-0.09585115460000004,-0.09881478400000002,-0.180990901,-0.24027168039999997
349,-0.44203829399999994,-0.2887773,-1.043734742,-0.16468450599999998,-0.565985236
350,-0.808154596,-1.25231522,-0.5512813879999999,0.15554984879999997,-0.3885477852
351,0.018363750799999988,0.02829997900000003,0.283300302,-0.1349870406,-0.227736332
352,0.37777183400000003,0.6947494799999999,0.10216915600000002,0.535170858,0.659387628
353,-0.5544001919999999,-0.40527468200000005,-0.4273523600000001,-0.23162476399999998,-0.42732974200000007
354,0.13681587199999998,-0.08961914999999995,0.0003761900000000096,0.3554823527,0.537729148
355,-0.12458617400000001,-0.41394120599999995,-0.4509752328,0.03297944599999998,-0.3183261092
356,0.374391428,0.25587699480000003,0.3768927056,0.579940344,0.24815570199999998
357,0.42725010999999996,0.45194363592000003,0.4529474188,-0.14029918800000002,0.169979698
358,0.176087674,0.078987534,-0.0496625204,-0.08128894000000002,0.041691046
359,-0.415956061,-0.26755576680000004,0.31229999799999997,-0.116322272,-0.1683648278
360,0.338312993,-0.19898982399999998,-0.241308138,-0.10471780600000002,-0.161725218
361,0.46461336,0.384977546,0.524275087,0.16348378999999996,0.41482801
362,0.15790180400000003,0.027648322000000038,0.344798612,0.0914971552,0.27530098000000003
363,0.7018760900000001,0.08190545799999997,0.558403632,0.07873055400000002,0.23550101423999997
364,0.145907042,0.047047002000000025,-0.10740767799999998,-0.17959758960000002,0.16337242400000002
365,0.23064265839999995,0.05911879800000001,-0.054855852,0.376676182,-0.03359320000000003
366,-0.621657472,-0.5011494464,-0.6285251512000001,0.0469438712,-0.244499532
367,0.3264431648,0.1883047206,0.06439556,0.19721741599999998,-0.1527275636
368,-0.445064026,-0.3514896516,-0.14288296000000003,-0.3622351688,-0.405848108
369,0.20279324399999998,0.270970442,0.8188647142000001,-0.10419527400000002,0.43410361999999997
370,0.20490204399999995,0.16091504419999997,0.3499441998,-0.067908909,0.2225332414
371,0.10687864600000001,0.32347766599999994,-0.08389886399999999,0.029712615999999987,-0.252079954
372,0.245238612,-0.3330346146,0.10954792200000003,-0.009958385399999981,0.203046866
373,-0.501765354,-0.01220298600000005,-0.6051480272,-0.527198012,-0.707677804
374,-0.7514919339999999,-0.6186042900000001,-0.296557332,-0.349195714,-0.306760192
375,0.365331274,0.235966458,0.32182540200000004,-0.38932156399999995,0.005073792000000044
376,-0.14311620860000002,0.17553892400000004,0.151130896,0.006986829999999999,0.178235944
377,-0.345170946,-0.11621958799999998,-0.358522042,-0.36788899799999997,-0.047968967999999994
378,-0.487654532,-0.048920384,-0.39958711,-0.31689393379999997,-0.13285683099999998
379,0.23920714800000004,0.056799792800000026,-0.221804764,0.0018547200000000208,0.37540764800000004
380,-0.45940524800000004,-0.2759990764,-0.01138110000000001,-0.17518520199999998,-0.10892690599999999
381,0.602209496,0.770750314,0.23946063200000003,0.14399572999999996,0.06833764040000001
382,0.22202906999999997,0.40733014599999995,-0.06903391400000002,1.0203932779999998,0.564307812
383,0.13695279200000002,0.42177764799999995,-0.41118467000000003,0.261933286,0.15548457799999998
384,-0.272720668,0.009660701999999998,-0.18186215,-0.182983292,0.11272495399999997
385,0.38980320139999997,0.32483220920000005,0.485969996,0.6099135880000001,0.7782453576
386,0.027409760000000016,-0.326418828,-0.362046332,-0.25144252,0.052616569999999994
387,-0.042721901999999985,0.1408902816,-0.15677769000000003,-0.07819628840000001,0.12560404076
388,-0.787738308,-0.598946212,-0.30968296399999995,0.015541818000000008,-0.3558049056
389,-0.28659881600000003,0.209821904,-0.622440115,-0.240328924,-0.374801172
390,0.6254540420000001,0.23146951000000002,0.529506498,-0.17748320799999998,0.411066632
391,0.3740403518,0.16871043400000002,0.21555668199999997,-0.425623222,-0.09739599523
392,0.4868815448,0.2675296788,0.683107742,0.35848081200000004,0.4766005092
393,0.26820997599999996,-0.497340574,-0.1182753388,-0.008742983540000027,0.021221685999999997
394,0.549565004,0.8133563199999999,0.967232478,0.75004213,0.871109146
395,-0.055259812000000005,0.0334325034,-0.24236571060000003,-0.15417298399999999,-0.39270337280000006
396,0.012514950999999996,-0.1966718416,-0.4426557059999999,-0.03243419600000001,-0.0637448488
397,-0.006336806800000016,0.329369036,0.20363325599999998,0.1714871708,0.03060093800000001
398,-0.208951718,-0.4224745260000001,-0.710146256,0.05566615399999999,-0.524299212
399,-0.179529416,0.385140118,-0.16240403,0.302195327,0.34736340080000006
400,0.235610863,0.019654380400000025,-0.002962790399999982,0.4786483722,0.06963855159999999
401,0.20015234509199997,0.26841773999999996,0.0634048288,-0.06134011399999999,0.10439535640000001
402,0.12063566560000001,0.562272872,0.26728822,0.32120021339999993,0.37496838000000005
403,0.4132243054,0.549021966,0.905887156,0.04057319999999999,0.07397195599999998
404,-0.259840882,0.051260840859999976,-0.26007610200000003,0.088903542,0.235199924
405,0.2552963346,0.1361778918,0.24176682000000005,-0.030511922799999997,0.062922424
406,0.20425949599999998,0.7542810426,0.17509504399999995,-0.19604754959999998,0.10500009399999999
407,0.37028973499999995,0.28512645360000005,0.3268207636,-0.301956966,0.049443834
408,0.41766879799999995,0.479596284,0.2667967382,-0.10860277100000001,-0.150128654
409,-0.030089663999999995,0.031133321999999984,0.49133001600000004,-0.031922153999999994,-0.155152558
410,-0.013082873999999977,0.141353528,0.731283176,-0.23385616539999998,0.24557552339999997
411,0.23678795600000005,0.4397321402,0.38839223,0.014658662599999992,0.25814812800000003
412,0.614244974,0.866441816,0.646132108,0.41124542580000006,0.7713959045000001
413,-0.23920064700000002,-0.49025943000000005,-0.555016774,0.005538038000000012,-0.11976128719999998
414,-0.48610379560000005,-0.261518246,-0.305336304,-0.4693961,-0.7116757269
415,-0.26049966599999996,-0.29954142,-0.4548639876,-0.15413301799999998,-0.029649833999999986
416,0.310722184,0.522175734,0.259360244,0.15488783700000003,0.15989082599999999
417,0.538727622,0.50113611,0.25594017300000005,0.274425454,0.32420795199999997
418,-0.14423408399999998,-0.148356006,-0.06907110200000002,-0.18977622600000002,-0.2517480766
419,-0.3380488562,-0.39030197600000005,0.06381543999999999,-0.2000449424,-0.34878684800000004
420,0.6798362572000001,0.26877211259999995,0.32725360800000003,0.587615474,0.8839100419999999
421,0.32041958234,0.9084845360000001,0.171412398,0.288713936,0.232815756
422,-0.10547172999999996,-0.166140514,-0.19477816,-0.16464267749999997,0.10361777999999999
423,-0.5784687500000001,-0.5781933340000001,0.06862912200000001,-0.7849683839999999,-0.438344574
424,-0.104372392,0.129275922,-0.21719063160000002,-0.08850502666,0.006744954800000003
425,-0.36059215,-0.14429572,-0.383759542,-0.04856846600000002,-0.003913355999999979
426,-0.558117914,-0.3542078584,-0.462024922,-0.447920624,-0.429625012
427,0.028952035199999983,-0.1308660352,0.1129396302,0.3338998744,0.152638696
428,-0.16267308480000003,-0.276620484,-0.49078433599999993,0.13051392,-0.22460897086
429,-0.40627930599999995,-0.43148256000000007,-0.43438010800000004,0.04418846480000001,-0.058465408399999995
430,-0.06195428600000001,-0.5199192189999999,-0.569559326,-0.063985072,-0.3815262282
431,-0.22098261199999997,0.04762752420000001,-0.573956162,-0.089279688,-0.31366190400000005
432,-1.051031358,-0.463364096,-0.4535037859999999,-0.5143246552,-0.2361726044
433,-0.462886582,-0.127622164,-0.471298356,-0.5107683108,-0.37150055000000004
434,-0.19159299999999999,0.04861185399999999,0.2995123326,-0.22605092799999998,-0.1949754512
435,0.502153568,0.5631794903999999,0.2997338342,0.48190130480000004,0.4393887899999999
436,-0.428011136,-0.7562277980000001,-0.08258961999999996,0.086947778,-0.20941215400000002
437,-0.23734861699999996,-0.259330664,-0.45977525799999996,-0.3363704192,0.05851609200000002
438,-0.9448826479999999,-0.491019922,-0.118774282,-0.561564482,-0.341966744
439,0.2143118462,-0.2011228606,0.473070826,0.10331760400000001,-0.31754100399999996
440,-0.36208768999999996,-0.241224675,-0.37644604800000003,-0.413056836,-0.36873084800000006
441,-0.028897351999999987,0.052320769999999996,-0.32358269799999995,0.02207462200000001,-0.133442564
442,0.23990225199999998,-0.593846168,0.079199198,-0.033077284000000026,-0.6401172361999999
443,-0.023749782000000042,-0.37582597599999995,0.03984776331999999,-0.218791432,-0.13187886519999997
444,0.398444024,0.5209078899999999,0.369644038,0.44972652020000004,0.48286744600000003
445,-0.498731126,-0.539176118,0.03163143599999998,-0.18359367799999998,0.041322457999999986
446,-0.228980842,-0.22709121599999998,-0.338451018,0.04683848,-0.401432358
447,0.92183818,0.813585264,1.46907447,0.42185312399999997,1.017893312
448,0.236332004,0.29924404400000004,-0.18504074799999998,0.4162099588,-0.037503818
449,-0.25738194600000003,0.014834793800000013,-0.330587876,-0.067940476,0.159101668
450,0.573083528,0.36466458599999996,1.006462688,0.283867216,0.46968834400000004
451,0.347770872,0.14168878799999995,-0.12454006479999999,0.4416117394,0.29411874400000004
452,-0.265768038,0.09099399199999998,-0.5412582286000001,-0.088977288,-0.439403358
453,-0.11258222000000002,0.38290741920000004,-0.21280052599999996,0.008256428000000015,0.11895589200000001
454,0.04629416236000002,-0.326322337,-0.6407301320000001,-0.146599308,-0.5445721204
455,-0.170846600392,0.14755429500000003,0.23410444319999996,-0.158930436,-0.017158006000000014
456,0.167252846,0.24106118899999998,0.10658719320000001,0.309957752,0.544623406
457,-0.06767648000000001,0.1266881054,0.47424918599999993,0.018487053999999985,0.46010095
458,0.574038552,-0.23992117300000002,0.291301116,0.028307741999999997,-0.0799558462
459,0.06162598800000001,-0.185924942,0.09668157400000002,-0.26432544,-0.07303453199999999
460,-0.33886066,-0.260300874,-0.10800515399999999,-0.008086176000000011,-0.34221518396
461,0.4924555420000001,0.16158031415000004,0.663791288,0.3808303599999999,0.5587063328
462,-0.25896474044,-0.23106137000000002,-0.222994168,-0.270438702,-0.37047408600000004
463,-0.19456148,0.1968548,-0.3127083766,-0.23897052140000002,-0.20945009799999997
464,1.158876346,0.9537584459999999,0.504408316,0.9569376540000001,0.5702242234
465,0.294884194,0.703437974,0.628380262,0.31866378100000003,0.4462846596
466,-0.38848138740000004,-0.307221968,-0.04040489399999999,-0.023614599999999996,-0.198183601
467,1.1454046039999999,0.9455465239999998,0.559922036,0.5526863082,0.867307944
468,0.02822107700000003,-0.4435714839999999,-0.377629262,-0.09884649999999998,-0.4734906984
469,0.044203116,0.013263221999999963,0.07404222799999997,-0.358173006,-0.192000314
470,-0.2633886412,0.02588392800000001,0.045494776,-0.2152752688,-0.24773508
471,-0.39173128475999996,0.034607206,0.07910655199999997,-0.248269212,-0.3974473676
472,-0.41531063600000007,-0.525944574,0.018110106000000004,-0.15226777919999998,-0.36119442399999996
473,-0.32228303,-0.2261933256,-0.48957135538,-0.07546476580000001,-0.256750136
474,0.391794544,0.515248802,0.66268806,-0.5676596584,-0.010017495999999992
475,0.5480432954000001,-0.568067,0.385097344,0.14637546400000004,0.5247726580000001
476,-0.0681262252,-0.18352073600000002,-0.43995863,-0.18426777200000002,-0.364846454
477,-0.295155454,-0.04367438580000001,-0.4089677599999999,-0.36646484399999996,-0.6067886532
478,-0.20268259400000002,0.171761078,0.31507000199999996,0.049364874,-0.07542586599999997
479,0.25002694000000003,-0.26849814,-0.105260328,0.1229124608,0.052212726
480,0.35849588599999993,0.149667498,0.21772789,-0.09623233300000002,0.376159583
481,0.8693774554000001,0.61876989,1.3564063100000001,0.06822822999999999,0.25255983
482,0.25139763400000004,0.2083959354,0.61727196,0.32399839799999997,0.6378464239999999
483,-0.304380456,-0.5151933559999999,-0.5708348374,-0.086479356,-0.42122957440000003
484,-0.665366378,-0.20144700199999996,-0.276785764,-0.29438534,-0.366308602
485,-0.15725550273999997,0.04059664,-0.09687540160000001,0.111833398,0.06601996600000001
486,0.19121929800000004,0.561917039,0.368904128,0.13040274899999998,0.3872393544
487,-0.43717970720000005,-0.22672736600000004,-0.7895028660000001,-0.48908397,-0.46187111999999997
488,0.20771953460000003,-0.10521396200000002,0.17633218120000002,0.3053809828,0.16225086800000002
489,-0.02031854150000002,-0.021489252000000007,-0.736888762,0.326851872,-0.44787104
490,-1.1945351118,-0.657902666,-0.322701138,-0.745367956,-0.576279076
491,0.805200771,0.747037682,0.6697109259999999,0.597118604,0.8899663927999999
492,-0.31288525600000006,-0.242093818,-0.17879043,-0.09027258399999998,-0.34525541400000004
493,0.09507601400000003,0.009408059999999985,-0.336296952,-0.6634861439999999,-0.427782326
494,0.20530078999999998,0.45697455800000003,0.540178834,0.09664517199999996,0.587179508
495,0.19016581999999999,0.430414886,0.155611888,0.03199776075999998,-0.025632053999999994
496,-0.7209350128,-0.2895760088,-1.057871064,-0.342666143,-0.6949645
497,-0.341646712,0.3303544492,0.104526486,-0.11044464599999995,-0.10234378200000001
498,0.02697093600000002,-0.06523198800000002,-0.31899649399999996,-0.22242020599999995,-0.159735496
499,-0.3361803,-0.21966195439999997,-0.56275018,-0.8906307740000001,-0.17348048
500,-0.496191754,-0.12781871520000002,-0.175438034,-0.23702833100000004,-0.42649106559999994
501,-0.48699928000000003,-0.65977536,-0.99115038,-0.644904906,-0.6387351800000001
502,-0.08593516000000001,-0.41974364,0.09267769199999995,-0.252346272,-0.18834149399999997
503,0.337881502,0.0003441000000000027,-0.610343602,0.33940997119999994,-0.006082458000000024
504,-0.01175854000000002,0.1412972088,0.004103295999999994,0.011428308000000009,0.13912884220000002
505,0.309733764,-0.22156887200000003,0.250462749,0.7614172939999999,0.517167214
506,0.176027315,0.29078717559999995,0.33491279399999996,0.23346695219999997,0.7652253059999999
507,0.40018293099999996,-0.12102901799999999,-0.04354125,0.2463250644,0.062963492
508,0.334784722,-0.14547907200000001,-0.118041328,-0.2448669432,0.021796430000000012
509,0.7983686999999999,0.9859827560000001,1.247819472,0.374077708,1.14590953
510,-0.14502213599999997,-0.025955540199999995,0.028537449999999985,-0.10240270999999997,-0.501960604
511,0.15817666300000002,0.09722398999999997,-0.0037580519999999783,0.310214476,0.17761589600000002
512,0.04088808848000001,0.28611632600000003,-0.152605164,0.736849506,0.5133732986
513,-0.6526304524,-0.29756855200000004,-0.5626965439999999,-0.7179153580000001,-0.808646832
514,-0.755120848,-0.665861854,-0.653487288,-0.75480096,-0.33755584199999994
515,0.04758164100000001,0.028776292000000002,0.348418396,0.195870528,0.0631511384
516,-0.9476266680600001,-1.452313514,-1.0925406880000001,-1.023086688,-1.0063751
517,-0.7935008800000001,-0.390806658,-0.091694915,-0.09120823400000001,-0.24530013
518,-0.47900215399999996,-0.221195042,-0.5597067334,-0.637341036,-0.564748978
519,-0.3542306272,-0.6179935320000001,-0.0031726639999999943,0.03908104080000001,0.065249784
520,0.1840521,0.11683280600000001,0.024533551740000003,-0.0008437753000000048,0.011929436999999998
521,-0.501069916,-0.503045336,-0.4867621,0.06048760320000002,-0.152323366
522,0.607777118,0.23935540800000005,0.277896756,0.7129749031999999,0.583919128
523,0.48606568,0.64748685,0.48034426999999996,0.4246567536,0.42562234200000004
524,0.07073395814000001,0.06920213820000001,-0.030743871999999988,0.296282718,-0.057842078000000005
525,-0.1122083648,0.011033963400000003,-0.41504486400000007,0.024843250000000004,-0.590815986
526,0.81046808,0.547044758,0.948004968,-0.03070913000000003,0.614110036
527,0.467986916,-0.331164192,-0.124155134,0.14245390100000002,0.1751870802
528,-0.085208842,-0.648176702,-0.008697023999999994,-0.10522982599999997,-0.23142267
529,-0.43192487400000007,-0.17946292554,-0.86334544,0.285134566,-0.21996421460000004
530,0.35224574999999997,0.295269256,0.26197681399999995,0.018516219999999972,0.05686806
531,0.32213658200000006,0.5634414719999999,0.107215274,0.31671836779999996,0.07399961799999996
532,-0.003765570000000057,-0.24149470599999998,-0.173838838,0.10879126600000003,-0.08432303199999998
533,-0.03517541999999996,0.28740748000000005,-0.237441756,-0.43553368719999996,-0.04579449399999996
534,0.928798342,0.892435334,0.8913393879999999,-0.19232288714,0.6942027590000001
535,-0.240474252,0.449720102,0.0003344259999999988,-0.08354987999999999,-0.117420856
536,-0.160951742,0.26117618200000003,0.051147156000000006,0.394077108,0.181345542
537,-0.315827728,-0.2566525048,-0.54111458,0.154333018,-0.066054468
538,-0.156176476,-0.49467491199999997,-0.503369062,0.17729721399999998,-0.22808730000000002
539,-0.48650080000000007,-0.08507773199999999,-0.47258829999999996,-0.09648508192000001,-0.33058180200000004
540,0.11681223999999998,-0.21399326259999998,0.043013831200000005,-0.559577772,-0.293936438
541,0.30056127800000004,0.57304131,-0.04711601089999999,0.565964226,0.335684968
542,-0.210943426,-0.147574808,0.51105579,-0.04084774,0.17490294600000006
543,-0.659085388,-0.270069762,-0.75163362,-0.35590874400000005,-0.23849858799999998
544,-0.5124129,-0.313206766,-0.29398792,-0.453479982,-0.393690718
545,-0.50603225316,-0.1537285928,-0.2929500798,-0.009505750000000002,-0.35425402000000006
546,-0.13642579,-0.789637648,-0.53276444,-0.1977750812,-0.10396505147999999
547,-0.21628112900000002,-0.267454608,0.08441987599999998,-0.17647943380000003,-0.301745944
548,0.42430862999999996,0.148919916,0.7531135,0.357696857,0.2157622382
549,0.547102526,0.24815664500000004,0.2242219248,-0.2239505142,0.06260180934
550,-0.443366578,-0.413263816,-0.3043722946,-0.3895975176,-0.09220801960000004
551,0.27943742,-0.07379511200000002,-0.13071200022,0.56281563,0.0981466912
552,-0.4226465425,-0.38642713250000005,-0.03545600500000001,-0.07562207750000001,0.2329517935
553,0.585163876,0.6776457759000001,1.150325338,0.388951524,0.8294753499999998
554,-0.316532342,-0.07384414800000001,-0.1969665054,-0.175714152,-0.06358979280000004
555,-0.38284562199999994,-0.29023731599999997,-0.38342253400000004,-0.15108218199999998,-0.040177086799999984
556,0.4239370664,0.170525232,0.275918392,0.44596139599999995,0.358150418
557,-0.16552923200000005,-0.271366086,-0.46247187000000006,0.06808177200000001,-0.16744978400000002
558,-0.647776428,-0.31673058200000004,-0.1613396458,-0.301159992,-0.3004627506
559,0.664958912,0.5690059192,0.8207736792,0.470287672,0.5848081874
560,0.724947502,0.590915042,0.16441665319999998,0.08959160999999997,0.29601134800000006
561,-0.31986813399999997,-0.393484606,-0.41046107480000005,-0.431251736,-0.3159487868
562,0.5125103639999999,0.15192692800000002,0.23905429439999998,0.5962825552,0.1829724
563,0.25182344399999995,0.48280930200000005,0.35945962600000003,0.49411141000000003,0.379844542
564,0.24366250999999997,-0.5039384807999999,-0.02578574280000001,0.2433159592,-0.20605716860000003
565,0.6055675660000001,1.073210134,1.272918622,0.20076412000000002,0.833322388
566,-0.184174102,0.15750486880000006,0.04036027280000003,-0.20479394680000002,-0.0969746968
567,0.50538124,0.548630578,0.6271844200000001,0.2058878494,0.20429358999999997
568,0.014159019400000038,-0.20605224,-0.011097299999999954,0.36986557,0.306821352
569,0.59071143,0.9544474189999999,0.791955838,0.462633748,0.7994584579999999
570,0.5643257960000001,0.580045948,0.47666896000000003,0.8906935520000001,0.7357374962
571,-0.25901116,-0.17029751999999998,0.0971079872,-0.382485358,-0.553836946
572,0.668921654,0.5280725439999999,0.8084844959999999,0.713100603,0.665414876
573,0.16732086200000001,0.1874089788,0.15671910400000005,-0.030562755000000007,0.29610113
574,0.456363058,0.538228828,0.21011447200000002,0.2771919252,0.40752848
575,-0.15031158799999997,-0.563109782,0.3310919600000001,-0.22247644720000004,-0.283214056
576,0.24043434059999996,0.27457183,0.008895621999999982,0.33203657519999996,0.4379955422599999
577,0.23021556600000004,0.314441542,0.8964745820000001,-0.049407208,0.11587808539999997
578,-0.5337501567999999,0.06978279900000003,-0.26509948,0.13957383800000003,-0.21199849800000004
579,0.045316388,-0.12380821600000003,0.171692944,-0.03938960800000002,0.15951699
580,0.7440603830000001,0.159227474,0.11087380600000003,-0.04989461599999998,0.09039929
581,0.348958554,0.16665102199999998,0.48061552899999993,0.299958936,0.3961018599999999
582,0.697685076,0.91999768,0.12913004539999995,0.280098007,0.39387125
583,0.3554293175,0.2463149625,-0.027911604999999978,0.25116423725000003,0.19038296249999997
584,0.193148278,0.05714852800000001,0.601102668,0.20001438600000002,0.510469998
585,0.01000046400000001,0.21554879200000002,0.4298246776,-0.102575334,-0.1512158194
586,0.481885866,0.10895923200000004,0.7980769545999999,0.5148865840000001,0.5325736400000001
587,0.18335388200000002,0.41210117,0.08958554599999999,0.18040275909999998,0.4423433151999999
588,-0.17071090339999997,-0.25720369719999997,-0.310622062,-0.5067299196,-0.13237588179999998
589,-0.14968766999999997,0.06819940399999998,-0.10564328,-0.05310575399999999,0.145888692
590,0.8205589480000001,0.7417339860000001,0.31832500799999996,0.520741966,0.6283079492000001
591,0.20203487400000003,0.081079757,0.418628224,0.087324738,0.09261181
592,-0.24909142199999995,-0.11596504999999999,-0.69931392,-0.224051964,-0.37033950779999997
593,-0.5718172850000001,-0.26552106559999994,-0.6819491400000001,-0.254399478,-0.5967646
594,-0.699525396,-0.29122286,-0.6133412344,-0.261701956,-0.31170352599999995
595,-0.2563717834,-0.014221759519999988,0.0641718712,0.09166106299999999,0.20943845200000002
596,-0.11365302199999998,-0.013601777999999976,-0.5404522399999999,0.12953171300000002,-0.011117226000000003
597,1.2590252,0.999398026,0.835176712,0.904136638,1.12446842
598,0.2751476072,-0.15466450780000002,-0.019433067999999998,0.16999195,0.1645403942
599,-0.696773638,-0.8688601,-0.169285037,-0.6305688664,-0.528935636
600,-0.029423869999999974,0.041067018,-0.14008462000000002,-0.135935368,0.0069470759999999965
601,-0.17650248,-0.30400507899999996,-0.19749154800000002,0.00048576320000000007,0.13272292199999997
602,-0.11208317400000001,0.05569922200000001,0.033547596000000034,-0.129199636,-0.19915415200000003
603,0.340153228,0.630693682,-0.153137624,0.01955569799999999,-0.199427026
604,-0.395047324,0.131305436,-0.24864083199999998,-0.2130315446,-0.241056558
605,0.018256105599999996,0.21659739800000005,-0.250364074,-0.18537038739999998,-0.31249869999999996
606,0.557395396,0.545841902,0.47993417199999994,0.134807246,0.4608640923999999
607,0.3256648924,0.001212648599999999,0.203877948,-0.16384697200000004,0.4211394155
608,-0.7775325499999999,-0.052658038,-0.11250913999999997,0.21295976999999996,-0.03448742739999999
609,0.04770697399999999,-0.07189812000000002,-0.25907213199999996,-0.34116288000000006,0.083990816
610,0.283171274,0.25267189019999997,0.23060499920000002,0.628618184,0.579098748
611,-0.33578772199999996,-0.247031358,-0.13036717779999998,-0.3154360338,-0.42029797799999996
612,-0.15252996600000002,-0.46463496979999996,0.2798356896,-0.3019185208,0.07735776600000002
613,0.433703448,0.26266755399999997,-0.10236106999999998,0.46055072900000005,0.4264374406
614,-0.1503517466,0.10572001000000002,0.313544934,-0.1931038672,0.10118675599999997
615,-0.055555790000000015,0.560251894,-0.403753603,-0.16967279800000004,0.325815074
616,0.11403623600000001,0.157787418,-0.318603794,0.0987986332,0.13832449600000002
617,-0.21891667800000003,-0.16235561999999998,-0.5544599946,-0.07029749199999999,-0.275304232
618,0.009840000000000015,0.24793513799999997,-0.1622717448,-0.01825513000000001,0.08865299
619,0.25015973080000004,0.120118816,-0.40819143599999996,0.44972386799999997,0.16764744199999998
620,-0.512229102,-0.513918518,-0.43543604199999997,-0.6519838068,-0.64621549
621,0.2028936126,0.715729254,0.5287342852,0.194148962,0.18803381000000002
622,-0.00877882799999996,-0.357056246,-0.36605722719999995,0.417647226,-0.21682234200000003
623,0.548066536,0.6061819003,1.0007947940000002,-0.2705616134,-0.006166665999999999
624,-0.031517896000000004,-0.446734048,-0.652866546,-0.24035664799999998,-0.420418322
625,0.33446981,-0.055046331999999996,-0.034708746,-0.36434267,-0.2846602568
626,0.16743763279999996,0.118153128,0.23141214999999998,0.592434544,0.42575021
627,-0.20142662620000001,-0.473694198,-0.143280952,-0.58606153,-0.5078455439999999
628,0.635849836,0.29654748999999997,0.523477586,-0.26209531799999997,-0.06867284320000003
629,0.20624174299999995,-0.07722952800000002,-0.04758755199999998,0.16206183400000002,0.17841536539999997
630,-0.554480839,-0.135882572,-0.490950632,-0.10409000120000003,-0.2757431604
631,-0.41767417600000006,-0.32553126299999996,-0.262538132,-0.3414039248,-0.202664372
632,0.093985892,0.302421826,0.5578526859999999,0.021112104799999986,0.5501122832
633,-0.506474142,-0.26113915800000004,-0.11184472600000002,-0.048897053999999995,-0.439011414
634,0.058048532,0.12757721399999997,-0.1149858372,-0.0831606056,0.0027317400000000046
635,0.7883223494000001,0.942305602,0.718127148,0.746057708,0.47489784999999995
636,-0.640816368,-0.280999252,0.05525029399999999,-0.002558748600000005,-0.02387999199999995
637,0.037207104000000005,0.430831698,-0.045014737000000006,0.08181745199999998,0.0041601726
638,-0.26385337799999997,-0.08106809220000001,-0.0014655380000000106,0.340811706,0.451646602
639,-0.12672237000000003,-0.0878500325,0.2734169165,0.545895507,0.05084936999999998
640,0.10173195959999999,-0.2325542672,-0.05048818999999999,0.34471903288,0.199264854
641,0.35135658599999997,0.26909351200000003,0.292522802,-0.09270150399999999,0.406003898
642,0.21292804140000002,0.0910908752,0.06318915599999997,0.103521116,0.21568652000000005
643,-0.050540785,0.154808551,0.3198936108,-0.26518312491999996,0.02513423560000001
644,0.3296936626,0.18927798599999995,0.537061034,-0.20240536339999998,0.21141817118
645,-0.5391583179999999,-0.606354782,-0.21149009999999996,-0.015036423599999998,-0.08851184279999999
646,0.39132450999999996,0.4764374,0.405479316,0.47164408799999996,0.264128842
647,0.6136330099999999,0.506357348,0.440992532,0.43981194200000007,0.47074342599999996
648,0.14961182599999998,0.11934565800000001,0.025131198999999983,0.73712112708,0.39391138859999997
649,0.06037401999999999,-0.45167628039999996,-0.1470220384,0.1612486968,0.1969195994
650,-0.44884465240000004,-0.71278464,-0.2613909266,0.01961513399999999,-0.41105586800000005
651,-0.02445796000000002,0.42755559600000004,0.14264797459999998,0.0963053612,0.16086475079999998
652,-0.19891599600000004,-0.145687324,0.019249180000000043,-0.05369814100000001,-0.005119457999999977
653,-0.12893161000000003,-0.06776257599999999,0.188795535,0.175750395,0.33812938000000003
654,0.012943701999999991,-0.27275152,-0.007247824000000014,0.136605688,0.19640707
655,-0.18498879999999995,-0.40760206199999993,0.437395154,-0.25935493860000003,-0.021369881999999996
656,-0.61167406,-0.36514448,-0.29303293799999997,0.2182795496,0.015826059600000008
657,-0.114828346,-0.12493921,0.19597302060000002,0.276473416,0.3977600274
658,0.7349230339999999,0.5635336009999999,0.5061938812,0.23304890560000002,0.631041178
659,-0.03398822999999997,0.03497240859999999,0.16537367399999997,-0.401954362,-0.2430099222
660,-0.06626734999999999,-0.705808608,-0.42240699600000003,-0.37215730659999996,-0.229504478
661,-0.238081092,-0.206497416,-0.11020616200000004,-0.38776182014,-0.16269372400000007
662,-0.16457156599999995,0.04285023599999995,0.12735274000000002,-0.041624317999999993,0.114574782
663,0.5288546500000001,0.10650013200000001,0.108565,0.23729421199999998,0.226506556
664,-0.64432394,-0.5183542219999999,-0.467655388,-0.1429488514,-0.3386916076
665,-0.012057255199999983,-0.075397686,-0.292342756,0.152748932,0.17109867699999998
666,0.15335904400000003,0.257542504,0.387900878,-0.0008935807999999934,0.05600190799999991
667,-0.292432786,-0.5453432356000001,-0.690061778,0.1536840984,-0.03791749800000001
668,0.446854922,0.581520542,0.369147232,0.378080558,0.6150692660000001
669,0.064231818,-0.366134536,0.11414639100000001,0.232118164,0.29827695519999997
670,0.0815293,-0.03147967399999999,0.64383973,0.14808560639999996,0.45494886799999995
671,-0.39430664660000003,0.04035022799999997,-0.3351398352,-0.21754678200000002,-0.4566429339999999
672,-0.501155696,-0.15076395199999998,-0.25704319999999997,-0.013567787999999983,0.085519592
673,-0.7375033419999999,-0.598897437,-0.857136608,0.077304012,-0.5824818620000001
674,0.46547289999999997,0.32264704999999994,0.20623885,0.08596488760000001,-0.019823433999999994
675,0.641000654,0.568671926,1.020019588,0.0955493114,0.1780887018
676,0.641035408,0.5653333399999999,0.6564031459999999,0.633876938,0.43977472000000006
677,0.313375562,0.68770798,0.39486825400000003,0.058421146599999974,0.27433782399999995
678,0.985079142,0.44338611199999994,0.43381470800000005,0.39504658,0.292443632
679,-0.23996007799999997,-0.5207204860000001,-0.401660575,-0.37624185800000004,-0.17057474199999995
680,0.40904716199999996,0.445657254,0.746548408,0.652934224,0.5756982087999999
681,0.030071176000000015,0.04503914719999998,0.179784999,-0.13096036000000005,0.13309601800000004
682,-0.15160329399999997,0.1953967419999999,-0.45315807799999996,-0.008005244000000022,0.19470461279999998
683,0.171255595,-0.043099940000000024,0.29329487,0.1356155534,0.282757222
684,0.22019863280000002,-0.23382921080000002,-0.21345166,0.33032278646,0.23733424000000003
685,0.95573734,0.7635423100000001,0.87524397,0.189977598,0.6828177249999999
686,0.2814056506,0.4296876649,-0.032480930000000005,0.25972555799999997,-0.27598544399999997
687,0.25548527199999993,-0.15126238799999997,0.2024642459999999,0.2237621448,0.411439586
688,0.405060076,0.42780800799999996,0.19540108600000003,0.44987094,0.623373116
689,0.7998805680000001,0.8139421419999999,0.8412045280000001,0.48706755,0.810339928
690,0.265020188,-0.10849940799999999,0.270539046,0.13479823599999996,0.36454719999999996
691,-0.2838108768,-0.286503228,-0.11865530279999996,-0.165380296,-0.058626499099999986
692,0.041149853000000014,-0.15930308599999998,0.04344227799999999,0.02673157599999999,-0.054865378
693,0.8949483560000001,0.66158868,0.812988206,0.689741668,0.652432206
694,0.410773866,0.19093545799999995,0.219404016,-0.15902842400000003,0.158820726
695,-0.24571864320000003,-0.112988256,-0.44714581247999996,-0.035353312000000005,-0.217427116
696,-0.126613601425,0.3115705025,0.3147046725,-0.45939040000000003,-0.1604119075
697,0.48919550749999996,0.023952089999999995,0.3590271675,-0.16646002000000001,-0.009321207500000012
698,-0.07012094280000003,0.31824679800000005,0.13581332800000007,-0.306712268,0.02642414599999998
699,-0.013648972400000004,0.17295168199999997,0.46695978999999993,-0.23043977,0.210340786
700,0.1994648632,0.03548309799999998,-0.260504348,-0.15447175200000002,-0.061531186
701,0.12732733400000001,0.0143300932,0.350168294,-0.20375588600000008,0.11513439999999994
702,0.38214578,0.453359192,0.40539813599999996,0.389149514,0.178928172
703,0.13030345999999998,0.09475046399999999,-0.305603764,-0.328544662,0.06927078
704,-0.19868108339999999,-0.6368618928800001,-0.173210892,-0.12784666800000002,-0.23994303879999998
705,0.660536632,0.2140925148,0.6904229940000001,0.190212032,0.255140696
706,0.2575267546,0.89291521,0.135191724,-0.3701606300000001,0.16802583799999998
707,0.284285786,0.03357328799999999,-0.193386644,0.60874966,0.0068692080000000155
708,0.3101292642,0.7239535180000001,0.35971047,0.25996237800000005,0.2520656232
709,-0.19135382660000003,-0.3796968602,-0.829790384,0.25356620199999996,-0.22821226279999998
710,0.0876770288,0.2811421068,0.3058594992,0.32106013,0.102393322
711,0.14540746400000001,0.09415616,-0.14043869739999998,0.19962854059999996,-0.04782391800000001
712,-0.16432135184000002,0.10477159,0.0920261324,-0.364192802,-0.2950561314
713,-0.04125800399999997,-0.25730289200000006,-0.017744833999999998,-0.40027980080000003,-0.40426074160000003
714,0.06770316399999995,-0.025819473999999953,0.41412592000000004,0.25213616200000005,0.24874508399999992
715,0.203474975,-0.29269532200000004,0.1070004516,0.23531935600000004,0.1975365
716,-0.20987204308,-0.15719207399999996,-0.16956326786000003,0.21967330200000004,0.09251892000000003
717,0.28542983750000006,-0.019968840000000015,0.29730246750000006,0.059441652499999956,0.11898956000000002
718,0.4341679648,0.23140246599999997,0.0259033396,0.589212754,0.26435398
719,0.056238447999999976,-0.0845163706,0.194445256,0.22710722800000002,0.21225286599999998
720,0.8230518296,0.056485759999999996,-0.03075685400000001,0.199227596,0.086823813
721,0.30125319599999995,0.11866412800000001,0.17191703800000002,-0.1060667936,0.004564923999999993
722,-0.4622904968,-0.1892691648,-0.7894541700000001,-0.03203585040000001,0.05535717199999999
723,0.37164118,0.678083944,0.6520109780000001,0.663847696,0.371354516
724,0.03175096799999997,-0.006516056599999981,0.45206619000000003,0.17343133000000002,0.4103630794
725,-0.14615381,-0.016423603999999998,-0.18860688519999996,-0.16615955200000002,-0.11847854
726,-0.055680757199999986,-0.018932709999999985,-0.355048356,-0.04923550839999999,-0.4429269416
727,0.18283255599999998,-0.06273975400000001,0.344697712,0.30783563799999997,-0.196526258
728,-0.1337630444,0.213859458,-0.19605626400000004,-0.088149648,0.0033202926000000187
729,0.13504518999999998,0.041868806,0.053679344999999976,-0.20546242012000002,-0.23156645
730,0.05589544799999999,-0.132666838,-0.181067372,0.0962030004,-0.08308588459999999
731,-0.340717082,-0.07132673600000002,-0.114333626,-0.151553968,-0.07310050700000001
732,-0.08651661,-0.321229246,-0.100977724,-0.027695683199999994,-0.27557481000000006
733,0.26111696799999995,-0.2620799874,-0.17253227,-0.176690002,-0.02021148799999998
734,-0.065145418,-0.275374118,0.409840814,-0.2780570016,0.005613054000000006
735,-0.27578217,0.239324272,-0.207848158,-0.06547238139999997,0.168156496
736,-0.2371783174,-0.3469341819999999,-0.04644336600000001,-0.031138984599999996,0.329149786
737,-0.13572588200000002,0.01198015080000002,-0.11521298199999996,-0.23448600099999997,-0.3071569799999999
738,-0.758312356,-0.21289543279999998,-0.7576439180000001,-0.150380442,-0.30002485
739,0.013445713000000015,0.499468702,0.22375872599999996,-0.234112046,-0.1156959922
740,-0.42306631,0.13980599600000004,0.4204002338,0.08041458400000001,0.055590417999999996
741,-0.5600776319999999,-0.35315801579999995,-0.528668796,-0.2919161,-0.5707695018000001
742,-0.45732479000000004,-0.09087764820000001,-0.23540997,-0.39252375199999995,-0.4594497968000001
743,-0.45143694539999996,-0.234518552,-0.6672438140000001,-0.10102665,-0.163238236
744,-0.11645334199999999,-0.2678720680000001,0.032261316,0.284576122,-0.004503278000000008
745,-0.992396724,-0.673495728,-0.43730516999999997,0.030449242000000015,-0.149924896
746,0.250135878,0.404511408,0.7974931460000001,0.32451027,0.45963243600000003
747,1.34490004,0.671016574,0.167907472,0.693347094,0.49342835679999997
748,0.09913871999999999,0.19664707799999995,-0.22044770200000002,0.2255706076,-0.03769769960000001
749,-0.352970066,-0.306548262,-0.6942718595999999,-0.005113540599999988,-0.2565545474
750,-0.16222878000000002,-0.10398467,-0.2856334118,-0.329013284,-0.3895797432
751,-0.494230906,-0.632326354,-0.408708604,0.229650148,0.09830632200000003
752,-0.022102751999999982,0.016309178,0.07264093800000002,0.450549142,0.09701229400000001
753,0.06699834000000002,-0.264089664,0.06264474599999999,-0.012680623999999984,-0.09775847500000001
754,0.43872465800000005,0.11697397600000001,0.053974644799999985,-0.12182457199999999,0.18920400199999998
755,-0.453935142,-0.2170925332,-0.877550694,0.15619191999999998,-0.06282475540000002
756,0.3499068812,0.22973225840000003,0.20396840999999996,0.6706178460000001,0.41799943759999997
757,-0.13028344400000003,-0.357531968,-0.519994266,-0.201731098,-0.27765410399999996
758,0.8526228100000001,0.9505041200000001,0.898617632,0.28502428599999996,0.7980370192
759,-0.70665211,-0.535645822,-0.4027130359999999,-0.15817119000000002,-0.368843806
760,0.17609825199999996,0.29221096,0.08111147400000003,0.150356874,-0.11322938400000002
761,0.45808864,0.29281554853999997,0.16504999999999997,0.7853836264,0.367410792
762,-0.2864567264,-0.72324862,-0.030273693999999997,0.07423608399999997,-0.13723067580000003
763,-0.08545432000000001,-0.07637684,0.05252093000000002,-0.04169713534000001,-0.162267228
764,0.6391000339999999,0.44612697,0.35138944800000005,0.259451946,0.445523491
765,0.194229986,-0.127986358,0.156910138,0.250214808,-0.24450963519999996
766,-0.35604782,-0.329896788,-0.07737033719999997,-0.7684564119999999,-0.574708948
767,-1.140785218,-0.7663888520000001,-0.814152458,-0.2711196894,-0.790011406
768,-0.704830429,-0.267192704,-0.474730108,-0.7062915860000001,-0.5989477919999999
769,0.994209644,0.284909692,0.5219836339999999,0.571880054,0.47398945000000003
770,-0.484411114,-0.27058010439999997,-0.326442124,-0.14233654599999998,-0.524955148
771,-0.18445240000000002,-0.45812076999999995,-0.10555267200000003,-0.30621142560000003,-0.2545541986
772,-0.48177587400000005,-0.2272240864,-0.515914494,-0.669248744,-0.32884389599999997
773,-0.03239648221999999,-0.08449980399999998,-0.38109922100000004,0.41532197800000004,-0.1469324612
774,0.385667742,0.21543546400000002,0.38968625800000006,-0.026424040000000027,0.12824305600000002
775,-0.013323487999999984,0.3113338252,-0.06796342399999997,0.293745554,0.08995356799999998
776,-0.270210404,0.11507180000000003,-0.2337840196,0.15268247559999998,0.037647399999999956
777,0.05361466999999999,0.14433458799999999,-0.32666678200000004,0.234959528,-0.10833763599999999
778,-0.3048125284,-0.170961804,-0.45953031199999994,-0.11112904199999998,-0.2377965664
779,-0.38553622600000004,-0.6525380566,-0.3946435,0.07360364020000001,-0.5124333759999999
780,0.273349998,0.835586071,-0.23179425,0.15772929799999996,-0.08953926000000001
781,0.14503115640000003,0.1583464808,0.254241526,-0.140403392,-0.043939057999999996
782,0.736883908,0.54525398,0.5909988559999999,0.38149662566,0.49515663
783,0.13017555200000003,-0.146724248,-0.164136428,0.5374891340000001,0.22550734
784,-0.395533136,0.095308396,0.15092912260000002,-0.13477014400000004,-0.11528050640000001
785,-0.24716622200000007,0.140888224,-0.29949104559999995,0.11759676560000001,-0.20491399019999998
786,-0.0876684206,-0.42591584258,-0.29628677200000003,0.216925274,0.048438149400000005
787,0.40272485894,0.488720162,0.284158074,-0.08127496600000002,0.139900458
788,0.33293246000000004,-0.046919423999999973,0.143845828,0.5400521038,0.09449689000000001
789,-0.19573406,0.010303724000000025,0.552470296,-0.38538416499999995,-0.012628132000000037
790,0.256955669,-0.39118469699999997,0.07613542000000004,0.5371464904,-0.188799106
791,0.470647792,0.6247770349999999,0.04880775005999998,0.5272442427999999,0.424450498
792,-0.543502234,-0.22372199619999997,-0.544449944,-0.31265259,-0.531064462
793,-0.331845752,0.021558710999999998,0.08397275600000002,-0.62670196,-0.19655114199999998
794,0.7810920219999999,0.2691813740000001,0.35383420479999994,0.49631818,0.29991316
795,1.111960415,1.2553738625,1.2456308,0.8571169945,1.0395812549999999
796,-0.522210514,-0.9472502572,-0.655177052,-0.228430036,-0.722159768
797,0.41906452400000005,-0.201762816,0.172671294,0.663991952,0.5755683580000001
798,0.4800199180000001,-0.333148742,0.004615155999999987,0.3608731848,-0.09115330533999999
799,0.45046933200000006,0.696802894,0.4457069436,0.2339398744,0.4761985796
800,-0.4282341056000001,-0.297483526,0.06137288399999998,0.21807184799999998,-0.015367209999999997
801,-0.7330392480000001,-0.27712972999999996,-0.02113169800000001,0.06302247599999997,-0.06125650999999997
802,-0.165752242,0.5327088520000001,1.0687471519999998,0.1699538828,0.371450434
803,-0.617153214,-0.19186495460000003,-0.09941867800000001,-0.8725501120000001,-0.480815298
804,0.41380523999999996,0.05428753800000001,0.5525575030800001,0.46044931,0.3647495178
805,-0.6337069399999999,-0.349566528,-0.608315756,0.07972551200000003,-0.26174862
806,-0.0038219039999999984,0.24830886,-0.030647703999999987,0.148154114,0.17510378
807,0.4197828,0.48119554999999997,1.5801176399999999,0.15100598599999998,0.777757248
808,0.32792433800000004,0.07132018599999998,0.16907120800000003,0.469611592,0.15176466319999998
809,-0.568540896,-0.640430164,-0.555671172,-0.560390852,-0.8673623300000001
810,0.235465284,0.7391150160000001,0.603778802,-0.001231904000000017,0.24997730599999998
811,1.077638528,0.6209870860000001,1.3467533,0.604472523,0.9115393380000001
812,-0.21674697000000004,-0.08257521000000004,-0.29689555,-0.131923316,-0.30429924599999997
813,-0.6708012334,-0.6223339647999999,-0.2554699588,-0.21814771200000002,-0.43362221199999995
814,-0.1388134026,-0.013644688000000026,-0.44020712999999995,-0.295038898,-0.21708470200000002
815,-0.07783267999999999,-0.20386854899999998,-0.27618458500000004,0.38713972105999994,0.13398553000000002
816,0.2269628136,-0.22022600360000003,-0.19193675600000001,-0.2653684748,-0.28014843640000003
817,-0.12376154575,-0.26834900500000003,-0.4484157675,-0.31330312,-0.2582372825
818,0.3367802328,-0.0853023096,-0.0523112702,0.019765283999999994,-0.12019790600000002
819,-0.294127126,-0.293135714,-0.5386140792,0.09196808499999998,-0.33378004000000006
820,-0.5560280850000001,-0.3768768116,0.176248768,-0.4481068592,-0.384800168
821,-0.43819194800000005,0.34236973400000004,-0.111382852,-0.43679388,-0.41117250400000005
822,-0.1583421672,-0.04685761399999998,0.1652914838,-0.22081116,-0.1037503968
823,-0.33020674799999994,-0.500931994,-0.51164073,-0.545017952,-0.5679943333999999
824,0.06936337000000001,0.204576118,-0.038206556,0.486514752,0.24604977379999998
825,0.7126143468,0.6637772199999998,0.626110965,0.63533466,0.9026126839999999
826,0.8016386999999998,0.37655736,0.4828614280000002,0.79912686,0.848997812
827,-0.7039591940000001,-0.28762985399999996,-0.4258853926,-1.0158948159999999,-0.6196652699999999
828,-0.29998704,-0.700444304,-0.5944838939999999,-0.0463790226,-0.38870422000000004
829,0.506262262,-0.20735399399999999,0.35282548399999997,0.14353479,0.191603626
830,0.47798330799999994,0.641372982,0.38514822000000004,0.20338176800000002,0.36697731599999994
831,0.39293270399999997,0.868737516,0.261177632,0.5301255460000001,0.24904633
832,0.49270308720000006,-0.12805159700000002,-0.15150215439999998,0.370055295,0.092636458
833,0.06753893,0.06529822200000004,-0.245238134,0.34159059999999997,-0.022979707999999998
834,0.04550674400000003,-0.07691450999999998,0.023824819000000018,-0.234852004,-0.203582514
835,0.005220816600000022,0.33621059999999997,-0.011091077999999999,0.455785602,0.460322272
836,-0.343346206,0.15580908,0.09359617999999997,-0.058531212,0.113293736
837,-0.445225076,-0.36040320600000003,-0.04316301119999997,-0.5906938260000001,-0.693331332
838,-0.8068218908,-0.6497765620000001,-0.48682908280000003,-0.188868354,-0.408164252
839,-0.27760274999999995,-0.204244294,-0.3397366,-0.09193710439999998,-0.520806052
840,0.84804022,0.7034709979999999,1.0220662202,0.532843935,0.7644467782000001
841,-0.2907639292,0.0013360800000000062,0.184290758,0.202275638,-0.07388725999999997
842,-0.11795003999999998,0.24505059200000004,-0.291518588,-0.20565763,0.324033739
843,0.703527228,0.7336640489999999,0.6551864832,0.343357132,0.8583890860000001
844,-0.06800672399999999,0.58956939,-0.139906594,0.1602170796,-0.158327158
845,0.0744091288,-0.014855921200000006,0.5637539500000001,-0.15971332500000002,0.448871098
846,-0.41719508759999996,-0.297763392,-0.20623255999999998,-0.14216214659999998,-0.42003418400000003
847,0.391752824,-0.040348603999999975,0.024704382000000025,0.26472193200000005,-0.265745076
848,-0.212211418,-0.028656859999999996,-0.6395818240000001,-0.2313470532,-0.44191991799999997
849,0.010562657999999975,-0.04366018200000001,-0.19089596000000003,-0.05024618660000002,-0.012880574
850,-0.07658933000000001,0.20582138521999999,-0.008447868199999996,-0.0987771768,0.03777669148000005
851,0.534326648,0.219540028,0.10497120000000001,0.046323572000000014,0.39300190599999996
852,-0.31514830600000004,0.313713238,0.2526037444,-0.038015653999999954,-0.24495585000000003
853,0.3254581378,0.05144242320000001,0.20902327400000004,0.232795964,0.087384796
854,-0.07662764800000002,-0.005863256000000016,0.41214866499999997,0.036355959999999986,-0.137328192
855,-0.23049206800000005,-0.08237935200000002,-0.433055605,-0.335204741,0.21516786699999998
856,0.5363623618,0.32756528,1.2689436,-0.013963053000000003,0.611593524
857,-0.45785363749999997,-0.4886063475,-0.584542565,-0.07434784,-0.4687405375
858,-0.847690448,-0.8214098400000001,-0.10440136,-0.45323402799999996,-0.40159910400000004
859,-0.220262876,-0.6380305,-0.44386583,-0.1512103038,-0.602261708
860,-0.288145338,0.33792564999999997,-0.03209250120000001,-0.08032013999999998,0.21462509599999996
861,0.219342273,0.206741194,0.2934051306,0.5132285312,0.177686098
862,-0.306762992,-0.17162133799999998,0.12693790300000005,-0.28405241200000003,-0.17172884799999996
863,0.17001911,0.0031946840000000145,-0.25241851400000004,0.5017038628,0.25047337719999996
864,-0.350117646,-0.006705344000000013,-0.44135690326,-0.2764985346,-0.35194769800000003
865,-0.19812751020000002,-0.037050991999999984,-0.343471784,0.014657538000000015,-0.005461448800000004
866,-0.42318568,0.05527503400000007,0.16667596960000003,-0.388153648,-0.347700838
867,0.5458727572,0.727108356,0.443434408,-0.40724283759999996,-0.010263915999999984
868,0.42622334478,0.331934326,0.413651062,0.49085069800000003,0.16504234720000005
869,0.062889472,0.28222358659999996,0.300648996,-0.006487779999999996,0.426741884
870,-0.269136882,0.23812175400000002,0.09045688600000004,0.21905835999999995,0.019442114000000028
871,-0.431000932,-0.248514772,-0.275465354,-0.179208301,-0.289808934
872,0.08655830600000004,-0.21138486400000006,-0.19182697399999998,0.597271126,0.275158248
873,0.316611496,0.015261405999999967,0.135173182,-0.007356342199999988,-0.11977648200000002
874,-0.10852842373999998,-0.28097985799999997,0.20327511,-0.18662251200000002,-0.050232632799999996
875,0.280161196,0.39997547,-0.22517983900000002,0.314142294,0.283180704
876,0.435111502,0.7041495070000001,0.122186198,0.840801478,0.166261036
877,-0.12135664800000004,0.003983118599999983,-0.265085648,-0.07668982599999999,-0.191663104
878,0.21143024800000004,0.1985126412,0.23985720399999994,-0.15409594599999998,0.1309260618
879,-0.441143572,-0.356037182,-0.14688929579999999,-0.30122888400000003,-0.1442076978
880,-0.211410206,0.25372390000000006,0.23336328980000004,-0.3134772102,0.44952643800000003
881,0.08931025800000002,-0.11668304399999996,-0.028169139999999992,-0.05003559999999998,-0.10013221359999999
882,0.11894970200000002,-0.4338117562,-0.10801104319999999,-0.0015296227999999968,-0.09838506799999999
883,0.176755032,0.170403598,-0.2255768566,-0.09876789199999998,0.0925800212
884,0.2453387488,-0.10629456935999997,-0.03763931,0.052129925799999956,-0.058510647999999985
885,-0.5353986159999999,-0.6753304680000001,-0.42897288600000005,-0.22077010599999997,-0.386619672
886,0.37177206250000006,0.35101617374999994,-0.011329305000000012,-0.667128685,-0.3717482175
887,0.49063748799999995,0.43808081560000006,0.44539350520000004,-0.01742887999999998,0.137632026
888,-0.16223888400000003,0.130115458,0.009396119999999985,-0.017038335999999998,-0.05512051800000002
889,0.2720388996,-0.225798346,-0.3222787356,-0.16106090800000003,-0.0923601588
890,0.182931207,0.2940127322,0.816956448,0.17182964600000003,0.393978872
891,-0.58859976,-0.39335295800000003,-0.63665471416,-0.088888696,-0.22508311200000003
892,0.38228662,0.008222286000000013,0.391532132,0.44588841079999997,0.374740202
893,0.9936439399999999,0.344045916,-0.016137624000000007,0.52969147917,0.41682285199999997
894,0.6556792579999999,-0.015043540199999993,0.32340714200000004,0.223085926,0.419424956
895,-0.493902454,-0.178359182,-0.9601645754,0.4033263464,-0.18110506199999998
896,-0.11869244600000002,-0.010320856000000012,-0.155841824,0.13435774,-0.136561866
897,0.9253199206,0.693049036,0.582660516,0.0076737104,0.323852678
898,0.06880575299999998,0.7574262978,0.861892744,0.17311943000000002,0.706182452
899,-0.6300977839999999,-0.36054027800000005,-0.37325277720000005,-0.13821898,-0.133312532
900,-0.07662833599999999,0.29841262999999996,0.174278926,-0.23010087119999997,0.03502287540000002
901,0.31761286199999994,0.457484412,0.24294788399999998,0.5526223894,0.29192682200000003
902,0.270077518,-0.225122,0.03361368759999998,-0.02726179000000003,0.29620175559999995
903,0.5440818796,0.46801995080000003,0.730665812,0.41182463,0.46178379999999997
904,0.158252468,0.38226248799999996,-0.03793267400000002,0.14418127,-0.0026514799999999726
905,0.02974889879999998,-0.025220529999999998,-0.22114020399999998,0.23664625,0.373873789
906,0.0969472572,0.816035944,0.365141756,-0.049428525999999987,0.47959230799999997
907,-0.809010028,-0.48679345000000007,-0.669878464,-0.593227076,-0.5409749152
908,0.475490876,0.18306489812399998,-0.14811539999999998,-0.2275607088,-0.019422513400000008
909,0.2007079912,0.11184685999999999,0.3740767558,0.2746453248,0.15671288
910,0.355077216,0.16584684999999996,0.010649995999999962,0.151765304,0.2187871218
911,-0.02568261000000003,0.14810652800000002,0.4036798439999999,0.16114049199999997,-0.035731206
912,0.7295590839999999,0.45236571799999997,1.058311702,0.510452904,0.917392626
913,0.7807265859999999,0.26919439800000006,-0.05553333399999999,0.011772824799999993,-0.022366459999999977
914,-0.06061614,-0.254203686,-0.1055623668,-0.383298686,-0.140083934
915,0.10152045999999997,-0.09048324320000004,0.24394605499999997,0.02848651,-0.131815182
916,0.46478444999999996,0.1000266018,0.293228601,0.14049049,0.21288839399999998
917,0.50785386,0.31846261400000003,0.43006977539999997,0.666475516,0.353976992
918,0.320909282,-0.120528924,-0.19170991720000002,0.6666872506,0.1475695192
919,0.43854631,0.013736643999999998,0.66545238,0.162959024,0.267039799
920,-0.4047337636,-0.601264252,-0.11197850200000001,-0.06135679599999999,-0.058675966999999996
921,-0.09379117920000002,0.23198539999999995,-0.3605321608,-0.133958242,-0.3796868506
922,0.2964378688,0.0783535268,0.276879486,0.39274529199999997,0.02337888600000001
923,0.08730275900000001,-0.174446194,0.15421472199999997,-0.0830688518,0.17930162
924,-0.29933339800000003,0.25548234280000004,-0.0611485858,-0.18790509,-0.235340148
925,0.39185865,0.46659722600000003,0.241390306,0.12082484799999997,0.41395065
926,0.14716971600000003,0.5051000966,0.06376610120000002,0.06363488400000002,-0.02728215799999999
927,-0.032868644400000015,-0.12938099000000003,-0.14117367799999997,-0.15670894600000002,-0.3750519388
928,0.2243699514,-0.147273262,0.299761534,0.031418740000000014,0.03959776600000002
929,0.4475046524,0.127091898,0.0043366739999999735,-0.07469868799999999,-0.16210852080000002
930,-0.32541604114,-0.342346342,-0.33748473600000006,-0.04205424999999998,-0.09607240200000003
931,-0.9007562800000001,-0.768927268,-0.4753145792,-0.44686193,-0.626997684
932,-0.20268761399999996,-0.20122612799999998,-0.45252118,0.0795407928,0.02904495999999999
933,-0.18323031600000003,-0.511283128,0.09197220282,-0.12050818200000002,-0.131748775
934,-0.048589289000000035,-0.0566658728,-0.272858516,-0.471893124,-0.08933502019999998
935,0.0021884580000000042,0.09764151399999998,0.4860138239999999,-0.36754737200000004,0.0066832299999999845
936,0.3143956934,0.16371159999999998,0.460910598,0.032094228000000016,0.16416783740000002
937,-0.6212211,0.25682126400000005,0.10572363200000001,-0.194473546,-0.232879054
938,0.24530692780000002,0.01892114600000001,0.19259901799999998,0.35330333399999997,0.282647982
939,-0.38898137000000005,-0.025062762000000016,-0.43902180929999995,-0.200388763,-0.375502762
940,0.134300194,-0.2784140164,0.6629398419999999,-0.257413502,0.11668307564000002
941,0.33756058297,-0.04363800600000003,0.421444932,-0.26525179600000004,0.46545199200000004
942,-0.3685809266,-0.920602856,-0.16355095,-0.5348401508,-0.311271064
943,-0.30746848,-0.4586699812,-0.138526392,-0.3159736552,-0.319473846
944,-0.11774060080000001,0.23259379,0.259118514,0.142792384,0.18774480400000002
945,0.103961634,-0.008845405999999995,0.033977960000000015,-0.21106321,-0.3433022308
946,-0.270071648,-0.11496713079999998,0.083890194,-0.09413013179999999,0.002958997799999996
947,-0.306825858,-0.13627866000000002,0.331467012,-0.13774394620000002,-0.163172006
948,0.058372872480000025,-0.01753273639999999,0.194230134,0.210862492,0.01915167
949,-0.092637606,0.11934110440000001,0.3148102954,0.17680704479999998,0.0037084516000000177
950,-0.13718559200000002,-0.19180307600000002,0.13530030280000002,0.22148769399999998,0.31963272200000004
951,0.10822377381599999,0.487541974,0.5133417199999999,-0.13533307599999997,0.059272012000000006
952,0.80237888,1.081528726,0.664783722,0.878525496,1.049152716
953,-0.02609136559999998,0.48095401120000003,0.13573644999999998,0.1990006524,0.41053491
954,0.29524543599999997,0.50242462,-0.5376958134000001,0.4522633252,0.06556609579999999
955,0.35160986800000005,0.221585612,0.11473421280000004,0.264253682,0.548147978
956,0.687496934,0.845694728,0.46385953532,0.46823465400000003,0.49973983000000005
957,0.94008662,0.3362681,0.563654438,0.34918585599999996,0.21328982999999999
958,0.47157402800000003,0.23828841399999998,0.023029192799999997,0.63145742,0.10152038920000002
959,0.355898658,0.22436980999999995,-0.008924079999999978,0.323887232,0.051991811999999984
960,-0.3787707252,-0.08047305600000002,-0.340351441,-0.23529833800000005,-0.12258993200000001
961,-0.425082933,-0.25563990246,-0.481842214,-0.385540508,-0.525829455
962,0.138954146,0.20043334399999999,0.272208038,0.30213457800000004,0.33724619980000003
963,0.35696475520000004,-0.013282156000000012,0.161471562,0.346564346,-0.001275823999999992
964,-0.08553053000000001,0.21376155659999996,-0.342448012,0.2484268288,-0.263535858
965,-0.057208742000000014,-0.03205503339999999,0.01576299600000004,-0.18857255740000003,-0.23645198
966,-0.064922742,-0.394742704,-0.381419638,0.07932126399999997,-0.22208856800000004
967,0.9024160125,0.6257074701,0.08308100350000001,0.48972146000000005,0.554874525
968,-0.37970034999999996,-0.16401868286,-0.59961854,-0.44989103540000003,-0.44634555899999995
969,0.6924605460000001,0.543623506,1.049420548,0.29735739800000005,0.4826573194
970,-0.204396804,-0.002476332800000003,0.0021943460000000024,0.16942046,-0.013851934
971,0.009878617999999983,-0.08129993259999999,0.177407404,-0.05372194,0.11636865599999999
972,-0.07870708039999999,-0.03527734999999997,-0.2740346676,0.07363815339999999,-0.010807395999999986
973,-0.821210754,-0.754643474,-0.658324872,-0.24399469059999998,-0.3785667636
974,0.1281759568,0.05879126999999999,-0.24661710399999998,-0.005702075999999989,-0.10247833199999998
975,0.33188237260000003,0.452350238,-0.1682902908,0.5131102566,0.36929976
976,0.21231957479999997,0.07846743199999999,0.23455934400000006,-0.180540638,0.09783576600000002
977,0.41365266399999995,0.3917379444,0.55341592,0.36894041599999994,0.43306598304
978,-0.674925628,0.112006996,-0.14994018999999997,0.08763313940000002,0.15930686800000002
979,0.2786651342,0.130508378,0.16281473100000002,0.03256150199999998,0.05127040199999999
980,0.628450693,0.22127854539999997,0.469927912,0.645974818,0.523831986
981,0.164277332,0.18391227780000002,-0.22268168599999996,0.403247094,0.154095792
982,0.16207589272000003,-0.3989557908,0.47065906999999996,0.09602701599999999,0.32393458
983,0.45199071999999996,-0.03377492000000002,0.012048374000000011,0.380204638,0.082674592
984,0.3059244538,0.0852227766,0.246891664,0.07172169999999999,0.1401454812
985,0.5488514612,0.471021598,0.788190298,0.523414364,0.702007156
986,-0.31312036,0.122365168,0.704924724,-0.33228409799999997,-0.3825912348
987,0.7077801,0.431992724,0.607777566,0.589922806,0.88108057
988,-0.22028779520000003,-0.07561971399999998,-0.144639574,0.008605803000000023,-0.453201662
989,-0.026505416000000004,0.20424525,-0.19467461340000006,-0.118354602,-0.014237188999999975
990,-0.36073350800000004,-0.194359018,-0.12064714459999996,-0.169288958,-0.257251874
991,0.03196788659999994,0.508705198,0.41568522799999996,0.47261643,0.07436934700000002
992,0.36168377100000004,0.179486058,0.08655493520000002,-0.07105872239999998,-0.1640153376
993,-0.300311048,-0.6787580494,-0.512446512,-0.42833320399999997,-0.1570790366
994,-0.41775436,-0.6216094772,-0.525911846,-0.369744934,-0.48794544
995,0.03973007400000002,-0.45421014,-0.08759152399999999,-0.16869615,0.046177188000000015
996,-0.040656856800000016,0.36329104259999995,0.356501854,0.40160852599999997,0.16921098739999998
997,-0.1418672,0.468287152,-0.06328089,0.097000454,-0.012160768599999993
998,-0.9636652768000001,-1.155549144,-0.848319508,-0.7026409140000001,-1.025720172
999,0.40705938140000003,0.3727396952,0.47689135920000003,0.06637616199999999,0.591248308
1000,0.43015737,-0.17618653292000003,-0.009971736000000009,0.21328874120000002,0.279842566
