item_id,1589,20843,28401,36578,37634,40041,48417,51563,55174,57747,63602,75517,87564,98066,104324,115727,121602,153159,157694,161078
1.0,0.1568563530842463,-0.7185619672139486,-0.03454710294802984,1.7562446196873982,2.7100757360458374,-1.3854103883107503,0.7161176999409994,-0.6836057106653849,-1.0049072057008743,-3.286892612775167,-0.1118797908226649,2.1563481291135154,0.8985955317815145,0.08228617906570435,0.03673736254374186,-0.6526104807853699,-0.07705237964789073,-0.3534101645151774,-1.0125345488389332,-1.173159380753835
2.0,-0.6035440365473429,-0.6091007341941198,-0.3297249476114909,0.08094288905461629,0.6926401456197103,-0.10072479645411174,-0.27591268842418987,-0.8841529885927836,0.35184578597545624,-6.985843181610107,0.17065046230951944,3.249187390009562,0.24053351829449335,-0.010168711344401041,0.3719875266154607,-0.3130791385968526,-0.05948041876157125,-0.1908443570137024,0.3066111256678899,-0.17675296465555826
3.0,0.21842623750368753,-0.2905253966649373,-0.55995774269104,0.35454823076725006,-2.3298182487487793,0.16463381672898927,0.09127919872601827,-0.10851845145225525,-0.7130739986896515,1.0349144736925762,-0.24722015857696533,-0.724753220876058,0.6685240132113298,-0.07567962010701497,1.2540984551111858,-0.016384815176328022,0.09677266826232274,-0.9913760821024576,0.20615267070631185,-0.2223790486653646
4.0,-0.4405357638994853,-1.2905184030532837,0.9600630601247152,0.2059580385684967,0.6410495042800903,-0.0739458401997884,-0.07238396008809407,-1.687509834766388,-0.31345116595427197,-11.447731971740723,-0.12247512737909953,2.573704481124878,-0.1674356460571289,-0.13584661483764648,-0.8839839299519857,-0.46239111572504044,0.13475434482097626,-0.2491006056467692,-0.585925022761027,-0.230882927775383
5.0,-0.17119967937469482,0.09741147359212239,-2.8597026666005454,0.058259705702463783,3.8186591466267905,0.30594705790281296,-0.7813698848088583,0.02120057741800944,0.11715034767985344,-10.524715264638266,-0.20215454945961633,4.220419406890869,1.1159474154313405,-0.40827565391858417,-0.7692815065383911,-0.21397065122922262,0.5677627523740133,-0.39425700157880783,-0.1405660112698873,0.16792557636896768
6.0,-0.05557892223199209,0.1007140576839447,1.2045516620079677,-0.33760590354601544,-2.1848570505777993,-1.1557056903839111,-0.20513503750165304,0.13936559359232584,0.9218441148598989,-1.4314136505126953,0.09677639603614807,-4.750627954800923,-0.04274125893910726,0.055236088732878365,1.1232848167419434,0.03983593980471293,-0.24293756484985352,0.014640082915623983,-1.4459411303202312,-0.609019915262858
7.0,-0.22511800130208334,1.424106518427531,0.09043018519878387,0.7225003441174825,4.113418976465861,0.1050546516974767,0.7941484351952871,1.71688179175059,0.6160199145476023,9.565809587637583,0.5553537756204605,1.5596126914024353,-0.20974516868591309,0.8317609628041586,1.3880940874417622,0.15837830305099487,-0.12277685602506001,0.28551676869392395,-1.389346718788147,0.34124497572580975
8.0,-1.2119972382982571,-0.22161499659220377,-0.8806176582972208,0.06597594420115153,-1.2769131859143574,1.2692498763402302,0.058072263995806374,-0.5082760949929556,0.4871709694465001,-1.6851687828699748,-1.2230672240257263,0.0516812801361084,-0.3411540786425273,-0.5616263449192047,-0.9560952186584473,0.35252658526102704,0.6939460833867391,0.9016938805580139,0.1682270665963491,1.4758246739705403
9.0,-0.47466907401879627,0.4320131142934163,0.0604391743739446,0.4359747606019179,2.1476629773775735,-1.1255495647589366,0.6101514622569084,0.7753493736187617,-1.227454384167989,-3.4005077679951987,-0.7601571952303251,-1.7436512311299641,-1.0599301656087239,-1.2061174909273784,1.7870210309823353,-1.5960696538289387,-0.2990545978148778,-1.1779273947079976,0.3993402620156606,-1.0471889575322468
10.0,-1.0551946361859639,0.8933648777504762,-0.33181782563527423,0.22526183351874352,1.5089264114697774,0.271991491317749,0.4365943769613902,1.1217350314060848,-0.8384094585975012,-0.47131943702697754,0.08022433519363403,-1.4780689080556233,-0.3604008952776591,0.1930195391178131,0.10395539303620656,-1.3711543480555217,-0.7071956992149353,-0.18206673115491867,-0.059753273924191795,0.30421202381451923
11.0,-0.8720093568166097,-0.16257721682389578,-0.9934777418772379,0.6212465763092041,-2.4547322591145835,0.7791406859954199,-0.2583646277586619,-0.2760380953550339,0.21744646628697714,2.5786927541097007,0.004969985534747441,2.2318286995093026,0.4881378213564555,-0.04561323424180349,2.123581846555074,-0.7136095960934957,1.5361122886339824,-0.5345099171002706,0.1460898518562317,0.9430660456418991
12.0,0.8488881886005402,-0.43609072764714557,0.15990648667017618,0.966558039188385,0.5863810380299886,0.41919124126434326,-0.9219970107078552,-0.5034648577372233,1.4046380321184795,3.5844757159550986,1.326803982257843,-0.5704201062520345,-0.5014123121897379,1.2597894569238026,1.4156413276990254,-0.45103652278582257,0.4669929842154185,0.15917985141277313,-0.7914414405822754,0.34347136815388996
13.0,-0.48432989915211994,-0.6248480826616287,-1.057244082291921,0.2237753669420878,0.9627891977628072,-0.37567845980326336,-0.18276278177897134,-0.6016589601834615,-0.08077981571356456,0.2850848038991292,-0.6591018016139666,-1.0622945030530293,0.19666322072347006,-0.5467642446358999,-0.9820060531298319,-0.5062492291132609,0.07381314039230347,0.09468858440717061,0.5475619236628214,-0.5078041752179464
14.0,-0.664716641108195,-0.1546350121498108,-0.15089205900828043,0.5132899284362793,2.6936087608337402,-1.7950954834620159,0.05919814109802246,-0.09042375286420186,0.27427399158477783,-6.864205837249756,-0.12264504532019298,-3.339257458845774,-0.2653350830078125,-0.17539393405119577,1.1723682880401611,-0.25816720724105835,0.03281311939160029,0.016024716198444366,-0.5545024424791336,-1.56291260321935
15.0,-0.4860647916793823,-0.5173867791891098,-0.7748234470685323,0.33594514926274616,1.892460584640503,0.16399599115053812,1.152088721593221,-0.4066016773382823,-1.1669556895891826,14.375065883000692,-1.4781299953659375,0.3779212236404419,-1.167337675889333,-1.3004730343818665,1.3892515351374943,-0.27161665136615437,-0.34689548549552757,-0.3021055559317271,-0.34472209215164185,0.2610716223716736
16.0,0.7659887075424194,-0.5098927021026611,1.0769612789154053,0.46170957076052827,0.7772502899169922,1.0764216389507055,-1.5747338930765789,-0.8554099798202515,0.6795916656653086,-0.15357879797617593,0.7897675136725107,2.3160213828086853,-0.3425736129283905,0.706831139822801,-0.4128604978322983,0.38034149383505184,-0.5723393261432648,0.9702195624510447,0.6358082393805186,0.8550544728835424
17.0,0.1674286276102066,-0.29776467631260556,-0.37766172488530475,0.31523652871449787,-3.3562393387158713,-0.2694275180498759,0.791848878065745,-0.09047442674636841,-0.21889487902323404,-0.8245431582132975,-1.1429886221885681,-1.0655716955661774,0.00018958747386932373,-1.2633515000343323,0.7127983371416727,-0.5057271520296732,0.10797333717346191,-0.4113838126262029,0.1738015649219354,-0.5181531757116318
18.0,-0.14918371538321176,-0.18797790010770163,-0.46426939964294434,0.07260835294922192,-3.8013354937235513,-0.1991038719813029,0.7163597246011099,-0.25498099128405255,0.1766779919465383,-7.869991302490234,0.02532583475112915,-1.5740371545155842,0.9828676780064901,0.03910824656486511,1.5023264288902283,0.28971104820569354,0.12968419988950095,0.04427932699521383,-0.3046291321516037,-0.11855482558409373
19.0,0.5179796020189921,-0.1877413590749105,1.4393504858016968,0.8744240005811056,-1.0623736381530762,-0.10614415009816487,0.4756533006827037,-0.33464940388997394,-0.6235542222857475,1.031415303548177,0.4044247791171074,-0.9731403191884359,-0.7728887492169937,0.5354142698148886,0.6654066244761149,-0.3281538486480713,0.10400865972042084,-0.47071870664755505,-0.13953126470247904,-0.12681174278259277
20.0,-0.8916668891906738,-0.6201894283294678,-1.5058490832646687,-0.10577699542045593,-0.12461693088213603,-0.943394939104716,-1.1065413455168407,-0.6485258738199869,0.41938098271687824,-1.1624840100606282,1.5038916803896427,-2.478209137916565,-0.47737017273902893,1.349316693842411,1.5533278460303943,0.10546454538901646,-0.4690563678741455,-0.5962631503740946,-0.42720996340115863,-0.24176772435506186
21.0,0.018447319666544598,-0.41987274835507077,-1.3557280078530312,-0.31171440581480664,-3.9916821916898093,-1.1477877895037334,0.3639177481333415,-0.35056597491105396,-0.615197961529096,0.3072371482849121,0.23403008778889975,-2.104785909255346,0.511429895957311,0.31446999311447144,0.6429276863733927,-1.0190530469020207,0.3178887764612834,-1.0017282366752625,0.1805285463730494,-1.4880143006642659
22.0,0.36539506912231445,0.012234606469670931,-0.9630515575408936,0.21202556292215982,-0.3479859034220378,-1.4274469216664631,0.632656400402387,0.13408991197745004,-0.414558211962382,-3.358084042867025,-0.9702850580215454,-1.5578384399414062,0.48270448048909503,-1.096119652191798,-0.42160768310228985,-0.4842001299063365,0.036148260037104286,-0.1661680812637011,-0.6864081422487894,-1.3931154608726501
23.0,-0.41375840703646344,-1.0033082614342372,0.5039458274841309,0.6286218265692393,-1.9417708317438762,0.5501369585593542,-0.6691190401713053,-1.1646072790026665,-0.004105220238367717,2.7237571080525718,0.16970022519429526,1.7462316552797954,-0.1864021196961403,0.32471301158269245,0.48738348484039307,0.5465459451079369,0.630484382311503,-0.7443723380565643,0.4618789901336034,0.9930458863576254
24.0,-0.043093870083491005,-1.0587524274984996,-1.1208825608094533,0.542743980884552,4.48671825726827,0.6372429380814234,-0.3379944289724032,-0.9664873282114664,-0.042608062426249184,11.725391387939453,-0.3372526168823242,-1.785761336485545,-0.27090419332186383,0.11352445681889851,1.2163445154825847,0.37504684428373974,0.11943158507347107,-0.27424975236256915,0.23591762781143188,1.3331907590230305
25.0,0.08031760652860005,-0.2137908786535263,0.11166489124298096,0.10721061875422795,2.2817940711975098,-0.23300286134084067,0.4056970775127411,-0.08385519186655681,0.6147671937942505,2.080140789349874,0.942135418454806,2.9132101635138192,0.38280479113260907,1.0193949341773987,0.9515656928221384,-0.19915276393294334,-0.5231290658315023,-0.6518466249108315,-0.10553169002135594,-0.2746251126130422
26.0,-0.6367964198191961,-1.6933845281600952,-0.6377108097076416,0.4726826523741086,1.9394485851128895,0.13308877249558768,-0.06686704605817795,-1.7940799991289775,-0.4791528085867564,-1.0963228543599446,0.8169741084178289,-3.864485194285711,-0.4156925678253174,0.8143723507722219,0.8420555194218954,0.09806755185127258,0.6055818994839987,-1.138223687807719,0.06778831283251445,0.383797287940979
27.0,-0.09454612930615743,0.8238720297813416,0.6214126162230968,0.5824927439292272,0.7725412249565125,-0.22912892699241638,-0.7374678750832876,0.9956753452618917,0.6549675265947977,-0.32617048422495526,-0.38331817587216693,-0.15065717697143555,-0.28602902094523114,-0.15077734490235647,2.2240869601567588,-0.3180177907148997,0.6331643462181091,-0.7998760044574738,-0.5516633739074072,-0.524652011692524
28.0,1.245574990908305,1.0494668980439503,1.362070272366206,0.6421802540620168,-1.5462412436803181,-0.3180570627252261,0.08914685994386673,0.9553583860397339,-0.19943486154079437,-0.705073873202006,-0.10919815301895142,-0.37380274136861164,-1.0316491921742756,-0.22528891265392303,1.215985322992007,-0.48394836982091266,-0.14180258909861246,-0.30986754099527997,0.212198277314504,0.018899249533812206
29.0,0.10609510540962219,-0.6603339612483978,0.7497078875700632,0.5252523683011532,-1.9620805482069652,-0.15569248795509338,0.23836541175842285,-0.7719000528256098,-0.9806422591209412,4.032599250475566,0.37762364745140076,-1.7935946583747864,-1.1820826431115468,0.013035036623477936,-0.6242006520430247,-0.39041832089424133,0.05231292049090067,-0.022577231129010517,-0.27227644125620526,-0.039943188428878784
30.0,-0.06834064424037933,-0.06235277156035105,-0.060571094353993736,0.7469005286693573,3.34957355260849,0.7208117842674255,-0.15055827299753824,0.15300855040550232,-0.9086774786313375,2.708171308040619,-0.25799402097860974,0.572803278764089,-0.08689466118812561,-0.05058467388153076,-1.279696320494016,-0.5789039929707845,-0.018146246671676636,-0.5749296347300211,0.40478209654490155,0.5950533151626587
31.0,1.0166297852993011,-0.1434815227985382,0.17092853784561157,-0.2818041940530141,1.7415486176808674,0.13249099254608154,0.038317630688349404,-0.3702207108338674,0.2312858353058497,-3.607799450556437,0.9832598268985748,2.2991002400716147,-0.20663108428319296,1.0209845552841823,-0.9107924302419027,0.5147224167982737,0.261751264333725,-0.025081422179937363,-0.1867692470550537,0.04430931309858958
32.0,0.3690669337908427,-0.2205755909283956,1.4850190877914429,0.6121968527634939,-4.467964847882588,-1.0440998375415802,-1.0473776658376057,-0.3318920284509659,0.762898176908493,-12.76974105834961,2.225256363550822,0.8067222833633423,-1.3023781155546506,1.823094184199969,-0.20937026540438333,0.9334647258122762,0.27013082305590314,0.8701315025488535,-0.7310761163632075,-0.8885634144147238
33.0,-0.18541703621546426,-0.1466603676478068,0.724701315164566,0.7902619242668152,3.858919938405355,-0.06676685810089111,0.1406182994445165,-0.4681277858714263,-0.5235480666160583,-1.220736801624298,0.3391377379496892,-0.6699253569046656,-1.3043533166249592,0.532895823319753,1.1785670320192974,0.3406981925169627,-0.4049520095189412,0.07844553391138713,-0.698990652958552,0.07162001729011536
34.0,-0.3539004400372505,-0.9089780350526174,1.1436255772908528,0.6142929295698801,0.7673037846883138,0.11330076058705647,0.26310237621267635,-1.0599308560291927,0.1437989423672358,2.4701877435048423,0.4584365983804067,-0.27149446805318195,0.4415732721487681,0.5102157890796661,0.0060204267501831055,0.41579318046569824,0.5574991802374522,-0.2855522433916728,-0.779653271039327,0.16626832882563272
35.0,-0.30936092138290405,-1.5008289416631062,-0.6743489901224772,0.7406647801399231,0.15336493651072183,0.24267320334911346,-0.3515016237894694,-1.714855432510376,0.9157764514287313,-5.6126570502916975,0.13002951939900717,-1.9486392339070637,-0.7104043215513229,0.19367025792598724,0.9353300929069519,0.5245994826157888,0.9562180638313293,-0.4876035079360008,0.36460629602273303,0.4454253911972046
36.0,0.8821330318848292,-1.4808353185653687,0.0729137659072876,-1.000274082024892,-0.03642133871714274,0.9171455899874369,-0.46860577911138535,-1.5229507287343342,0.9250901093085607,-2.6702064871788025,-1.100154995918274,0.4717741012573242,2.145914355913798,-0.4622597595055898,0.261634886264801,1.2321899036566417,0.14580794175465903,-0.16268788278102875,0.5820437669754028,0.863358348608017
37.0,-0.6094021995862325,-0.8264445265134176,-1.5095121065775554,1.2052355607350667,1.3566623330116272,-0.25093109905719757,-0.08752054969469707,-1.1861830353736877,-0.9986434380213419,3.955773194630941,0.0867537260055542,0.7894444564978281,-1.8864966332912445,0.7022601962089539,0.5466042657693228,-0.43244272470474243,0.34836294253667194,-0.2592635254065196,-0.6898206373055776,-0.06012129783630371
38.0,0.0015668471654256184,-2.7361226876576743,1.3604159255822499,0.20428860932588577,-2.1162046690781913,-0.2321029156446457,-0.19511977831522623,-3.0314664443333945,0.8896982967853546,-4.819630225499471,-0.922704299290975,-4.242162903149922,-1.0301384329795837,-0.9305486083030701,1.8067241112391155,0.5106365780035654,0.2714513639609019,0.49131246904532117,-0.8258766531944275,0.305611456433932
39.0,0.21633070707321167,0.9469618946313858,0.10993027687072754,0.20653740564982095,-2.035061856110891,-0.8994284073511759,0.6412252386411031,0.95557518551747,0.7918670177459717,2.46202286084493,-0.06951852639516194,-0.753258228302002,-0.4816974401473999,0.1438377300898234,0.8072445392608643,0.07417164246241252,0.1828632950782776,0.6889411608378092,-1.666777749856313,-1.1927283108234406
40.0,0.4285380244255066,-0.8133672475814819,0.0947946310043335,1.0393157800038655,0.926434338092804,-1.310241421063741,0.3518376549084981,-0.7519657015800476,0.2361240784327189,8.733296712239584,-0.6715200742085775,2.248010367155075,-1.3251660863558452,-0.5790105561415354,-1.327401836713155,-0.8546244502067566,0.1584001804391543,0.09424060086409251,-0.26550323019425076,-1.417327880859375
41.0,0.6162665883700053,-0.18383469308416048,-1.4139143228530884,0.5168343981107076,-0.3689533273379008,0.7101523280143738,0.8423587878545126,-0.23200251658757529,-0.8149473071098328,-5.280226389567058,-0.4316052794456482,-2.136590321858724,0.3968946139017741,-0.7265852888425192,0.9945355256398519,-0.29370687405268353,0.2492335637410482,-0.5214445441961288,-0.01701211929321289,0.5384377141793569
42.0,0.34084076186021167,-1.33476855357488,-1.8320360382397969,1.0398181875546773,0.42541901270548504,1.509928286075592,-0.5316101511319479,-1.7381800015767415,0.13999658823013306,1.9682612419128418,-2.282386302947998,-2.1689500212669373,-0.22504794597625732,-1.9683292905489604,0.3489731550216675,0.36804383993148804,0.23955821494261423,-0.4247782031695048,-0.12468921144803365,1.3254674474398296
43.0,0.020668978492418926,-0.09485201040903728,0.9295710424582163,0.18311493719617525,1.104260762532552,0.045007944107055664,0.11509031554063161,-0.2094751646121343,0.8632344802220663,5.258946657180786,-0.11278675496578217,-1.6343454917271931,0.6189467310905457,-0.3291272123654683,0.5587867995103201,0.4613602856794993,-0.056894381841023765,0.18334577480951944,-0.20992900927861533,-0.17166374127070108
44.0,1.268501083056132,-0.46117671330769855,-0.22266260782877603,0.006318122148513794,-4.281369527180989,0.5731829678018888,-0.4540838648875554,-0.554367184638977,-0.7632413233319918,8.109305063883463,-0.3197265217701594,-0.08575717608133952,0.9115152259667715,-0.5439530909061432,-0.07760248084863026,0.7218818018833796,0.40279556810855865,-0.3763809601465861,-0.15051069731513658,1.5562219619750977
45.0,-0.26758338510990143,-0.6336899076898893,0.7470541000366211,0.6927195688088735,-1.0261961619059246,-0.19141005973021188,-0.040326317151387535,-0.7109466294447581,0.06256270408630371,-3.7320343653361,0.16421079635620117,-2.871233820915222,-0.3996246779958407,0.037752350171407066,1.4273687824606895,-1.7774358193079631,1.0756921867529552,-0.8180489738782247,-0.12861243014534315,-0.9400856494903564
46.0,-0.23520264277855554,0.39216479659080505,0.008583019177118937,0.5315702805916468,-3.2096699476242065,-0.062318568428357445,0.5617984300479293,0.3694516345858574,0.20534963409105936,-0.15791010856628418,0.9685109853744507,0.2045383850733439,-0.8434790968894958,0.9075504144032797,0.23500941321253777,0.20927361647288004,0.5465098222096761,0.021349042654037476,-0.940607969959577,-0.5231696168581644
47.0,0.17011216034491858,-0.36835132042566937,0.8046910663445791,0.6642449597517649,1.6801673769950867,-0.7317166825135549,-0.2542174756526947,-0.3190603256225586,-0.08199012776215871,0.039506117502848305,-0.40660983324050903,-0.7290417551994324,-1.0621594389279683,-0.3199075659116109,0.8985349039236704,0.20610900968313217,0.34149672742933035,-0.0969556172688802,-0.6644184589385986,-0.4265577495098114
48.0,1.13673797249794,-0.7624120712280273,1.9687113364537556,0.4894189735253652,-1.7709442774454753,0.2405856450398763,-0.3944093274573485,-0.8653153777122498,-1.5826882521311443,2.081138094266256,0.26605916023254395,0.3766419092814128,0.4924215575059255,-0.2134708563486735,1.4154766326149304,-1.042949120203654,-0.019879053036371868,-0.9836305578549703,0.5498851438363394,0.5478417873382568
49.0,0.19170149167378744,0.2529900272687276,-0.6890698671340942,0.5383392721414566,2.046844720840454,-0.6263043880462646,0.15946982304255167,0.4242252707481384,0.11614479124546051,-4.173033237457275,2.162145733833313,-2.194252903262774,-0.9488283395767212,1.7396974960962932,-0.34331899881362915,-0.9271881009141604,-0.25494033594926196,0.5292171239852905,-0.1825516993800799,-0.8214314952492714
50.0,-0.019733771681785583,-0.7997568299372991,0.6738235416511694,0.3928822974363963,-0.7735887368520101,-0.7578887939453125,-0.5946073333422343,-0.95949920018514,-0.3240069051583608,-6.497271219889323,-0.4990045751134555,0.13471339146296182,-0.9526684880256653,-0.21619158734877905,-0.9828222791353861,-0.5247596104939779,0.3749252458413442,-0.29463935891787213,0.6471967001756033,-0.7758448521296183
51.0,0.12261943022410075,-1.7525961796442668,0.2602940797805786,0.5648927390575409,-0.6860111951828003,0.12631440659364065,-0.5833431482315063,-2.015904446442922,0.115528404712677,-3.4147975047429404,-1.3313854932785034,-3.808586597442627,0.27781303723653156,-1.172063151995341,0.04600858688354492,0.018605709075927734,0.4290063679218292,0.617381751537323,-0.6988682150840759,-0.41317599018414813
52.0,0.7581169605255127,0.3384482065836589,0.896917720635732,0.7189970215161642,2.3044003347555795,0.5929536620775858,-0.6126060063640276,0.23431640366713205,0.11386922995249431,-5.408161083857219,1.057249923547109,1.819372534751892,0.1792390743891398,0.9309151967366537,-2.0489134391148887,-0.14055881897608438,-0.33914948503176373,-0.13149853547414145,0.7514889240264893,0.7784228523572286
53.0,0.2923271457354228,0.9717042520642281,-1.2222624222437541,0.20901440580685934,-1.3249725500742595,0.6299825658400854,0.5636002744237582,0.5304264202713966,-0.1757822185754776,4.904868443806966,1.811686674753825,-0.39188897609710693,0.5883427659670512,1.3897326787312825,1.2999996542930603,0.2713237802187602,0.9028196533521017,-0.6487825512886047,-0.7759331464767456,0.7978684107462565
54.0,-0.5832901895046234,0.21200358867645264,-0.9689519802729288,0.4194835126399994,1.8584026495615642,-0.08254420757293701,0.5832312305768331,0.062266528606414795,0.21330109238624573,-0.9394095738728842,0.054625133673350014,-5.847666263580322,-1.7764581839243572,-0.08498850464820862,0.7018641332785288,0.2737882236639659,0.12338763972123463,0.4711490869522095,0.6184971382220587,-0.05996243158976237
55.0,-0.3293307696779569,-0.5808067123095194,-0.7301469693581263,0.08946023384730022,-0.5850840409596761,-0.7734895745913187,2.0709687372048697,-0.6386161943276724,-0.7976488868395487,-11.075334866841635,-1.2743329803148906,0.6708108186721802,-0.5753347873687744,-1.1726039846738179,-1.0178685585657756,-1.0915219982465107,-1.0703104734420776,-1.0203033685684204,0.17710566520690918,-0.7728920578956604
56.0,0.32791705926259357,0.2951793074607849,0.09067002435525258,0.5684327681859335,0.33085313936074573,-0.1356497804323832,0.7713223298390707,0.34845707813898724,0.29991691435376805,3.7409631411234536,0.3235181470712026,-2.31219220161438,0.041021525859832764,0.5790206442276636,1.401847501595815,-0.06337855259577434,0.6193747719128927,-0.011059552431106567,-0.5401067373653253,-0.3056497971216838
57.0,0.5051790674527487,0.6299005250136057,0.4815855324268341,-0.09413539369901021,-0.06966531276702881,1.3123829861481984,0.2848767737547557,0.8217168947060903,-0.24160989125569662,-5.130923509597778,0.6236235896746317,5.846062660217285,1.0130502904454868,0.3111313432455063,-0.7765560944875082,0.5340103109677633,0.10481163238485654,-0.49481769402821857,-0.37972313972810906,1.6752773920694988
58.0,-0.7519786885629097,0.4030914480487506,0.6042314767837524,0.3713342323899269,-1.9118268092473347,-0.44933874408404034,-0.28105612099170685,0.36744437118371326,0.5122533241907755,-2.34002423286438,1.083386925359567,-1.4864457845687866,-0.32012919584910077,0.5731609215339025,-1.1580633918444316,-0.49700621763865155,-0.22023662428061166,0.25681159893671673,-0.7168490886688232,-0.027762820323308308
59.0,-0.6264718472957611,0.07546549042065938,-0.9295584360758463,0.9428181052207947,-5.576944549878438,-0.8972218135992686,0.43343983093897503,0.3660779645045598,-1.0638513366381328,-2.718146642049154,-1.020472784837087,0.5457698752482733,-0.20827669898668924,-0.9238026936848959,2.533964157104492,0.44216982026894885,0.2586388091246287,-2.0230886538823447,-0.1289470394452413,-0.6880465348561605
60.0,-0.6440697113672892,-1.502776066462199,-0.13049960136413574,0.163737490773201,0.24446008602778116,-0.6689281761646271,-0.7695132891337076,-1.7220909595489502,0.25904619693756104,-1.1939469973246257,1.1825502117474873,3.228785291314125,-0.8319962819417318,1.2315361897150676,0.2727159261703491,0.2225349098443985,-0.02071249485015869,0.3567994336287181,-0.9074742595354716,-0.5073479413986206
61.0,-0.2900042732556661,-0.37457017103830975,-0.5883011569579443,0.1092509925365448,-1.366171916325887,0.2312028408050537,0.3544755280017853,-0.027735302845637005,-1.2500149806340535,4.024563471476237,-0.11804725602269173,-0.9186567266782125,0.9986914992332458,-0.3838387777407964,0.5479637309908867,-0.7745797137419382,0.2669697006543477,-0.698131596048673,0.22968383381764093,0.21052314837773642
62.0,-0.4658275643984477,0.07632574439048767,-0.19567294915517172,0.5111668333411217,-1.4392094612121582,0.23351478576660156,0.1516482929388682,0.23581242561340332,-0.14019777377446493,-6.615019957224528,0.21130964159965515,2.7617863019307456,-0.023705045382181805,0.06937793890635173,0.4640985627969106,0.02448830008506775,0.23717824618021646,-0.09003103772799174,-0.15868003169695535,0.11709741751352946
63.0,-0.6308832168579102,0.16229337453842163,0.725749691327413,0.38360870257019997,2.270374059677124,0.9794103701909384,-0.09719020128250122,0.17492125431696573,0.7143751382827759,9.069173812866211,-0.5052299102147421,1.2933961947758992,0.5087326765060425,-0.40841764211654663,0.705064078172048,0.6369612018267313,0.9211547374725342,0.3170757492383321,-0.1805230975151062,0.8952441016832987
64.0,0.12163133919239044,0.17402705550193787,-0.46223854025204975,1.1035908857981365,0.7055152654647827,-1.1659271121025085,-1.3949010372161865,0.3380761742591858,-0.8448539823293686,-10.067201296488443,0.02559782564640045,0.14917977650960287,0.508603552977244,-0.1263897716999054,0.023806681235631306,-0.2076126883427302,-0.020457970599333446,-1.0165832340717316,0.16415405770142874,-1.5942209661006927
65.0,-0.4979039008418719,-0.8221406290928522,0.7303169171015421,0.5197171767552694,-2.590276171763738,0.6459206541379293,-0.9527007738749186,-0.8346172223488489,0.11724820733070374,-4.721408446629842,-0.27315136045217514,-0.10663368304570515,-0.4763254721959432,-0.21630077560742697,-0.06744842231273651,0.16713422536849976,-0.8099121451377869,-0.7532008488972982,0.40413010617097217,0.3933325707912445
66.0,0.033782631158828735,-0.6761040290196737,0.40212376912434894,1.2954768165946007,-2.573918660481771,0.33920752505461377,0.06946229934692383,-0.8551414807637533,0.5920923153559366,4.6635080973307295,0.12994380791982016,-2.0309818387031555,-0.615661159157753,0.14831943437457085,-0.5787211855252584,-0.2936394661664963,0.23738637069861093,-0.7724145849545797,0.31812087694803876,0.709325244029363
67.0,0.3398260672887166,0.17638352513313293,-1.1947273512681325,0.6421741669376692,-0.11396384239196777,0.13036279877026877,-0.368410329023997,0.37841281791528064,-1.0413715839385986,-0.8386043111483256,0.8740330139795939,-2.1091668407122293,-1.3149030009905498,0.7812811732292175,0.5393523772557577,-0.2735489408175151,-0.8728143771489462,-0.5366724133491516,-0.19619649648666382,0.3489297529061635
68.0,0.6716012954711914,-0.7927530171970526,0.8653688679138819,0.3151109615961711,0.33278945088386536,1.3612876931826274,-1.263353665669759,-1.1686517174045246,0.3209259510040283,8.430041313171387,-1.4336567123730977,-0.7863522370656332,1.2932233810424805,-0.9877873659133911,0.5507163653771082,-0.14298569162686667,-0.15786922598878542,0.14983962972958884,0.9116292198499044,0.7709010044733683
69.0,-0.15087556838989258,-0.10164791345596313,1.996379594008128,0.23453549047311148,-3.289594272772471,-0.10087193051973979,-0.8184956113497416,-0.16484154388308525,0.09609865148862202,5.058294137318929,0.1619847814242045,1.4181582927703857,0.22559441129366556,0.7008684078852335,-0.8417726357777914,0.3691931987802188,0.26393018166224164,0.4193225105603536,0.38829148684938747,-0.061960180600484215
70.0,0.13832099735736847,1.0374360879262288,0.23245932658513388,-0.005526284376780192,0.6531668802102407,0.7269546389579773,0.20308504501978555,1.0754578113555908,0.09807924429575603,-15.872457186381022,-0.5291479825973511,1.3025351961453755,-0.1850354274113973,-0.7676529089609782,-1.728893091281255,0.5130993028481802,-0.5292399798830351,-0.3116590455174446,-0.05085394779841105,0.36124467849731445
71.0,-0.033658549189567566,-0.3790622775753339,-0.6091944128274918,1.025276521841685,0.0383299191792806,-0.5761990249156952,-0.4827684536576271,-0.15098666151364645,0.38823528091112774,-0.17106664180755615,0.9751493533452352,3.1247348388036094,-0.16341634591420492,0.336659570535024,0.6225326259930929,0.5253352522850037,0.23555252949396768,0.38038312395413715,-1.1610273818174999,-0.6949310302734375
72.0,0.4137221152583758,-0.8258002027869225,0.43419182300567627,1.2715771198272705,4.826786359151204,1.6592134833335876,0.8822629352410635,-1.1330795387427013,0.26368749141693115,4.621833324432373,0.691318929195404,-4.35844087600708,-0.38380686442057294,0.7537647982438406,1.6449012085795403,0.3720227430264155,0.7083929479122162,-0.035624911387761436,0.404400497674942,1.662494957447052
73.0,-0.04177595178286234,-1.5803683300813038,-0.16193817059199014,1.2397212982177734,-3.007601340611776,-0.13793967167536417,-0.3674496610959371,-1.7555675506591797,-0.3149138887723287,-1.9890458583831787,-0.7751391629378,-2.3875672817230225,-0.25197967886924744,-0.6671593189239502,-0.8285820086797079,0.11085545023282369,-0.1387116735180219,-0.8700647205114365,-0.191068597137928,0.39854945490757626
74.0,0.16981766124566397,-3.1605088313420615,-0.23907963434855142,1.1032077272733052,-2.0223676363627114,0.36619160572687787,-0.5141211797793707,-3.2343765099843345,0.2718364993731181,3.0017624696095786,-0.7781372765700022,0.7169720033804575,0.5822107791900635,-0.5804432133833567,0.00843638057510058,0.4950324495633443,0.07792621850967407,0.20222572485605875,0.013055980205535889,0.7477819075187048
75.0,0.3321186701456706,-0.3886442581812541,-0.6990689883629481,0.834397479891777,2.00684817135334,-0.44618138174215954,0.894002785285314,-0.5749218960603079,0.11809111634890239,-4.73936653137207,-1.8514336347579956,-2.037135283152262,-0.29587202705442905,-2.023699402809143,0.3288128872712453,-0.2529800732930501,-0.1909682129820188,-0.3015002558628718,0.07643524557352066,-0.422354797522227
76.0,0.36527219414711,0.0977435012658437,0.09176858266194661,-0.02221230665842692,0.06225301822026571,1.1206644177436829,0.06755253424247105,-0.015446732441584269,-0.7521167695522308,4.576921274264653,-0.46882597108681995,0.9382119377454122,1.2179906765619914,-0.620472232500712,0.49474454422791797,-0.06660720705986023,1.0650168756643932,-0.6499680131673813,-0.3195253213246663,1.364319622516632
77.0,-0.5264812509218851,0.13917400439580283,-0.6799920797348022,0.4676840504010518,-1.690180778503418,0.37607507159312564,-0.24373632917801538,-0.10725565751393636,0.3627344990770022,0.5117553075154623,1.4708120822906494,0.167595108350118,-1.4317100246747334,1.0969692369302113,-0.19998387495676676,1.5644782781600952,-0.6773252189159393,0.16018259525299072,-0.21914204955101013,0.2814597388108571
78.0,0.15821264684200287,0.16117151329914728,1.0823252002398174,0.027616848548253376,-0.39077554146448773,-0.1651665469010671,-0.023468683163324993,0.1860621397693952,0.5526237040758133,-3.200981616973877,0.268108328183492,-0.5952033003171285,-0.8062725861867269,0.2565566698710124,-0.07102911671002705,0.04209609826405843,0.12370084722836812,0.37314614405234653,-0.5501951177914938,0.15955861657857895
79.0,-0.6675435105959574,0.7240100304285685,0.5063520272572836,0.13051327069600424,4.275561809539795,0.19395662968357405,1.7423466841379802,0.9420851568380991,0.6730765600999197,-4.491464932759603,-1.1288645267486572,1.1558671792348225,-1.5176184922456741,-0.991022785504659,1.1561211546262105,-0.8350825111071268,0.25256331202884513,0.7252524147431055,-0.7514946162700653,0.12850722235937914
80.0,-0.5290175676345825,0.28298519055048627,-0.954755942026774,1.1554250717163086,2.638137549161911,-0.3168458839257558,1.0305178960164387,0.35920552412668866,-0.42788244287172955,-0.03621975580851237,-0.306044081846873,-2.2537373503049216,-0.6655988494555155,-0.7993483046690623,0.16170366605122885,-0.9170694351196289,0.5325173139572144,0.3758794317642848,-0.8508788545926412,-0.3932542105515798
81.0,-0.13400830328464508,-0.1381873538096746,-1.335575540860494,0.808115541934967,2.7575976053873696,-0.2623503382007281,-0.9439373811086019,-0.2205726852019628,-0.1505689596136411,3.046335458755493,0.29226192831993103,0.6000449856122335,0.647176186243693,0.3912946383158366,-0.785928875207901,-0.3403382996718089,-0.1152181625366211,-1.068689728776614,0.49259330332279205,-0.5482726494471232
82.0,0.319821094473203,1.8477512300014496,1.170179545879364,0.25507904092470807,0.7621766328811646,-0.8531035780906677,0.8355388840039571,1.7040502627690632,-0.6303796398763856,-3.5048747857411704,0.18519431352615356,1.8972538808981578,-1.0799375275770824,0.08061401546001434,1.1245615780353546,0.23820448542634645,0.7001334627469381,-0.8837863678733507,0.09840401510397594,-1.263210266828537
83.0,-0.08694052696228027,0.34478576978047687,-0.5629573315382004,1.122538074851036,1.4494317372639973,-0.6963224709033966,-0.1022831400235494,0.3361310164133708,-0.10004353895783424,8.350154638290405,-0.3397262195746104,-2.1165772875150046,1.3891292810440063,-0.21488047142823538,1.0783138871192932,0.05302751064300537,0.8058537778755029,-0.4162844618161519,-0.3586852823694547,-0.5987386902173361
84.0,-0.5185737212498983,0.06524276733398438,-0.7056044737497965,-0.9223963816960653,-3.9669542709986367,0.22454883654912314,-0.40302864213784534,0.041462461153666176,-0.18172176678975424,-3.0653539498647056,-0.38307785987854004,-0.4416123330593109,0.04521220922470093,-0.33329840501149494,1.6429909865061443,-0.14280611276626587,0.3581486990054448,0.023900143802165985,-0.02002548674742381,-0.13508164882659912
85.0,0.3819914286335309,-0.2683903028567632,0.6518284877141317,0.7354480624198914,0.5820991198221842,0.43592870732148487,-0.1575885390241941,-0.4302712728579839,0.015050883094469706,4.8192680676778155,0.6939756373564402,-1.50732421875,0.036451528469721474,0.624155988295873,0.7614325185616811,0.3695375820000966,-0.21741515398025513,0.04810502131779989,-0.1517177845040957,0.4731215139230092
86.0,-0.7928953568140665,-0.44121318062146503,0.40032284955183667,0.27163920799891156,-1.7667322556177776,0.012068798144658407,-0.787477970123291,-0.5331443945566813,0.33689507842063904,-0.9596904516220093,0.8407785979410013,-1.902869721253713,-0.2162917951742808,1.0836200217405956,-0.43623441457748413,0.12580073873202005,0.5498854021231333,0.3548724601666133,-0.2646251122156779,0.09541618327299754
87.0,-0.12857778867085776,0.31627902388572693,-0.24269867315888405,-0.08623778820037842,-0.6501261591911316,-0.48514402906099957,0.11319220438599586,0.3394993444283803,0.6402671237786611,6.984747767448425,0.6154349247614542,1.7479172150293987,-0.7233129491408666,0.859541654586792,-0.10020089149475098,-0.10211506485939026,-0.0318601131439209,-0.8592844307422638,0.22129514316717783,-0.8124554554621378
88.0,-0.3446933925151825,0.3505319207906723,1.2391105393568675,-0.3541814982891083,1.2569899559020996,-0.3838157653808594,-0.1449245810508728,0.3328227798144023,0.8446758389472961,-0.28112586339314777,0.594163695971171,-2.6574036280314126,0.4965684215227763,0.2323604424794515,-0.16193262736002603,0.6919817725817362,0.6152038176854452,-0.024094372987747192,-1.062113881111145,-0.42603814601898193
89.0,-0.42090856035550434,0.059245665868123375,-2.7103825410207114,0.2107186739643415,0.455776850382487,0.293579563498497,-0.33937062819798786,0.016113142172495525,-0.3701218366622925,-9.6722199122111,-0.6323289076487223,1.6877768834431965,-0.23472899198532104,-0.8350487450758616,1.159745067358017,-1.5713580052057903,0.10613454505801201,-0.6284929811954498,0.2731413245201111,-0.16077061494191489
90.0,0.05137646198272705,-0.17458807428677878,-0.5954098304112753,0.4821772476037343,0.1626895268758138,-0.013486104706923166,0.9711618026097616,-0.22422279914220175,-0.44326241811116535,3.7885892391204834,-0.392493799328804,2.576122601826986,0.8630399915079275,-0.4432112475236257,-0.19504980246225992,0.31381794313589734,-0.27216439445813495,-0.1572718620300293,0.7014777710040411,0.6636590709288915
91.0,-0.6127024814486504,0.32660169154405594,0.31628896792729694,-0.16610373059908548,-5.1331361134847,-0.8266351819038391,-0.4368683857222398,0.29082730412483215,-0.14320521553357443,-8.367020924886068,0.8998227367798487,0.22655699650446573,-0.17250587542851767,0.6671818743149439,0.7840615858634313,-1.0098423560460408,0.3710946242014567,0.06555564204851787,-0.19106721878051758,-0.5662040710449219
92.0,0.40503909935553867,0.46334757407506305,-0.4275664687156677,0.5005200703938802,-1.3022023836771648,0.14484073966741562,-0.39034145573774975,0.2620024085044861,-0.17707006384929022,-2.1097888151804605,0.323985477288564,1.3591328064600627,0.5838689307371775,0.18915942311286926,-0.07934700200955074,-0.2050427496433258,0.5152593851089478,0.036368961135546364,-0.5467942853768667,0.2671467463175456
93.0,-0.6468974575400352,-1.8968845009803772,-2.0771004358927407,0.19621930116166672,-3.36904239654541,-0.8468343069156011,0.42811297873655957,-2.10189417997996,-0.7645207444826762,0.4809662501017253,-0.32934580743312836,-2.197055459022522,-0.7810176809628805,-0.05029890686273575,0.8397053529818853,-1.202730397383372,-0.061237176259358726,-1.8110093275705974,1.0290454824765523,-1.1413338283697765
94.0,-0.11096648375193278,-0.47916150093078613,0.6478424270947775,0.8272559543450674,0.856674333413442,-0.11383123199145,-0.34553997218608856,-0.7074680235236883,-0.06362716356913249,-3.661637624104818,-0.3590269535779953,-0.20318736632665,-0.4437499890724818,-0.17810351649920145,-0.10280038913091023,0.6400569279988607,0.7299441701422135,0.13687123854955038,-0.1600682040055593,-0.10786948601404826
95.0,0.9443986117839813,-0.2876247415939967,1.625617265701294,0.33072475095589954,-1.0241238673528035,-0.0566520889600118,-0.43575821320215863,-0.3283780912558238,-0.5754914184411367,-0.1253357231616974,0.1062522033850352,0.5718022286891937,0.558807815114657,-0.2202210153142611,1.0356874465942383,0.14423846049855152,0.4241051698724429,-0.901157816251119,0.024665355682373047,0.06889218091964722
96.0,-0.27601928015549976,0.9150374184052149,0.7737023333708445,0.5142952178915342,0.34912529091040295,-0.08931517601013184,-0.021422008673350017,0.9353172034025192,0.6104894056916237,-0.624961773554484,-1.4170079628626506,1.2671627600987752,-0.05577128132184347,-1.0640129645665486,0.10403694709142049,-0.3638211488723755,0.013619999090830484,0.6323124915361404,-0.4652493993441264,-0.2013550599416097
97.0,0.08665527403354645,-0.371925950050354,0.18108773231506348,-0.16718478004137674,-3.3619099458058677,0.9555280953645706,0.16568016012509665,-0.34657450517018634,0.09648257990678151,1.0790753364562988,0.1792383591334025,0.8639061152935028,-0.20712653795878092,0.08680174748102824,1.633898138999939,0.06951904296875,-0.639917403459549,0.4161040286223094,0.10732295115788777,1.0450653980175655
98.0,0.6344304879506429,-1.1396545966466267,-0.9377613067626953,-0.04157989720503489,0.6631592710812887,-0.04911571741104126,-1.2066367069880168,-1.3245383203029633,0.2684539159138997,-7.919185161590576,-0.22944788138071695,-2.4629586935043335,-0.15260683869322142,0.11203708251317342,0.6432147224744161,0.5729401012261709,-0.5682773639758428,-0.10469945271809895,-0.4405454248189926,-0.14234202603499094
99.0,0.10056869188944499,-0.9218810796737671,0.7568873763084412,0.6693946421146393,-3.8259751200675964,1.3081827064355214,-0.6629072825113932,-1.0692758162816365,1.0138136943181355,3.8776994546254477,0.8977465232213339,0.7337478001912435,1.0865608006715775,1.1395268440246582,-1.1059926251570384,1.1854736804962158,-0.3015851229429245,0.8401480416456858,-0.5469010124603907,0.9352420667807261
100.0,-0.3255617171525955,0.8246762057145437,-0.12299238642056783,0.9960231781005859,-0.4335169792175293,-0.5376501679420471,0.4295828143755595,0.5417864521344503,0.32554657260576886,-7.43009599049886,0.8722385764122009,-4.027030388514201,-0.5224472532669703,0.8290151755015055,-0.5267367859681448,-1.0795351614554722,0.21080500880877176,0.5566691185037295,-0.32466529309749603,-1.0691476861635845
101.0,0.07540505441526572,-0.570296585559845,1.6998770534992218,0.6802191436290741,-0.03148460388183594,0.5578484733899435,-0.449535071849823,-0.8057398200035095,-0.32060496012369794,6.159382939338684,-0.46203728516896564,0.10000220934549968,0.5891710215558609,-0.3434176246325175,1.8273465832074482,0.32891515890757245,-0.28756094723939896,-0.44817667702833813,-0.15366984407107034,-0.0419843519727389
102.0,0.8763267546892166,-0.10299333681662877,0.4550789992014567,0.9708500703175863,-1.186268185575803,0.7004025280475616,0.24813856184482574,0.03829634189605713,0.5474037130673727,5.402796745300293,0.14374282459417978,2.033716633915901,0.0484297884007295,0.0823581467072169,-0.10089524586995442,-0.3752519090970357,0.3787386616071065,-0.43897551236053306,-0.3089963843425115,0.9091119170188904
103.0,0.03529020150502523,-1.8238710363705952,0.06266144166390102,0.8249117086331049,-2.5872893730799356,0.0075012147426605225,-0.016037218272686005,-2.0512613654136658,-0.29126911362012226,-4.302240252494812,-0.07014982402324677,-1.1254216035207112,-0.11701786269744237,0.1603637014826139,0.1585121750831604,-0.3246018588542938,-0.15682560205459595,-0.4134867191314697,0.3274906476338704,0.12648542722066244
104.0,-0.43611852327982586,0.14984327803055444,0.5368282596270243,0.5588296751181284,2.870355804761251,-0.3422480920950572,-0.4119454820950826,0.34604030350844067,-0.3190528800090154,-6.78618319829305,0.29262174169222516,-0.5646006067593893,-0.493581290046374,0.3407759765783946,-0.6332768003145853,-0.7843546569347382,0.6568054656187693,-0.27089986205101013,-0.42859014868736267,-0.3713878393173218
105.0,-0.24341779947280884,-0.5407394667466482,-0.21601454416910806,0.4125461280345917,1.7054235140482585,-0.3805077075958252,-1.1940503517786663,-0.5174081126848856,0.268025944630305,-0.15998363494873047,-0.15503578384717306,-0.46955756346384686,-0.022217882176240284,-0.13682801524798074,2.0233447551727295,0.09106700619061787,-0.05391111969947815,0.8766000072161356,0.039180904626846313,-0.21302437782287598
106.0,0.42133471369743347,-0.5669632485757271,-0.15992208818594614,0.1737120971083641,-0.4583008289337158,0.9676862955093384,0.5176669781406721,-0.6929341157277426,-0.558549682299296,7.613723834355672,-0.10397762060165405,-3.5511926809946694,0.16010562082131705,0.005005339781443278,1.2442809343338013,0.17033468186855316,-0.4931986704468727,0.163726806640625,-0.6598094056049982,1.3560896515846252
107.0,0.21368313332398733,0.6577458331982294,-0.5175861815611521,-0.037784695625305176,-1.4963701566060383,-0.6305671532948812,0.49140621225039166,0.6388817528883616,0.45103756586710614,-3.521615187327067,0.15161683162053427,2.031512141227722,-0.1503867506980896,0.06671990950902303,-0.8621766169865926,-0.5430441995461782,-0.09757874409357707,0.016919458905855816,-0.05734669603407383,-0.4223838647206624
108.0,-0.4167419672012329,-0.6740629374980927,1.2720040008425713,-0.3234656751155853,-2.9201447715361915,-0.4840555588404338,-0.39890068769454956,-0.6121266881624857,1.1761059761047363,-2.726862112681071,-0.31136105457941693,-0.8291784425576528,0.1254916489124298,-0.23056483268737793,1.257102372745673,0.21248902877171835,-0.27931810915470123,0.2463027611374855,-0.9950241247812907,-0.33860965569814044
109.0,-0.2857993965347608,-0.1754035403331121,-1.1866130431493123,0.934723695119222,1.7543131510416667,0.0920010507106781,0.3513084451357524,-0.5886119703451792,0.40351484219233197,-5.660397211710612,0.6784837444623312,3.925213118394216,-0.6180963317553202,0.682544469833374,-0.547234296798706,-0.05373618006706238,-0.35124308864275616,-1.2737832268079121,-0.28339753424127895,0.10432079434394836
110.0,-0.22385149945815405,0.7053786516189575,0.5544435208042463,0.8265549540519714,-2.170308291912079,0.02737202246983846,1.5063448150952656,1.0337811509768169,-0.8530324995517731,-4.0958183606465655,0.7276326815287272,-0.25940563281377155,0.1816623012224833,0.3928554852803548,0.38620240489641827,-0.6438046644131342,0.7771695206562678,0.014889220396677652,0.6303239117066065,-0.2135783632596334
111.0,-0.14918412019809088,0.7081836263338724,0.31867454449335736,0.6232825368642807,1.60394287109375,0.4401906232039134,0.4755785862604777,0.7002130796511968,-0.33634551366170246,-8.63443156083425,0.2311887244383494,-5.1649017333984375,-0.6625033716360728,0.04967667659123739,1.2222231030464172,0.5503118882576624,-0.6256629228591919,-0.9597156246503195,-0.9727663596471151,0.5335939725240072
112.0,-0.18056031068166098,-1.0854012767473857,-1.550178627173106,0.5094910108794769,-1.8454911311467488,-0.09714460869630177,0.04988987743854523,-1.14168182015419,-0.4408788780371348,4.811257839202881,-0.6235582629839579,-1.3605122069517772,-0.033120294411977134,-0.27670998374621075,1.952686111132304,-0.1758927454551061,-0.2835981249809265,0.17589439948399863,0.18047801653544107,-0.1280856728553772
113.0,-1.0399142702420552,0.5183922449747721,-0.06343168020248413,0.8597536285718282,-0.4996890425682068,-0.5244818727175394,-0.012686848640441895,0.5701225598653158,-0.3840037981669108,1.4108235041300456,0.7507421101133028,-1.4962969571352005,-0.15899768471717834,0.4864157438278198,0.9654212892055511,-0.06942667315403621,0.13900800546010336,-0.7356658577919006,-1.063495526711146,-0.7113595406214396
114.0,0.12777088085810342,-2.0228468577067056,0.5803776979446411,0.44441033403078717,3.6431270241737366,0.5721482336521149,-0.48542889580130577,-2.24387264251709,0.7827451229095459,5.298430999120076,-0.015222380558649698,-4.09895936648051,0.5883417278528214,0.10654709736506145,0.4958031972249349,0.39234268634269637,0.9219462722539902,0.4624286691347758,0.7029471198717753,0.8044916639725367
115.0,-0.09434735278288524,0.486575444539388,1.345171461502711,0.3340722471475601,4.070139328638713,9.03010368347168e-05,0.60174693663915,0.777036209901174,0.03473008920749029,4.262629667917888,0.7883592148621877,-1.7956559658050537,-0.2636729379494985,0.19705494989951453,-0.3530470182498296,-0.09649746119976044,0.1537135640780131,-1.3449251850446065,-0.5273083448410034,0.11513965328534444
116.0,-0.560090367992719,-0.2645431160926819,-0.13248362143834433,-0.05901808167497317,-0.528271496295929,-0.16355119148890176,0.7066747546195984,0.08567310372988383,-0.4948209176460902,-2.755601247151693,1.007079114516576,2.1636361181735992,0.6814903020858765,1.0594546794891357,-0.9423306981722513,0.6664330065250397,0.6559085448582967,-1.5199426809946697,0.0851992021004359,0.18155616025129953
117.0,0.09766178329785664,-0.22580531736214957,0.8484795888264974,0.23787988349795341,2.4174536069234214,0.832570493221283,0.2990896701812744,-0.6250461240609487,1.0775790524979432,6.104289134343465,0.7889461716016134,1.3527189095815022,0.5875886082649231,0.8912267486254374,1.2494009335835774,0.48890430852770805,0.3785230815410614,0.6091149151325226,0.17889251311620077,0.6147852540016174
118.0,-0.594454954067866,1.0537585218747456,1.2541708747545879,0.4509987533092499,-3.0170466899871826,0.7389156321684519,0.3815152992804845,1.3629677295684814,-0.26320838928222656,0.466754953066508,0.1983837385972341,-2.070406357447306,-0.48330002029736835,-0.24210813641548157,1.8277463614940643,0.846020112435023,-0.5163421134154002,-0.04089312752087911,-0.8125471857686838,0.5866721123456955
119.0,-0.27114742000897724,-0.9550772880514463,-0.22950862844785055,0.4616161485513051,1.6692437926928203,0.023549874623616535,-0.08986587822437286,-0.8997567693392435,-0.12721006323893866,0.09824713071187337,1.0895974238713582,-2.2455790440241494,-0.5788798232873281,0.9650591015815735,-0.524936705827713,-0.032687184711297355,-0.3311619112888972,0.21299081295728683,0.3319443215926488,0.011541267236073812
120.0,-0.20687282582124075,0.23409094413121542,1.465040961901347,0.17192261417706808,0.5967053572336832,-0.5887676775455475,-1.0853144526481628,0.2981705690423648,0.4673708379268646,-0.6239323218663534,2.0219651063283286,-0.6861578822135925,-0.39465421438217163,1.453731854756673,-1.2554901440938313,0.47488976394136745,0.034344265858332314,-0.13528547684351602,-0.21428078413009644,-0.05296020209789276
121.0,0.38913228176534176,0.20798684159914652,1.239317258199056,0.2563416560490926,-0.13985010981559753,-0.1495077113310496,0.17666080594062805,0.18265805765986443,-0.6490703324476877,-3.8116180499394736,1.372537910938263,-1.7170808712641399,0.021684845288594563,1.2170261939366658,0.22413029273351034,0.06630074481169383,0.09216669450203578,-0.05387622117996216,-0.2283054987589518,-0.3076978027820587
122.0,-0.18410262962182364,-0.29303810993830365,-1.2208563387393951,1.5107817649841309,0.5985284050305685,-0.30663172403971356,1.1887243787447612,-0.6309555967648824,-1.0616919895013173,-12.604003270467123,0.5586139336228371,-1.7636531591415405,0.040410916010538735,0.2767534057299296,1.714836244781812,-0.5199595553179582,-0.25487662851810455,-0.8006085753440857,0.32594693700472516,-0.2530118425687154
123.0,-0.8602223992347717,0.7190789679686228,-0.517873207728068,0.5531814272205035,1.1547884543736775,-0.10572642087936401,-0.11683108409245808,0.8081399997075399,-0.7920124332110087,1.6292414665222168,0.27163830399513245,-1.3307635188102722,-0.13593503336111704,0.3846859931945801,1.7902391304572423,-0.021024803320566814,-0.2021626035372416,0.07055094341437022,-1.550691843032837,-0.428837130467097
124.0,0.34556827942530316,-1.456038475036621,-1.033641556898753,0.6306695938110352,-1.9186318318049114,1.3082398772239685,-0.5027947525183359,-1.5355755239725113,0.7775271733601888,-13.25106938680013,-0.6086345066626867,0.6131842931111654,0.6729503273963928,-0.4009404194851716,1.1727636009454727,-0.39271180331707,0.4709197034438451,0.28110024333000183,-0.02307418982187907,1.540612777074178
125.0,-0.08622819185256958,-0.4182158087690671,0.36005953947703045,0.5423364192247391,1.518518328666687,0.6646212736765543,-1.0293180346488953,-0.36340990165869397,-0.441437304019928,7.020446856816609,0.17521282161275545,0.36985373000303906,0.22844755152861276,0.40677331884702045,1.3045843442281086,0.43177730838457745,-0.2572280938426654,0.7842884262402853,0.3474889596303304,0.88944740096728
126.0,-0.24750769138336182,-1.1918626328309376,-0.08880897363026936,0.8479342957337698,-3.492569943269094,0.14769976337750754,-1.2003474235534668,-1.2825000484784443,-0.1322665512561798,11.267078876495361,0.12505698204040527,-2.18251903851827,-0.06423216064771016,0.4814220865567525,0.6604415103793144,0.8625739415486654,0.2219876249631246,0.35730310281117755,-0.5138175735870997,0.47302169042328995
127.0,-0.056739211082458496,-0.04184316347042719,0.6192063291867574,0.07890777786572774,-2.7631738980611167,0.6984180609385172,0.007167597611745198,-0.22330675025780997,0.747590959072113,2.8694839477539062,-0.16835214694341025,0.94993989666303,-0.35382749636967975,-0.08718850711981456,0.41638030608495075,0.7181201974550883,1.211984525124232,0.4735210860768954,-1.1815791030724843,0.9817647536595663
128.0,-0.25921980788310367,-0.6404786085089048,-0.6785983244578043,0.9818498492240906,-2.908777356147766,-0.39246051261822384,0.2827588270107905,-0.678610955675443,-1.247935136159261,-5.875234206517537,-0.41900679965813953,-2.8284836610158286,-1.1872578461964924,-0.4524984310070674,-0.887051726380984,-0.39816807707150775,-0.03391682356595993,-0.36726107199986774,-0.7317090928554535,-0.06898505489031474
129.0,-0.6020312756299973,-0.2975626314679782,-0.7680202672878901,0.2402175267537435,-1.9150004386901855,-0.18666467567284903,-0.36219532787799835,-0.3250628858804703,-0.46902822454770404,4.925270239512126,0.6373763283093771,-0.3985162576039632,0.2727629641691844,0.8107271293799082,1.2114856839179993,0.8930022269487381,-0.015289222200711569,-1.6108498175938923,-1.3638107627630234,-0.4227294325828552
130.0,0.3442362944285075,0.37820492188135785,0.32125826676686603,0.9338993032773336,1.452089548110962,-0.8524666130542755,-0.22645011295874914,0.48853588104248047,0.08821992079416911,-1.992143154144287,-0.13404613733291626,-1.8976186513900757,-0.4627562512954076,-0.03193730115890503,-0.17576929926872253,-0.3947703291972478,0.2286831078430017,0.7575395802656809,0.13283164302508035,-1.151507039864858
131.0,-0.10438251495361328,-0.6308199564615885,0.5984532336393992,0.2901238203048706,2.3633268674214682,-0.3595698873202006,-0.5082074701786041,-0.7847421169281006,1.2086514631907146,2.336592177549998,0.5274097472429276,-5.424489339192708,-1.2759135166803997,0.4219338248173396,-1.0493191679318745,0.37982092301050824,0.7376229564348856,1.5369170506795247,-0.7879378000895182,-0.37149832646052044
132.0,0.2754148344198863,-0.29293447981278103,-2.158662756284078,0.5311816533406576,-1.0753336747487385,2.0891640186309814,-1.2651894092559814,-0.43385833998521167,-0.40213998158772785,-6.0963060061136884,-1.0352617104848225,-2.1803623835245767,0.9508169591426849,-0.4584777156511943,1.6096365054448445,0.8951694269975027,0.2672029733657837,-0.06935572003324826,-0.333658608297507,2.2949694395065308
133.0,0.35531634589036304,-0.27613242467244464,0.8383495410283407,-0.16534548997879028,-3.107290744781494,-1.0768445779879887,-0.2572629153728485,-0.13344086209932962,-0.8106631934642792,6.657861391703288,0.09836719433466594,-2.932839790980021,0.38137606779734295,0.05841572086016337,1.3019261956214905,-0.18571309745311737,0.0398260069390138,-0.7652344157298406,0.05130136013031006,-1.0521028439203899
134.0,-0.28590959310531616,-1.0669471422831218,0.1904524564743042,0.8705619772275289,-1.7646271387736003,-0.3127821485201518,0.0552383561929067,-1.0899735291798909,-0.7235566849509875,-1.6125668088595073,-1.0553507208824158,1.6006855964660645,-0.7856531192859014,-1.072613788768649,0.6177848478158315,0.10701503853003184,-0.6204569836457571,-0.757062961657842,-0.6400843063990275,-0.12686804930369058
135.0,-0.005541560550530751,-0.025312264760335285,-1.0437549750010173,-0.14491447806358337,1.3086824615796406,-0.045053323109944664,-0.15030119319756827,-0.37286728620529175,0.2756984084844589,1.038171609242757,-0.6488495332499346,-1.6370264887809753,-1.8479091823101044,-0.7951035300890604,0.7251695940891901,-0.01584191620349884,-0.6117539145052433,0.4893416613340378,0.47353174537420273,0.1451858083407084
136.0,0.42237944155931473,-1.4060854415098827,0.20522655795017877,0.4611767331759135,-0.9954976638158163,0.8458797087272009,0.49397323032220203,-1.5846076756715775,0.2587491472562154,0.8387622833251953,-1.0252431531747181,-0.057471235593159996,1.8772272666295369,-0.9067687888940176,0.06680815915266673,-0.007845400522152582,-0.01088441660006841,-0.43392608563105267,0.35241471727689105,0.8195417920748392
137.0,-0.24963302413622537,-0.6671668291091919,0.469646950562795,-0.06646559139092763,-0.030204216639200848,1.3278049031893413,-0.09923802812894185,-0.9677515824635824,-0.7881913185119629,1.6943117777506511,0.8469044963518778,-1.4367923736572266,0.35448896884918213,0.5882651855548223,0.43265636761983234,0.11653526624043782,-0.09765165050824483,-0.9113380114237467,0.0683384637037913,1.1111583014329274
138.0,-0.15282885233561197,-1.6817804177602131,-0.26368265350659686,0.7794656654198965,-0.5127472281455994,1.0070083538691204,-0.07076865931351979,-1.5400027831395466,-0.11853105140229066,1.6774596373240154,-1.2360420028368633,-0.11853848894437154,-0.5114029049873352,-1.3234533071517944,-0.4864419102668762,0.1692265272140503,-0.17991610368092856,0.4103561043739319,-0.05930222074190775,1.0715642621119816
139.0,0.3791586558024089,0.5293409923712412,1.3493720491727192,0.6248275836308798,-1.4040441612402599,0.12676688035329184,-0.7023040850957235,0.619652142127355,-0.19953811665376028,-7.7464025020599365,-0.06548509001731873,1.5408145586649578,-0.05797108386953672,-0.5779273211956024,1.1509892344474792,-0.09100861350695293,0.5942135949929556,-0.15520349144935608,-0.02419746418793996,-0.2013244926929474
140.0,-0.21148467063903809,0.7474030951658884,0.5939309199651083,0.8877262622117996,-1.2032390832901,-0.49624521533648175,0.235738143324852,0.5883407791455587,0.7117934624354044,-4.430106957753499,-0.2402526487906774,1.8523817857106526,0.662005345026652,-0.23663893342018127,-0.6571396688620249,-0.038169123232364655,-0.05367842564980189,0.3788130184014638,0.047555347283681236,-0.5663649986187617
141.0,-0.913008044163386,0.25454368193944293,-0.26294352610905963,1.073690374692281,6.825376232465108,0.6881827513376871,-0.23366455733776093,0.4388888478279114,-0.4995469848314921,-2.4144182999928794,1.0859827001889546,0.18000213305155435,0.4198327859242757,0.7259831416110197,1.3294576009114583,0.3661293039719264,0.3465670297543208,-1.124286949634552,0.3270675390958786,1.2626560231049855
142.0,-0.5171961809198061,-0.19326565663019815,1.204010879000028,-0.10303726543982823,-1.080278178056081,0.6555633197228113,-0.33598461747169495,-0.2371975580851237,0.8464042941729227,7.855724016825358,0.4410400291283925,0.06819991270701091,-0.20431228975454965,-0.059874524672826133,0.88658074537913,0.5597607344388962,-0.4824609359105428,-1.0494505316019058,-0.05211005608240763,0.7579886019229889
143.0,-0.6816355263193449,0.3534913460413615,1.9237737655639648,-0.2055679758389791,-3.8666957219441733,0.3369194070498149,-1.3868331511815388,0.16347110271453857,0.6828856070836385,4.761656532684962,1.3862709601720173,-0.019728700319925945,0.24192291498184204,1.284601628780365,1.82345716158549,0.4521815876166026,1.4402567346890767,-0.4983104467391968,-0.9381804863611857,0.1142720381418864
144.0,-0.2776578615109126,-0.9399960736433665,-0.32531289259592694,-0.11345598598321278,-6.86909294128418,1.118411382039388,-0.10476229588190715,-0.9269442558288574,-0.17830024162928262,-10.044370174407959,-0.27830585837364197,-0.7363403563698133,0.19238606095314026,-0.18125881751378378,0.9079457521438599,0.0714915543794632,0.5846474940578142,-1.0167678594589233,-0.9151316831509272,1.72191325823466
145.0,-0.5115889782706896,0.15373133619626364,-0.40298933784166974,0.2739277382691701,2.0403103033701577,0.011374622583389282,-0.6310629683236281,-0.0639832466840744,0.582276980082194,0.389614741007487,0.27574293812115985,-1.9546136458714802,-0.5262985229492188,0.30599863827228546,1.1512543261051178,-0.6287140995264053,0.43017542362213135,-0.22572770714759827,-0.11636176705360413,-0.24886039892832437
146.0,0.5782243957122167,0.4423300748070081,-2.164954662322998,0.6705551631748676,0.41865070660909015,0.27694488565127057,0.6149407836298147,0.48243450621763867,-0.37152524789174396,4.74197260538737,-0.5985375344753265,0.11659095684687297,1.0709187388420105,-0.36124371488889057,2.3582683404286704,-0.3443879038095474,0.1652087171872457,-0.7990390112002691,0.8824753959973654,0.45602444807688397
147.0,-0.075356791416804,0.2047391732533773,-0.37080152829488117,0.6758607824643453,1.265885591506958,-0.08429040511449178,0.5143355329831442,0.5769208470980326,-0.3668069342772166,-0.4722685019175212,0.05755080779393514,-0.628279576698939,-0.5065329571564993,-0.13074974219004312,2.272059520085653,-0.2533809244632721,-0.5177990843852361,-0.483026959002018,0.16999336083730063,-0.12665468454360962
148.0,0.1119765837987264,-1.342108388741811,-1.3783589204152424,0.9468489487965902,-0.9639089554548264,0.734399676322937,-0.4486422936121623,-1.4294952551523845,-0.5685891707738241,1.238324522972107,-0.20533923308054605,-0.34523212909698486,-1.6194387276967366,0.0013259351253509521,0.07847249507904053,0.9028061330318451,0.3491726617018382,-0.7873052110274633,-0.8899924034873644,0.8073347806930542
149.0,-0.07772097984949748,0.2642887197434902,0.8432888959844907,0.9137480854988098,0.3493621051311493,1.2528951168060303,0.24488701423009238,0.1461890588204066,-0.6562935411930084,-4.434170126914978,-1.0942634344100952,1.973046471675237,0.39861490453282994,-1.1319154898325603,1.369224190711975,-0.09976675858100255,-0.2151955763498942,-0.6272561649481455,0.004368717471758525,0.8598131537437439
150.0,0.26383839050928753,-1.7080949544906616,0.7602386474609375,1.0469542344411213,-1.48992324868838,0.35344425837198895,-0.00948627789815267,-1.8726499279340107,-0.23236849904060364,-2.4293904304504395,-0.45918067296346027,-3.0922563870747886,-0.28758901357650757,-0.7971022923787435,0.17805755138397217,0.48020851612091064,-0.3756245623032252,0.5983541558186213,-0.2036031944056352,0.4550640732049942
151.0,0.258230522274971,-0.6493159333864847,-0.59682663778464,0.6956010162830353,-3.4471974770228067,0.7097860177357992,-0.4797065059343974,-1.02343554298083,0.5393622269233068,2.2495063145955405,1.4281236330668132,-2.1204609672228494,0.018469572067260742,1.3070419629414876,2.12614772717158,0.8933358589808146,0.45244549711545307,0.8284508685270945,0.31868720054626465,0.14766291777292886
152.0,0.6522978047529856,0.6277040640513102,-0.0888149340947469,0.7473329703013102,-3.4998758832613626,-0.6852950702110926,0.3821028272310893,0.716947595278422,0.4327140649159749,-2.7243702014287314,1.023262703170379,-1.181982437769572,-1.4343506693840027,0.8683401048183441,1.2882274985313416,-0.07519018277525902,-0.5123383005460104,0.340055247147878,-0.6717425634463629,-0.8224649230639139
153.0,-0.12572876115640005,0.6490090489387512,0.3910674601793289,0.39801831046740216,-0.05374432603518168,-0.1712948481241862,-0.748159646987915,0.8101421892642975,0.13212688763936362,1.133000373840332,-0.4478858808676402,0.691336989402771,0.1250196248292923,-0.5070459544658661,-0.044853031635284424,0.476835976044337,-0.056081016858418785,0.11726545294125874,-0.53547403216362,-0.5685426592826843
154.0,0.038940618435541786,-1.2968113422393799,-0.9707850515842438,0.8558962543805441,4.011240482330322,0.9473814864953359,0.11796149114767711,-1.3109908004601796,-0.08091600735982259,-3.312265237172445,0.7144008725881577,2.3336449464162192,0.10935698946317036,0.6761356790860494,0.8786899795134863,0.6365665681660175,-0.7350000739097595,-0.009549732009569803,0.23517170548439026,1.667717417081197
155.0,-0.1284739375114441,-0.5979248781998953,0.3476912130912145,-0.2011299803853035,-3.499018828074137,0.11457705001036327,-0.3352419137954712,-0.4479364901781082,-0.1290880044301351,4.6474995613098145,-0.7302013536294302,-2.6486247777938843,-0.804393986860911,-0.7484576205412546,1.1390247431894143,0.48317664861679077,-0.1394396871328354,-0.0026808281739552817,-0.3472883887588978,0.28179699182510376
156.0,0.22882664948701859,0.4622055763999621,-1.071997086207072,0.6793135404586792,1.9602603514989216,-0.062834066649278,0.2712155816455682,0.5751709590355555,-0.9676490227381388,0.12730868657430014,-0.3084135552247365,1.5432919065157573,1.2372084558010101,-0.08674188454945882,0.7986389957368374,-0.3472665150960286,0.7124338150024414,-0.43499742199977237,-0.19115237394968668,0.08579593400160472
157.0,-0.21346582969029745,-0.5188334683577219,-0.7370525399843851,0.24834618220726648,-2.6076728105545044,0.5443716446558634,-0.5888102650642395,-0.6449217398961385,0.930830384294192,4.631535053253174,1.4353451828161876,-0.5418945948282877,1.2492802540461223,1.6697908143202465,0.09581870834032695,0.5126748283704122,0.02701658010482788,-0.4138016601403554,-0.9182939728101095,-0.08831206957499187
158.0,-0.02870855728785197,0.662330336868763,-0.15764703849951425,0.904798686504364,-1.327376921971639,0.36653972665468854,1.4603206713994343,0.9004336992899576,0.43261342247327167,2.48054567972819,1.4595117742816608,-0.6348988513151804,0.8341218829154968,1.5167899032433827,1.0274895826975505,0.23213463028271994,0.21014649669329324,0.20306432247161865,-0.4837165946761767,0.9245808720588684
159.0,0.5101974308490753,-0.7792272369066874,-1.0148216485977173,0.35847989718119305,1.186593770980835,0.2156595985094706,0.2376011312007904,-1.1490679581960042,0.14620725313822427,6.110853672027588,-1.2206711769104004,-0.6166693369547526,-1.7131088773409526,-0.7159831523895264,-0.834708304454883,-0.5638057688872019,1.1726187070210774,0.21353655060132345,0.5161272287368774,-0.230106920003891
160.0,0.21978968381881714,-1.212993711233139,0.205742081006368,0.12231092651685078,-1.3569448788960774,-0.09270529945691426,-1.6331957578659058,-1.3513036370277405,-0.11403551946083705,6.854250470797221,0.08527607222398122,-0.3420553207397461,-0.08416704833507538,0.4086139500141144,-0.4345176542798678,0.4606926242510478,-0.2610389788945516,0.949452668428421,-0.13293832540512085,0.14642134308815002
161.0,-0.32743669549624127,-0.3865739007790883,0.12676693995793661,0.34182989597320557,0.5176906188329061,0.9426316022872925,-0.31581859787305194,-0.48070348302523297,-0.20647597312927246,-1.3721726735432942,-1.390079915523529,0.5722452402114868,0.045372327168782554,-1.2788640509049098,1.303269863128662,-0.0794965922832489,0.07675089438756307,-0.20010472337404886,0.17323514819145203,1.0166236559549968
162.0,-0.07163900136947632,1.49709253013134,0.030297776063283283,0.019084441165129345,-0.5191195408503214,-0.2981857856114705,-0.408476601044337,1.6196204622586567,0.3967644025882085,-1.079823652903239,0.7218282669782639,2.351253112157186,-0.8018820484479269,0.08571030696233113,1.3451030651728313,0.2329945663611094,1.1776184837023418,-0.0693181777993838,0.2616400569677353,0.03351364533106486
163.0,0.3906207134326299,-1.0922617713610332,-0.43654966354370117,-0.1228388249874115,-2.3777984778086343,0.9477357467015585,-0.6429870923360189,-1.0872761060794194,0.29511218269666034,-4.747620423634847,-0.8372577230135599,-3.1571017603079476,0.36371951301892597,-0.7532811562220255,1.3523567914962769,-0.514720007777214,-0.12814997136592865,0.38375434279441833,0.3725094298521678,0.5716278553009033
164.0,0.23939183354377747,0.911203404267629,-1.5002539157867432,0.5540183782577515,2.4062708218892417,0.19361244638760886,0.23147759834925333,1.029013991355896,-0.5953487058480581,-2.2318498293558755,0.19983442624409994,1.1734339793523152,-0.23791757225990295,-0.43353323141733807,0.041528875629107155,-0.6934208075205485,0.21612783273061117,-0.2819821201264858,0.0799924631913503,0.3239677945772807
165.0,0.1083432137966156,-0.2743852933247884,-0.4249805137515068,0.24179837107658386,-1.0636512438456218,-0.7072128156820933,1.066931426525116,-0.5911878744761149,0.047733316818873085,-4.597315688927968,0.3424760897954305,-3.112219055493673,-0.990127166112264,0.37218089898427326,0.2045548955599467,-0.3439955711364746,1.0540809233983357,-0.03369167695442835,-0.5778290629386902,-1.1250814894835155
166.0,-0.021868134538332622,-0.8030773202578226,0.34561015168825787,-0.4375472815396885,-0.952613373597463,0.7925078272819519,-0.25754331052303314,-0.8183483680089315,0.6255369385083517,-7.265479564666748,0.7832835341493288,-0.8907533486684164,-0.6111156990130743,0.49040666967630386,2.06609046459198,1.1757369836171467,1.704699456691742,0.20252392689387003,-0.4547172983487447,1.2058129111925762
167.0,0.8294718861579895,0.5128018458684286,1.4560017585754395,0.7987820506095886,0.5533446470896403,2.0096994837125144,0.518071045478185,0.5404394070307413,-0.22220450639724731,3.9573949178059897,-0.21559236447016397,3.753527204195658,-0.10835039615631104,-0.48611778517564136,1.9797540505727131,0.4133243262767792,0.5324328442414602,-1.210354248682658,-0.2336352268854777,2.396996021270752
168.0,0.6538382905224959,0.04431635141372681,0.21060392260551453,0.18281235545873642,0.586697538693746,-0.29149580250183743,0.3756534904241562,-0.20167730748653412,-0.8550709088643392,-1.8725682497024536,-0.26539431015650433,1.2146120468775432,-0.4284464220205943,-0.2996557801961899,0.7140163530906042,-0.13340102632840475,0.32462071627378464,-0.14537214736143747,0.07056995232899983,-0.30792850255966187
169.0,0.045053226252396904,0.05642286936442057,0.011671344439188639,0.4934230223298073,-2.727166533470154,0.03488223751386007,0.6752167592446009,-0.13215776284535727,-1.505074918270111,-5.1042689482371015,1.0635124047597249,-1.2314170201619465,-0.6249384780724844,0.7120534181594849,1.8257040977478027,-0.17989385376373926,0.8749435742696127,0.843678742647171,-0.42601463198661804,-0.17316565910975137
170.0,-0.29439345995585126,-1.146122694015503,-0.47609803080558777,0.8844770789146423,3.5826363811890283,0.13996880749861398,0.23969524105389914,-1.1779175798098247,-1.3939992984135945,7.943064212799072,-0.6454194188117981,-1.375552495320638,-0.3317040552695592,-0.15132893125216165,0.9434937437375387,-0.5593157410621643,-0.27081650992234546,-1.0775592525800068,0.06665209929148357,0.11857663343350093
171.0,0.653569703300794,1.0657735168933868,1.8809020196398099,0.533866673707962,-0.4695163667201996,0.9059735263387362,-0.678328295548757,0.8730955521265665,0.12999244530995688,-1.9732495148976643,1.3612937331199646,0.8716148336728414,0.4863918721675873,1.1004650592803955,0.8151759604612986,1.3084979852040608,-0.10622334480285645,-0.6665652891000112,-0.6347697277863821,0.6942079265912374
172.0,-0.018162349859873455,0.13019864012797674,1.2582351167996724,0.34740520268678665,-1.6311253706614177,1.4126189549763997,-0.3926062782605489,0.1394051859776179,0.1649670091768106,6.3759792645772295,1.1891959110895793,-0.901949961980184,-0.5736163631081581,0.749092827240626,1.771933913230896,0.06459481765826543,0.46967800954977673,-0.541300542652607,-0.7397666275501251,0.7830197612444559
173.0,0.0343376894791921,-1.2382644911607106,-1.1962099472681682,0.22920113801956177,1.209887293477853,-0.4062706033388774,0.019536525011062622,-1.248835523923238,0.2690589427947998,-5.417585055033366,-0.3105730017026265,0.030582904815673828,0.6811834077040354,-0.3960247337818146,-0.10975530246893565,0.2743175228436788,-0.4122048318386078,-0.4340542114029328,0.5427857041358948,-0.6570347646872202
174.0,-0.8651519020398458,-0.31592894593874615,0.2888188362121582,0.4172297927240531,1.129944642384847,-0.6524001782139143,-0.7411096890767416,-0.4356474280357361,-0.5592988903323809,-3.3727919260660806,-0.04887080192565918,0.641788641611735,-0.7386089762051901,-0.22563370068868002,1.0585270921389263,1.0298816959063213,0.7643571595350901,-0.13887309034665427,0.11049471298853557,-0.17678165435791016
175.0,0.04127727200587591,-2.123919367790222,0.32790839672088623,0.3567554752031962,-3.378577709197998,0.8618739545345306,1.3288978934288025,-2.27831768989563,0.19814222554365793,-14.032212893168131,-1.0767559011777241,2.263693888982137,0.05778687819838524,-0.7568024893601736,2.0027833779652915,0.3894847134749095,1.4695404767990112,-0.9793825546900431,-0.46960820133487385,0.7879836161931356
176.0,-0.7120591451724371,-1.4064117074012756,0.32505057255427044,0.22086655596892038,5.175010681152344,0.3357744812965393,-1.4964679876963298,-1.4927124977111816,0.8958653211593628,-4.130974769592285,0.4209134380022685,-3.8261848588784537,0.07472903529802959,0.9001133044560751,-0.5304819544156393,1.0426306923230488,0.5790304901699225,0.8019198626279831,-0.6797317663828532,0.7847457826137543
177.0,-1.137839138507843,0.0868837336699168,-0.7269655739267668,1.5128492911656697,-3.3527546326319375,0.6016349792480469,-1.0480041404565175,-0.03262442350387573,-0.1603676676750183,13.629003723462423,1.0698148608207703,0.6507327556610107,-0.7010958095391592,1.2753498355547588,1.1248760620752971,0.3346258004506429,0.4011932810147603,0.0033378476897875466,-2.0372544129689536,0.8389386336008707
178.0,-0.8942309816678365,0.6704959074656168,-0.3525473177433014,1.0092208286126454,0.025388797124226887,-0.4418816566467285,-0.29148106276988983,0.69168488184611,0.6534908413887024,-6.402980009714763,-0.6839162508646647,-0.6067262490590414,-0.5444709360599518,-0.15198242664337158,0.4518391986687978,-0.2729727774858475,0.8587782979011536,-0.23197184006373087,-0.8844429651896158,-0.8691864709059397
179.0,-0.3660174508889516,0.7103337645530701,1.821291486422221,0.9878573815027872,3.17534077167511,1.3271836439768474,-0.2552178626259168,0.7688428362210592,0.7061801552772522,0.005625724792480469,0.4112083613872528,3.1170835892359414,-1.058653434117635,0.7367449402809143,0.8083771665891012,0.64155180255572,-1.0771514177322388,0.3948761075735092,0.04309174418449402,1.3050695459047954
180.0,-0.5784104764461517,-0.8067941268285116,-0.5322348127762476,0.8400955200195312,0.8211156527201334,-0.2145932118097941,1.041085124015808,-0.6118398110071818,0.09463047981262207,-11.91645622253418,-0.1732293168703715,-4.271250605583191,-0.8193412522474924,-0.1011876364549001,1.4417426983515422,-0.5003862778345743,-0.09137715895970662,-0.342687467734019,0.13557220498720804,-0.3395087718963623
181.0,-0.33720145871241886,-0.0022777716318766275,-0.6105169504880905,0.4363190879424413,3.7573856910069785,0.18078490098317465,0.21706032752990723,-0.21182763576507568,-0.36837782462437946,-4.128044327100118,0.5339535574118296,-3.716935634613037,-0.8567490130662918,0.45938169956207275,1.2090665300687153,-0.658460776011149,-0.38334186375141144,-0.7988800803820292,-0.45163435240586597,-0.17593024174372354
182.0,-0.24538884063561758,-1.0382994413375854,-0.415274441242218,0.8821117679278055,-0.12957600752512613,-0.2881455421447754,-0.2444663147131602,-1.052623192469279,-0.15849152207374573,-5.450283845265706,0.4907846252123515,-1.3901463349660237,-0.5689414143562317,0.02756647268931071,1.4051304658253987,0.3933417797088623,0.40426105260849,0.12542764966686568,-0.29701467355092365,-0.2732054988543193
183.0,-0.22650503615538278,-0.0711514949798584,-1.5550766587257385,1.0258316397666931,0.5461958646774292,-0.3778476417064667,-0.9332374930381775,-0.2486628790696462,0.12674839546283087,-1.045026381810506,-1.0198780794938405,1.4954598049322765,-0.1765975703795751,-1.1270386675993602,2.39335044225057,-0.41686199605464935,-0.7092590952912966,-0.7609590888023376,-0.2575521320104599,-0.5139699180920919
184.0,0.4113872249921163,-1.32526699701945,-0.9311802039543787,0.7032508154710134,3.236447334289551,0.15465264519055685,0.12500016887982687,-1.5280675987402599,-0.07742083072662354,8.458935976028442,0.5418685177961985,-3.8316910664240518,-0.19689991076787314,0.49007416764895123,-0.9804310003916422,0.08220690488815308,0.2993931621313095,0.7943601508935293,-0.03293918569882711,-0.2146590749422709
185.0,-0.3455122709274292,-0.029352058966954548,-1.5123148784041405,0.31379926204681396,-4.3053343296051025,-0.6809229453404745,0.8130072305599848,-0.28595534960428876,0.12532182410359383,-3.538304011027018,0.3999970604976018,2.2327232360839844,1.164749840895335,0.09501611689726512,-0.8905529975891113,0.057772427797317505,-0.4036724766095479,-0.47482382009426755,-0.19893478353818259,-0.7567788263161978
186.0,-0.8960374693075815,-0.8688947459061941,-2.4865343968073526,1.1185194452603657,-0.8454994360605875,0.394328514734904,0.07198506593704224,-0.9781178534030914,-0.3616596112648646,4.1836079359054565,-0.556718943019708,-0.6055690248807272,-0.6774980227152506,-0.7354465425014496,-0.5042460709810257,-0.0956779271364212,0.267427330215772,-0.5285675923029581,-0.21238507827123007,0.4255228688319524
187.0,0.288625327249368,0.007327646017074585,1.152254541714986,-0.0283371905485789,-0.8961414496103922,-0.9814924597740173,-0.886677066485087,-0.14146800835927328,1.3405444622039795,-5.870335658391316,1.6762144168217976,0.5638959805170695,1.4094723463058472,1.8808772166570027,2.871821324030558,0.3609592914581299,0.42290570835272473,0.3924429217974345,0.1444547971089681,-1.1514941056569417
188.0,-0.04098933935165405,-0.019461433092753094,0.065724511941274,0.6144380023082098,1.0320934851964314,-1.0702770153681438,0.3590241273244222,0.003506739934285482,-0.4141484498977661,-7.565752665201823,0.5780455668767294,-1.1769850254058838,-0.6741121013959249,0.7472865978876749,1.2130070328712463,0.136298269033432,-0.7826792200406393,1.0971142450968425,0.060902087638775505,-1.0707380374272664
189.0,0.08854965368906657,0.09944431483745575,-0.6731204688549042,0.4544346332550049,-4.703109900156657,0.9650463660558065,0.5028863251209259,-0.05874235431353251,-0.2029616336027781,-5.605418523152669,-1.0681143353382747,2.593160390853882,0.3922800347208977,-0.8125413805246353,0.6511931618054708,0.3166847725709279,0.15099201848109564,-1.398304743071397,0.40996286024649936,1.3742961883544922
190.0,-0.32128700613975525,-0.3756871422131856,1.1120984852313995,-0.3305370199183623,0.6822221279144287,0.29896634817123413,0.8689368963241577,-0.48826034367084503,-0.32670944929122925,-2.106006463368734,-1.0437555015087128,0.19530274470647177,-1.2384200890858967,-0.9749977911512057,-0.11304597059885661,-0.14249113202095032,0.36545274158318836,-0.38425366083780926,0.30978190898895264,0.6633389095465342
191.0,-0.4003628393014272,-0.7125877141952515,-0.1191414874047041,0.5136985580126444,1.1886804302533467,-0.7257367471853892,-1.1397353013356526,-0.6734820306301117,0.1558417777220408,-2.059300184249878,0.7421869337558746,-2.107646942138672,-0.22009296218554178,0.5506218125422796,-0.22893629471460977,0.916909913221995,-0.188713068763415,-0.2644837150971095,0.21294420957565308,-0.8589629133542379
192.0,0.3487725853919983,-0.26850876212120056,-0.934010903040568,0.7060582290093104,0.6013136804103851,-0.6112700551748276,-0.44153384988506633,-0.3047764301300049,0.6363108456134796,6.252748330434163,1.1853768229484558,-1.6851516167322795,0.18152198443810144,0.919235348701477,0.6653590872883797,0.41665440797805786,0.6287474532922109,0.8155301809310913,-0.4517902508378029,-1.4505806465943654
193.0,0.40041065712769824,-0.9744305411974589,0.08503507574399312,-0.21276860435803732,-1.404014031092326,-0.44280699888865155,-0.03490902980168661,-1.132381280263265,0.340501606464386,-5.221208413441976,0.354944904645284,-1.2066054542859395,-1.0103515883286793,0.24913733204205832,-1.2258217533429463,0.32319575548171997,0.303005687892437,-0.8395751814047495,-0.22745764255523682,-0.301736056804657
194.0,-0.06561096012592316,-0.13988463083902994,0.6980385780334473,0.39762748529513675,1.2390002409617107,-0.39390591780344647,-0.15509536986549696,-0.46775635083516437,-0.07498163978258769,6.222038189570109,-0.12303003668785095,-1.223124623298645,-0.43205761661132175,-0.1469995230436325,0.00444569190343221,-0.04601548363765081,-0.06265086432298024,0.18302621444066366,0.11393373707930247,-0.4448714405298233
195.0,0.07003693530956905,0.004966259002685547,-0.2957155977686246,-0.09757416943709056,-1.663377006848653,-2.002452572186788,-0.7366637960076332,-0.17841545740763345,0.36724336942036945,9.62345576286316,1.4101296464602153,1.035467505455017,0.0496634840965271,0.983880082766215,-0.04951759179433187,0.24144764244556427,0.050171419978141785,-0.024391854802767437,-0.7375107208887736,-2.329434633255005
196.0,1.0289804935455322,0.12495149672031403,1.2837663491566975,0.3228863477706909,1.0782408714294434,-0.6048857967058817,-0.6838748181859652,-0.13851059476534525,0.005787064631779988,-3.21231746673584,1.3124492168426514,-0.8147563536961874,0.16093852122624716,1.236077090104421,1.4865082105000813,0.2280360758304596,0.746282289425532,-0.4061798055966695,-0.427167683839798,-0.8981277346611023
197.0,0.44687803586324054,0.600368857383728,1.1371920506159465,0.3342851425210635,0.8711004257202148,-0.10378870368003845,-0.4260775049527486,0.47031891345977783,0.4179042677084605,2.9089207649230957,-0.6489836772282919,2.014539877573649,0.07423659600317478,-0.5602535406748453,1.3507072726885478,0.10213619470596313,0.5457366009553274,0.6444174846013387,-0.14678911864757538,-0.11248153448104858
198.0,0.48768752813339233,-1.0645145972569783,0.5783504135906696,0.12232588728268941,-1.9771015743414562,-0.10934919863939285,0.014492859443028768,-1.3154454628626506,0.23775251706441244,0.9578877687454224,-0.6935109198093414,-2.2524540225664773,-0.525720052421093,-0.7964936743179957,0.8052269021670023,-0.2560335199038188,-0.06476871172587077,-0.29805376132329303,-0.49122631549835205,0.1325187881787618
199.0,0.7935245831807455,-0.733509361743927,-0.6966741681098938,0.4009957971672217,2.9367080529530845,1.2532607118288677,-0.36914366483688354,-0.889305849870046,0.6418389032284418,9.243469397226969,-0.8971752300858498,2.4836682875951133,-0.737626185019811,-0.6916347394386927,0.4673034946123759,0.25519808133443195,-0.0026753445466359458,0.6247872908910116,-0.4021954486767451,1.3973097999890645
200.0,0.03702486058076223,-0.11746418227752049,-1.241224765777588,0.6631163656711578,0.14146689573923746,0.3430820107460022,0.24682480096817017,-0.25080566108226776,-0.6406468451023102,2.857798417409261,-0.4409702817598979,-1.3245705366134644,-0.8948803941408793,-0.03519576353331407,2.046115199724833,-0.24739774068196616,-0.22002165019512177,-0.17952821652094522,-0.1545804738998413,0.8402159611384074
