item_id,5837,5838,16232,21144,28979,38765,38766,63743,71731,102947,106787,111788,129127,139203,139205,157021,157022,157024,157252,157253
1.0,0.7271806796391805,0.5982227126757304,0.7846357325712839,0.12190409501393636,0.5835725764433543,0.6721472144126892,0.7483103076616923,0.7879141271114349,0.6341414848963419,1.0492846916119258,-0.010092318058013916,-0.004736565053462982,0.4996020346879959,1.866969108581543,1.9876375794410706,-0.20117005705833435,-0.3002155621846517,-0.213818887869517,0.9640630781650543,0.648599440852801
2.0,0.3724104066689809,-0.640235185623169,-0.744271993637085,-0.5704550196727117,-0.21380949020385742,-0.43976569175720215,-0.002927541732788086,0.024551336963971455,-0.28758947799603146,-0.5630762775739034,-0.3120710253715515,-0.4651993066072464,-0.39635424315929413,0.25815647343794507,0.15599918365478516,-0.16142913699150085,-0.3468301097551982,-0.5632644395033518,-0.10179667671521504,-0.33351073662439984
3.0,0.69179368019104,0.3615577022234599,0.3719973862171173,0.5301328897476196,0.7041425704956055,0.7348965009053549,1.0939931919177373,0.7026214996973673,0.4289262294769287,0.6719125409921011,1.3254256844520569,0.26592663923899335,0.5938061078389486,0.7994548777739207,0.798679252465566,0.543044368426005,0.6770188808441162,1.11647234360377,0.5049982269605001,0.6638399958610535
4.0,0.8597665416697661,1.4175763130187988,1.751922329266866,0.4319642086823781,0.9947948753833771,1.7749059796333313,1.6787255207697551,1.0602258145809174,0.8587465385595957,1.8352278868357341,0.5243389010429382,0.4072057108084361,0.9073739846547445,1.2335228323936462,0.9428193966547648,0.022909230242172878,0.2883412465453148,0.2236475149790446,1.763909896214803,1.7605855067571003
5.0,0.9484281440575918,0.9368905182927847,1.2274889250596364,0.24135939280192056,1.7409226695696514,2.0330162048339844,2.2538909912109375,1.9058886816104252,0.6886723538239797,1.2280405163764954,0.987954169511795,0.5359251101811727,1.3575214942296345,1.2928092181682587,1.0854494074980419,0.9621317535638809,0.8099007805188497,1.329656720161438,1.2062666416168213,1.657631556193034
6.0,0.7790506680806478,0.5435654024283091,0.08906922737757365,-0.21583922455708185,0.6138162016868591,0.6019860704739889,0.652025560537974,0.7890878170728683,0.9624184767405192,0.32334502538045246,0.3198068266113599,-0.13656670848528543,0.680402472615242,0.8466397871573766,0.8217559655507406,-0.21496001382668814,-0.331510196129481,-0.5891048858563105,0.8236899574597677,0.5819821159044901
7.0,0.4714950919151306,0.5177556673685709,0.21953733762105307,0.34091129899024963,0.846295952796936,0.9529922604560852,1.0696800549825032,0.8451737562815348,0.7901663382848104,0.32463504870732623,0.4179881562789281,0.3637266755104065,0.9185581008593241,1.0773571928342183,0.9500397245089213,0.28063400586446124,0.5408418426911036,0.6417900721232096,0.3373865137497584,0.6663429737091064
8.0,3.0959184964497886,2.964522361755371,3.1311344305674234,1.3923356533050537,3.279860734939575,4.017964124679565,4.307689030965169,3.7769686381022134,2.65616774559021,2.801594098409017,3.0211126804351807,1.7899876832962036,2.937069574991862,2.2166424989700317,2.1060073574384055,1.7647908926010132,2.3272430102030435,2.344721953074137,3.7821648915608725,3.7511655489603677
9.0,1.1928325494130452,1.551822543144226,1.2241821065545082,-0.379566232363383,1.2370610143989325,1.0018064677715302,1.1892919838428497,1.3337193131446838,1.4694103002548218,1.14334640900294,-0.6538610657056173,-0.6052050249030193,1.3812512618800004,1.3849861820538838,1.2571177085240681,-0.27840768297513324,-0.5294632017612457,-0.06995391348997752,0.1570569078127543,0.6004352321227392
10.0,0.1415600354472796,0.14238407214482626,0.26214865843455,0.22184722622235617,0.06825077533721924,0.2417009323835373,0.8322699169317881,0.26677659650643665,0.0342617928981781,0.0950669248898824,0.23069277902444205,0.29374324282010394,0.10540294150511424,0.4497801860173543,0.47134403387705487,0.23053785786032677,0.4353766441345215,0.45273595054944354,-0.09823384632666905,-0.03209126368165016
11.0,2.396342674891154,1.2741077542304993,1.5430703113476436,0.7728007435798645,1.298758327960968,2.088784873485565,2.6280126621325812,1.8792067766189575,1.3637909690539043,1.8385621706644695,2.0740477964282036,1.1556407362222672,1.106456716855367,1.3441020250320435,1.153226335843404,1.212401568889618,1.4828915198644002,1.8953470190366108,1.1037810643513997,1.3422287702560425
12.0,0.3611045678456624,0.6345855394999186,0.88176029920578,-0.16743199030558267,0.6680206457773844,1.0231872995694478,0.8391114075978597,0.6888647079467773,0.2708653509616852,0.7820846438407898,0.053854996959368386,-0.5221932431062063,0.5192652742067972,0.8734056502580643,1.0556299487749736,-0.23554566005865732,-0.19022937615712485,0.09508155783017476,1.374537706375122,1.1984479029973347
13.0,1.569883684317271,1.394007384777069,1.1850966612497966,0.3242570509513219,1.4079299370447795,2.1961440245310464,2.594126542409261,1.8885647058486938,1.461560567220052,0.9404085526863734,0.195188840230306,0.5090517997741699,1.2418445348739624,0.84332724660635,0.862268994251887,-0.006644030412038167,0.3467777570088704,0.16511872659126917,1.405656337738037,1.5531622171401978
14.0,0.08817879855632782,0.27292434871196747,0.6895569687088331,0.26152626673380536,0.5607578754425049,1.0295372406641643,0.9378203451633453,0.5764534076054891,0.1079260657231013,1.372249037027359,0.534359710291028,0.5885772953430811,0.40138983726501465,2.279144287109375,2.2484180529912314,0.46554829676946,0.7112523565689722,0.815504270295302,1.4067212343215942,1.0261541704336803
15.0,1.0582133332888286,1.4359566768010457,1.6934275800983112,-0.2931138873100281,1.277155081431071,1.2119672795136769,0.9941504895687103,1.2234866619110107,1.1685708165168762,1.5396498143672943,1.7270034104585648,-0.08106897274653117,1.2811897198359172,1.359069287776947,1.2117637594540913,0.1540844440460205,0.0899008313814799,0.4738907354573409,1.2162255744139354,1.2965579628944397
16.0,1.2272764543692272,0.875036774824063,0.7653482258319855,1.39284880956014,0.9872411290804545,1.054980218410492,1.2614964246749878,1.0535502086083095,1.0057025402784348,0.9916515350341797,1.3272966543833415,1.4626209735870361,1.1332406376798947,1.5279022057851155,1.5937650203704834,1.4641067385673523,1.570783019065857,1.395828475554784,1.368724286556244,1.1875391403834026
17.0,0.05795201659202576,1.0576218614975612,1.6189734141031902,0.38542867203553516,-0.2561707670489947,-0.28017958998680115,-0.4275902559359868,-0.2909337282180786,0.5888756612936655,1.6388011574745178,0.6805603206157684,0.4547242919603984,0.14118431508541107,2.1885862747828164,1.921448787053426,0.4462488020459811,0.5052590221166611,0.4540805344780286,0.7036275267601013,0.06641281644503276
18.0,1.6212154229482014,0.7676239063342413,0.5265151162942251,0.44859156012535095,1.4856547514597576,2.020115236441294,2.4446553389231362,1.9469598929087322,1.005794068177541,0.3821460207303365,1.5004808902740479,0.41798314452171326,1.191068708896637,-0.4516821602980296,-0.6989919592936834,0.7275307873884836,1.0793484846750896,1.6214553912480671,1.8613965511322021,1.6502605974674225
19.0,0.72580419977506,0.827617883682251,0.884838342666626,0.6017762919267019,1.3043788174788158,2.0209852357705436,2.0995746006568274,1.395883542795976,0.7455149094263712,1.5178587237993877,1.5112193425496419,0.4529508948326111,1.1184185942014058,2.7488454977671304,2.747052550315857,0.9941245317459106,1.203198512395223,1.7357769409815471,1.5551223357518513,1.6652150551478069
20.0,1.405730237563451,1.387385904788971,1.038002461194992,-0.0552825927734375,1.48898579676946,1.579391986131668,2.0422913829485574,1.7897807161013286,1.415435532728831,0.4578329523404439,0.9525072773297628,0.5088993807633718,1.4832801818847656,-0.027208656072616577,0.14249406258265176,-0.03541026512781779,0.3597947458426158,0.24165848890940347,0.897662619749705,1.1745038330554962
21.0,0.25662227471669513,0.6552649935086569,0.9187185019254684,0.46322018653154373,0.8984887798627218,1.3811312317848206,0.8047931989034017,0.7341307799021403,0.29260283211867016,1.3883303453524907,0.6759574810663859,0.7242349361379942,0.7335161566734314,2.0895532766977944,1.9066899220148723,0.22525224089622498,0.8829051454861959,0.7231878439585367,1.7030268510182698,1.6679905255635579
22.0,1.956453800201416,1.5355885823567708,1.9777618646621704,0.7546700338522593,1.8939077059427898,2.954134464263916,2.6949570973714194,2.1644410292307534,1.1254302660624187,2.0608123540878296,0.9158836106459299,0.8649368733167648,1.4904724558194478,1.6575509309768677,1.8288427193959553,0.15799695253372192,0.5524928569793701,0.005498131116231282,3.004521052042643,2.899989128112793
23.0,1.152661879857381,0.7825130373239517,0.9322986801465353,0.7256791790326437,0.84962098300457,1.245342383782069,1.6881607572237651,1.242624173561732,0.6132125357786814,1.13407002389431,0.5662616193294525,0.6718903134266535,0.6269546647866567,1.4925659497578938,1.2473443150520325,0.9843169301748276,0.8877152875065804,1.1012075046698253,0.42789246638615924,0.7101705272992452
24.0,-0.05044027417898178,-0.22351736823717752,0.25419137875239056,-0.5657119949658712,-0.29231585562229156,0.052544946471850075,0.034222185611724854,-0.18228145440419516,-0.25557459394137066,0.5706010411183039,1.3196812470753987,-0.7787840167681376,-0.35500670472780865,0.9344640572865804,0.7127805352210999,-0.2336966780324777,-0.6169896225134531,-0.644601047039032,0.09043933947881062,0.01574997107187907
25.0,-0.019385079542795818,0.03562883039315542,0.5198866426944733,0.7246790627638499,0.061101953188578285,0.9237547814846039,0.8380968471368154,0.21120407183965048,-0.2667728265126546,1.4083758195241292,0.5134721994400024,0.5721243185301622,-0.20492123564084372,1.960244059562683,1.74778417746226,0.3119520346323649,0.541416863600413,0.06861295302708943,0.7093304892381033,0.6997943272193273
26.0,0.8491048018137614,0.4632526437441508,0.8702357610066732,-0.3320564776659012,1.3210079024235408,1.7033005158106487,1.3863252401351929,1.3588976015647252,0.5658785899480184,1.1360275795062382,0.44348082443078357,-0.6833269496758779,1.0036487976710002,0.9719166358311971,0.8492023746172587,0.024625847736994427,-0.25382309158643085,0.1613256335258484,1.4096080859502156,1.5493788719177246
27.0,0.5534353777766228,0.5631135702133179,0.9232173363367716,0.6596439580122629,0.8017957806587219,1.7445850372314453,1.369914452234904,0.8855053782463074,0.42089879016081494,1.6327183246612549,1.0522120197614033,0.5644354621569315,0.5243634829918543,2.469296852747599,2.292258858680725,0.570446123679479,0.8111678299804529,0.4313894311587016,1.77540918191274,1.693699598312378
28.0,-0.16539315382639566,-0.009380976359049479,0.034078081448872886,-0.1314371625582377,0.23727571219205856,0.28361546993255615,0.07309619585673015,0.1769939437508583,0.14402208725611368,0.028538068135579426,-0.24758713444073996,-0.09447724620501201,0.29744686683019,0.44673065344492596,0.21764187018076578,-0.24386581778526306,0.07723669956127803,0.26946908980607986,0.671085129181544,0.41165486971537274
29.0,-0.5434861679871877,0.1918153166770935,0.3933110435803731,0.09682655334472656,-0.2727513909339905,0.16494556764761606,-0.6671812136967977,-0.6404933929443359,-0.13935309648513794,1.0065937042236328,-0.2024325728416443,-0.0963049332300822,-0.2673291911681493,1.5720763603846233,1.5924253463745117,0.11778404315312703,0.22575509548187256,0.1838405430316925,1.0751152038574219,0.6364630460739136
30.0,0.06222351392110189,-0.3466289242108663,-0.2337945799032847,-0.1751661871870359,0.7888249605894089,0.5029542247454325,0.3557350238164266,0.5490905170639356,-0.09025231997172038,-0.33262067039807636,0.01958194375038147,-0.25967103242874146,0.5084318021933237,-0.058397154013315834,-0.03211403638124466,-0.08327011267344157,0.03842465082804362,0.21953455607096353,-0.2055953542391459,0.2997632523377736
31.0,0.9840058286984762,0.607542077700297,1.0237719019254048,0.5465399672587713,0.9681874712308248,1.816915253798167,2.1169549226760864,1.3228761206070583,0.4330433631936709,1.9658567508061726,0.22550242890914282,0.7855387429396311,0.6398245692253113,2.837976336479187,2.602784355481466,1.48677659034729,1.2859033346176147,1.8931425015131633,1.7414329051971436,1.5923291842142742
32.0,1.7067732910315196,2.1110840936501822,2.572058359781901,1.2947428226470947,1.7745637098948162,2.5925569869577885,3.052001118659973,2.1966763536135354,1.440215031305949,2.9289209842681885,1.9809155464172363,1.627018968264262,1.623706857363383,2.833516518274943,2.5890008012453714,1.4761709372202556,1.6169513463974,1.6633127530415852,2.152755738546451,2.158725254237652
33.0,-0.2877456744511922,0.3471815387407939,0.5702748397986094,-0.7877922256787618,0.3630135655403137,0.16446981827418009,-0.09766412774721782,0.17675814032554626,0.09422216316064198,0.8421217004458109,-0.5934698482354482,-0.9392512540022532,0.4171999941269557,0.8937250773111979,0.7273289958635966,-1.1529756983121235,-1.477424403031667,-1.1267758806546528,-0.19920913378397623,0.04176890850067139
34.0,0.7381993879874548,0.45647841691970825,0.3477761149406433,-0.3467882610857487,0.6194650729497274,0.16647197802861533,0.08109071850776672,0.5045591096083323,0.7326744049787521,0.4118079940478007,-0.4896661639213562,-0.1576404795050621,0.6628623406092325,1.0447169144948323,0.9015273302793503,-0.24996992386877537,0.2469880903760592,0.30774181708693504,0.7387041052182516,0.48111576835314435
35.0,0.5988523364067078,0.28099750479062396,0.12304814408222835,-0.3788212140401204,0.47881998618443805,0.5427981515725454,0.3849968786040942,0.3736349145571391,0.27083516120910645,-0.13128159443537393,-0.30804944535096485,-0.05950207014878591,0.425698459148407,0.04984623690446218,-0.025605082511901855,-0.4321256677309672,-0.1804655318458875,-0.4802309721708298,0.6507357756296793,0.6763850649197897
36.0,-0.024600639939308167,-0.013653318087259928,-0.11180634548266728,0.28163499633471173,0.4641394416491191,0.9486703077952067,0.7273218954602877,0.6109859347343445,0.10038306812445323,-0.3224318524201711,0.2186892330646515,0.056653390328089394,0.27849680185317993,0.08986298739910126,0.1555978606144587,0.19236981372038522,0.04143415888150533,0.5411431888739268,1.0721468528111775,0.7328391472498575
37.0,1.4529239734013875,1.483564853668213,1.4504705270131428,0.3227916285395622,2.087920824686686,3.03717573483785,2.8736720085144043,2.255422274271647,1.3729573488235474,1.32338680823644,1.7505814631779988,0.25801461935043335,1.644769509633382,1.557833989461263,1.476430098215739,-0.06681834161281586,0.2179954250653585,-0.22355392575263977,2.2662689685821533,2.533095677693685
38.0,2.853716870148977,2.7658623456954956,3.026036183039347,1.1931217933694522,2.8913739919662476,3.773765246073405,3.9565864404042563,3.3047827084859214,2.5323678255081177,2.883171002070109,2.027112603187561,1.9678096373875935,2.6210995515187583,2.509456435839335,2.3351735273996987,1.3971959799528122,2.2101643284161887,1.8688623408476512,3.0180921157201133,3.1814454793930054
39.0,0.8806074460347494,1.4099882245063782,1.7338345249493916,0.2832882950703303,1.3992448349793751,2.020179549853007,1.5817729433377583,1.3526732524236043,1.0399134159088135,2.4514779249827066,1.058844010035197,0.31724079698324203,1.3292307158311207,2.9791880448659263,2.7108973264694214,0.44076518962780636,0.5714935697615147,0.8801400363445282,2.286738614241282,2.160001277923584
40.0,0.4414386550585429,0.29570603370666504,0.2918144067128499,0.3959128757317861,0.4633792042732239,0.3503190080324809,0.5129046142101288,0.5437441617250443,0.40010277430216473,0.2957669496536255,0.6632453761994839,0.4642028907934825,0.48708707094192505,0.9238233168919882,0.8270832498868307,0.21449907620747885,0.5274571379025778,0.48283786078294116,0.1740009586016337,0.21716864903767905
41.0,0.7272727489471436,0.9047978719075521,1.253080149491628,0.05884373188018799,0.9660415748755137,2.129724681377411,1.865968942642212,1.14748219648997,0.5162203907966614,1.643254280090332,1.299974799156189,-0.31588895122210187,0.5389871497948965,1.8005303939183552,1.313414216041565,0.4227683941523234,0.10907642046610515,0.5192868908246359,1.8863626917203267,1.8352878193060558
42.0,1.6501232782999675,1.2842811544736226,1.580823580423991,0.7236524621645609,1.4656376838684082,1.7279660105705261,2.068502505620321,1.8137545585632324,1.2586263418197632,1.8922978242238362,1.4160618980725606,0.5958285629749298,1.394047498703003,1.8428583939870198,1.6313596963882446,0.7845084071159363,0.7851391037305196,0.7595918774604797,1.7167081435521443,1.5510295033454895
43.0,1.0474231640497844,0.6593744854132334,0.8956666986147562,1.0780980785687764,1.2305015524228413,1.389732003211975,1.34580796957016,1.2355975707372029,0.8006758689880371,1.195530851682027,1.1996309558550518,0.5251861810684204,1.0821037491162617,2.1675953467686973,1.9667809009552002,0.6379042367140452,0.48271332184473675,0.6128820180892944,0.36856362720330554,0.9115700125694275
44.0,1.5509338577588399,0.8776830037434896,1.257060130437215,-0.4047048091888428,1.468440334002177,2.249350150426229,2.082672953605652,1.7795767386754353,0.8523867925008138,1.3024201393127441,1.2730840394894283,-0.29030871391296387,1.0375117460886638,1.776739478111267,1.5701990127563477,-0.3122771879037221,-0.24416551987330118,-0.276809045424064,1.7124471267064412,1.8690496285756428
45.0,1.0546140174070995,1.586662511030833,2.209634025891622,0.7439995010693868,1.263911783695221,2.2244433959325156,2.3141908049583435,1.6313763956228893,1.0612684388955433,2.57048229376475,1.5279719432195027,1.2821231484413147,0.9347430119911829,2.7373434702555337,2.22720738252004,0.775550534327825,1.4828728437423706,1.845974365870158,1.5671615997950237,1.754359523455302
46.0,1.0047164559364319,0.6340942258636156,0.5017132547994455,0.11335170765717824,1.0167649785677593,1.094218115011851,1.1676714221636455,1.2011452515920003,0.734177033106486,0.29067857066790265,0.4148842493693034,-0.08025946964820226,0.9404505888621012,0.27602801223595935,0.15152449905872345,-0.06808203955491383,-0.10021403680245082,0.11648054917653401,0.9061701198418936,0.857964277267456
47.0,0.3706267550587654,0.663604199886322,0.45871598025163013,-1.1389107704162598,0.3735097299019496,-0.05639044443766276,-0.16232546170552573,0.3251875042915344,0.8095491528511047,0.7278262550632159,-1.0808211962382,-0.5905651847521464,0.4781133830547333,1.5688751637935638,1.3991209864616394,-1.0816323558489482,-0.6593412558237711,-0.6390110850334167,-0.35201918085416156,-0.1870174060265223
48.0,1.0649923731883366,0.24789202213287354,0.5810797214508057,0.1741925080617269,1.178487221399943,1.537871907154719,1.9120663180947304,1.4819738517204921,0.35343343019485474,0.7006900906562805,1.341884712378184,0.03377686503032843,0.8814906279246012,1.3553701639175415,1.0595353941122692,0.3347860773404439,0.2941014418999354,0.48225096861521405,0.7688980301221212,0.9564674297968546
49.0,3.2038695017496743,1.6687689224878948,1.2972962856292725,0.8940026760101318,2.7949275573094687,4.011366844177246,4.213514804840088,3.327789545059204,2.04700497786204,1.2365591526031494,1.622710148493449,1.0219236214955647,2.159560441970825,0.9779654343922933,0.7969414591789246,0.8139418363571167,1.0278280178705852,0.7920892238616943,3.4443695545196533,3.5282162030537925
50.0,0.9059688424070677,0.8723069280385971,0.8619861602783203,-0.14478973547617593,1.3431151906649272,1.353945900996526,1.1384119788805644,1.2478438119093578,0.8373685379823049,0.7410362909237543,0.49780990680058795,0.10869749635457993,1.2860596974690754,0.809602697690328,0.7821122606595358,-0.2724494934082031,0.005458153784275055,0.10887696345647176,1.489063153664271,1.5110589464505513
51.0,-0.15591304004192352,0.4912039786577225,0.9209155837694804,0.3216064323981603,0.2417003115018209,0.569776713848114,0.5254773298899332,0.23451863477627435,-0.007015148798624675,0.7225481371084849,0.04172233740488688,0.1934939126173655,0.09438898166020711,0.20298258463541666,-0.12204375863075256,0.4535347819328308,0.3367053767045339,0.5107609828313192,1.0557590226332347,0.6457308729489645
52.0,-0.36846793194611865,-0.2852853039900462,-0.36880848308404285,0.15054301917552948,-0.32988014072179794,0.14397436380386353,0.30078158775965375,-0.16738006472587585,-0.1658489132920901,-0.5487453366319338,0.1400289684534073,0.40906706514457863,-0.192447563012441,0.32332972685496014,0.19723917792240778,-0.2913893113533656,-0.121960053841273,-0.3360183189312617,0.21501109997431436,-0.12909057239691415
53.0,1.179955576856931,0.401748093465964,0.0014439225196838379,0.5853245134154955,0.9704494699835777,0.9164305528004965,1.5822979013125102,1.351544161637624,0.5999245842297872,-0.09332406769196193,-0.04828977584838867,0.029323498407999676,0.8609967827796936,-0.20564627647399902,-0.16681781907876334,0.8856070637702942,0.5760566790898641,1.1375137567520142,0.5085299412409464,0.7133241891860962
54.0,-0.07157129297653834,0.2272331714630127,0.2503015299638112,1.3212289810180664,-0.35495950778325397,-0.20968465010325113,-0.3255348801612854,-0.29432807366053265,0.08850025137265523,-0.1405979792277018,0.746329148610433,0.9738243818283081,-0.09696796536445618,-0.3990795115629832,-0.6288708647092184,1.3749999205271404,1.3210583925247192,1.254625916481018,0.542507529258728,0.03997721274693807
55.0,0.29643453657627106,0.9840875963370005,1.1716456959644954,-0.6456291824579239,-0.26807524760564166,-0.543580691019694,-0.3756571213404338,-0.19317656755447388,0.7226735055446625,0.7200653354326884,0.3348691761493683,-1.09661861260732,-0.0014945268630981445,0.6333085298538208,0.5119673808415731,-0.3455726206302643,-0.7409210105737051,-0.29999208450317383,0.0787467360496521,-0.3440408706665039
56.0,0.8670848160982132,0.8377488851547241,1.1061154007911682,0.5759382943312327,0.6539992839097977,2.0262972513834634,1.6672005256017048,0.8563700517018636,0.6081775724887848,1.3596001863479614,2.0672269066174827,0.8446913659572601,0.46422647684812546,1.4970521926879883,1.3767857551574707,0.8801969687143961,1.3768637428681056,1.5967122117678325,2.5294931729634604,2.010812004407247
57.0,2.7976930141448975,1.1154239972432454,0.964123010635376,0.3879337360461553,1.9211455583572388,2.0463661352793374,2.720305919647217,2.441205620765686,1.5639643321434658,1.351171334584554,1.2617972890535991,-0.00900678833325704,1.5888525446256,1.999884009361267,1.8756532669067383,0.2949007799228032,0.4731827676296234,0.8301918307940165,1.6963152885437012,1.744853178660075
58.0,0.645345409711202,0.5134522914886475,-0.0012429455916086833,-0.6389858933786551,0.8994360069433848,1.2437395056088765,0.9441713094711304,0.7619250814119974,0.8454145093758901,-0.05402374267578125,0.3105940024058024,-0.3539323111375173,0.8978239720066389,0.8580658833185831,1.0261630813280742,-0.5638853510220846,-0.2808444897333781,-0.2269436518351237,2.1159231265385947,1.55066712697347
59.0,1.8077858885129292,0.7228646477063497,1.1950122515360515,0.7898796399434408,1.3640477856000264,2.6445323626200357,2.9581305980682373,1.9927699565887451,0.5887060960133871,1.6294420957565308,1.2368947267532349,1.2040812174479167,0.7118821144104004,1.0463287731011708,1.1024595499038696,1.0001272559165955,1.2476420104503632,0.8447097962101301,1.8035841782887776,2.063424269358317
60.0,-0.4473840892314911,0.12347320715586345,0.8908319771289825,0.3046881655852,-0.12624027331670126,1.1839062770207722,0.12179931004842122,-0.1848705212275187,-0.31272170941034955,1.6369210580984752,0.49689920743306476,0.5399181346098582,-0.5483078757921854,2.2166037956873574,1.5236815735697746,0.11974709232648213,0.4191565712292989,0.1972681681315104,2.122412840525309,1.5651834607124329
61.0,1.7167599002520244,0.80878018339475,0.8906843612591425,0.22598348061243692,1.229652225971222,1.6260509292284648,1.6367753346761067,1.4681358734766643,0.9011197437842687,1.2043718993663788,1.8356608152389526,0.3840136143068473,0.9015421668688456,1.957628885904948,1.9012011686960857,0.6142465174198151,0.5977479219436646,0.7571867803732554,1.3116114636262257,1.4764135777950287
62.0,3.2928479512532554,2.1379340092341104,2.1971070965131125,1.427815357844035,2.853562911351522,3.6263232231140137,3.8817306756973267,3.381205201148987,2.219902594884237,2.1331863875190415,1.599376638730367,1.2924967408180237,2.414411465326945,2.1274682680765786,1.6144985755284627,1.3141260147094727,1.422745903333028,1.7973494132359822,3.4194772640864053,3.3060527642567954
63.0,1.1441258837779362,1.610804279645284,1.9138864452640216,1.3816908399264018,2.0140801121791205,3.058959404627482,2.8781444231669107,2.0613220358888307,1.1652290026346843,1.632627824942271,1.250966986020406,1.5506099859873455,1.7562179466088612,1.2188745488723118,0.9484541068474451,1.4546852509180705,1.9856590429941814,2.032140771547953,2.716245412826538,2.8266930182774863
64.0,1.1828426520029705,0.7672149290641149,0.8631625175476074,0.07580788930257161,1.3654047052065532,1.7299836874008179,2.0679471492767334,1.68216872215271,0.8499843403697014,0.9790141681830088,0.9880137244860331,0.516160766283671,0.9306680162747701,0.9544272422790527,0.7976505756378174,-0.011934300263722738,0.49882089098294574,0.3646419843037923,0.7456403921047846,1.0629403342803319
65.0,0.8550138672192892,0.2636334498723348,0.4058474103609721,-0.6654197374979655,-0.292347917954127,-0.2886033554871877,0.0730742613474528,0.11879781881968181,0.37470701336860657,0.22903984288374582,-0.5300096372763315,-0.7508887896935145,-0.2742118276655674,1.1401343420147896,0.9735207408666611,-0.7985625093181928,-0.8904423912366232,-0.7035017808278402,0.05848110715548197,-0.4569662359232704
66.0,1.3292499383290608,1.1657792925834656,1.3690320253372192,0.5564661820729574,1.367921233177185,2.1479773918787637,2.2087290287017822,1.6049190362294514,1.0581608215967815,1.536940375963847,0.7633710900942484,0.5395061373710632,1.115819791952769,1.8890985250473022,2.0168049732844033,0.30968611935774487,0.8288905918598175,1.0133310556411743,2.3182832400004068,2.1533954540888467
67.0,1.0867889324824016,0.6563102503617605,1.1627018849054973,0.9395977656046549,1.778315429886182,2.641925056775411,2.5704649090766907,1.865895410378774,0.5936538775761923,1.5331043402353923,1.257937729358673,0.7443142632643381,1.2788303693135579,2.2324649492899575,2.2334922154744468,0.8064386745293936,0.8812877039114634,1.1410450140635173,2.608077883720398,2.508642633756002
68.0,-0.40477558970451355,0.36550402641296387,0.4170271207888921,-0.6084661881128947,0.006170203288396199,0.002445816993713379,-0.13087872912486395,-0.09379119177659352,0.10956168174743652,0.7256361345450083,0.47513993581136066,-0.9442330598831177,0.14122972885767618,1.2584515313307445,1.3632051795721054,-0.7024136781692505,-0.9829062422116598,-0.4830497031410535,0.462617630759875,0.17137861996889114
69.0,0.6733147303263346,1.4226306875546773,1.7872252265612285,-0.025707962612311046,0.2944587171077728,0.4421616593996684,0.7512602110703787,0.5074935704469681,1.0624987284342449,1.7319458325703938,-0.5326532796025276,0.22446804866194725,0.40526215732097626,1.3671326835950215,1.3693498174349468,0.06163409476478895,0.4012237588564555,0.6025389035542806,0.21128523349761963,0.15963210662206015
70.0,2.1127115885416665,2.272748907407125,2.5646703640619912,1.5163377324740093,2.22295872370402,3.0228335857391357,3.207111120223999,2.5514437357584634,1.7786015073458354,2.372555136680603,0.35190561413764954,1.4308680693308513,1.8675730625788372,2.287630796432495,1.8176720539728801,0.41443867484728497,1.0446456521749496,0.28898588319619495,2.3004825115203857,2.5507407585779824
71.0,1.281643549601237,0.6949658195177714,0.8877779046694437,0.6507083686689535,0.9003174901008606,1.0263936718304951,1.3267235060532887,1.2165961662928264,0.9521622384587923,0.570714958012104,1.032385915517807,1.002501626809438,0.7835707664489746,0.7025763615965843,0.6392483140031496,0.8965396930774053,1.4707911411921184,1.6588840087254841,0.06762974460919698,0.38466978321472806
72.0,-1.0379793643951416,-0.10831333200136821,-0.17717311282952627,-0.30456725756327313,0.18677919109662375,0.22870256503423056,-0.40527212619781494,-0.3320994544774294,-0.2543465296427409,0.3114168345928192,0.3963332052032153,-0.3763565719127655,0.23025554418563843,1.2802732785542805,1.208449125289917,-0.14048672219117483,-0.05289354920387268,0.2791409691174825,0.7446768979231516,0.6895303328831991
73.0,2.6473002433776855,3.2708520889282227,3.223875125249227,0.9748095472653707,2.9944631258646646,3.4845332304636636,3.5832077662150064,3.219649871190389,2.963371435801188,3.426861524581909,1.6160841484864552,0.47204988201459247,3.031686544418335,2.7833149830500283,2.5823812087376914,0.7883950173854828,0.6932696849107742,0.8460617065429688,3.1856847604115806,3.2476064364115396
74.0,0.20832967261473337,0.826717217763265,0.902690052986145,-0.10563289560377598,1.0044620335102081,1.1055464347203572,0.7625358502070109,0.7928698112567266,0.4891558786233266,0.5250153839588165,-0.8892987171808878,-0.3476542880137761,0.8703574736913046,-0.30181455612182617,-0.3937569757302602,-0.14315640678008398,-0.4530303130547206,-0.1645657221476237,0.633958580593268,1.0661872923374176
75.0,1.3411991198857625,0.5881121754646301,0.7518218408028284,0.27933454513549805,0.4660348892211914,0.5685779849688212,0.9564793507258097,0.8603042960166931,0.6898330052693685,1.4751396973927815,0.4401116594672203,0.22208339969317117,0.31666608651479083,2.1574114163716636,2.139665504296621,0.408803790807724,0.6305724307894707,0.8391096889972687,0.502687173585097,0.3975544100006421
76.0,1.0743090510368347,1.4089644253253937,1.3958742916584015,-0.21570016692082086,1.9699852069218953,1.8897701104482014,1.9775824546813965,1.9461237986882527,1.2477291027704875,1.4820234378178914,0.326407531897227,-0.31030025395254296,1.9459075133005779,1.4576196273167927,1.3227322349945705,0.019224978983402252,-0.07143562038739522,0.4623267004887263,1.4499210119247437,1.6845616499582927
77.0,1.4349841674168904,1.497334897518158,1.794413685798645,0.2607685128847758,1.5940807660420735,2.040679653485616,2.0830189983050027,1.923453648885091,1.1788813869158428,1.3754563455780346,1.01259446144104,-0.18381150563557944,1.3746678829193115,0.8324411511421204,0.7790138920148214,0.5489023526509603,-0.045543392499287925,0.12298453847567241,1.3214147686958313,1.6267611384391785
78.0,1.6985463698705037,1.7208660046259563,2.10248072942098,0.8782582978407542,2.050723354021708,3.3805928230285645,3.355766773223877,2.4613898595174155,1.549828588962555,2.675061265627543,2.7058354218800864,0.81222536166509,1.5661843220392864,3.658191363016764,3.3104679584503174,0.6801969657341639,0.9305227200190226,0.9507667819658915,3.119725147883097,2.836390177408854
79.0,1.017709841330846,0.6636757055918375,1.2241647293170292,1.1004158457120259,1.0026241540908813,2.0402443210283914,1.8206421931584675,1.2558344304561615,0.4840439260005951,1.8472726941108704,1.442918412387371,1.2441912094751995,0.6300240357716879,2.585301478703817,2.5651256243387857,0.7955851753552755,1.0561480075120926,0.48466652631759644,2.50629731019338,2.0543567339579263
80.0,1.096996044119199,1.190939764181773,1.5707064867019653,1.490344484647115,1.387813647588094,2.6797990798950195,2.713537414868673,1.7165313760439556,0.8221511791149775,1.9557684659957886,2.2113698720932007,1.5390534400939941,1.0115948518117268,2.219964345296224,1.9774154424667358,1.468260943889618,1.8808319965998332,1.6674878398577373,1.9828624725341797,2.190196434656779
81.0,1.0285597642262776,0.3973460594813029,0.13379216194152832,-0.10734025637308757,0.6872319852312406,1.0375103503465652,1.2394391645987828,0.9799059828122457,0.5874558488527933,0.5669664144515991,0.1900950769583384,0.298241729537646,0.5596797664960226,1.2864350477854412,1.207397182782491,-0.23587817698717117,0.04599359134833018,-0.08225908627112706,0.7034209469954172,0.7951512883106867
82.0,0.03652608394622803,1.0767693320910137,1.5720688303311665,0.19791801273822784,0.18889735514918962,0.012881179650624594,0.44543586174647015,0.35751962661743164,0.46610401074091595,1.7515205144882202,0.3061175048351288,-0.0038044502337773642,0.27345603704452515,2.417002002398173,2.1719456116358438,0.3275262365738551,0.037872503201166786,0.2659745266040166,-0.17346285780270895,-0.23331750432650247
83.0,0.1860185662905375,0.8059942424297333,1.0448927879333496,1.024157722791036,0.5586442152659098,1.300293117761612,1.17926953236262,0.7931331992149353,0.45025235414505005,1.013474424680074,0.34023090203603107,0.9171250859896342,0.40109548966089886,1.4405759175618489,1.4684950709342957,0.4636908049384753,0.8470759689807892,0.2559485236803691,1.7830345630645752,1.280571182568868
84.0,0.273493230342865,0.5593848625818888,1.3200256029764812,0.9104101856549581,0.5213170101245245,1.1050814092159271,0.676656166712443,0.543971965710322,0.12704136967658997,1.6189039548238118,1.2799330751101177,0.19604997461040816,0.28837987035512924,1.7472475171089172,1.8068649768829346,0.6476108431816101,0.8113900621732076,0.9483411113421122,1.510379155476888,1.2051145831743877
85.0,1.1830061674118042,1.151625355084737,1.1628399292627971,0.2386478210488955,1.2188298106193542,1.5389752089977264,2.080168624718984,1.5843585729599,0.9711575160423914,1.4401951630910237,0.7032265762488047,0.7267543176809946,1.1291654656330745,1.3076733350753784,1.0553436279296875,0.38185544808705646,0.9832862019538879,1.0532094240188599,1.4733392198880513,1.2372014584640663
86.0,-0.5954854960242907,0.30976587533950806,0.9129074315230051,0.2660563016931216,-0.6563168366750082,-0.6569554880261421,-0.8625328342119852,-0.7278693417708079,-0.13204084833463034,1.2406769394874573,0.8700273036956787,0.6285443603992462,-0.369157354036967,1.7575018008550007,1.6571662425994873,0.028435001770655315,0.4329831153154373,0.36553602914015454,-0.11567898591359456,-0.6061800867319107
87.0,0.36996298531691235,-0.11124359567960103,-0.031071690221627552,-0.6434394518534342,-0.5004287362098694,0.07064258058865865,0.6515689094861349,-0.013832817475001017,-0.1150896946589152,-0.14772296945254007,-0.10418936610221863,-0.6705664793650309,-0.5064929127693176,-0.2685198386510213,-0.38262705008188885,-0.6746256748835245,-0.8182020783424377,-0.6430180768171946,-0.569038545091947,-0.5437471071879069
88.0,-0.18431771794954935,0.444078266620636,0.7903383374214172,-0.48418832818667096,0.30859630306561786,0.5693073372046152,-0.0909619281689326,-0.05885223547617594,0.03936477502187093,0.15627234180768332,0.6165025432904562,-0.7194846868515015,0.21577057242393494,-0.14578845848639807,-0.137238010764122,-0.32964475949605304,-0.4883934209744136,0.3644546717405319,0.6905728479226431,0.9337149163087209
89.0,0.7260368466377258,0.13054763029019037,0.5044055829445521,-0.29312461117903393,0.5912569612264633,1.2072205742200215,1.3734001616636913,0.9208824137846628,0.2598343913753827,0.7219469944636027,-0.011158113678296408,-0.023321986198425293,0.3140904853741328,0.7855589191118876,0.619246244430542,-0.1994285819431146,-0.1686584254105886,-0.08539533366759618,0.8660598993301392,0.8803238222996393
90.0,0.08580684165159862,-0.1726657897233963,0.4257406989733378,-0.42510995268821716,-0.05626862496137619,0.4964332580566406,0.7373872995376587,0.21889543533325195,-0.3652951493859291,0.7241417144735655,0.5936050017674764,-0.17610344539086023,-0.29645904898643494,1.0458062887191772,1.0204406181971233,-0.7177240351835886,-0.4870176513989766,-0.6366970191399256,0.6732472057143847,0.2996867497762044
91.0,-0.6433382829030355,0.08564852178096771,0.343961829940478,0.5157441397507986,-0.13188762466112772,0.16597632070382437,-0.3092801707486312,-0.27073484162489575,-0.27521708110968274,0.9961586395899454,0.1421558012564977,-0.100739320119222,-0.19525662312904993,1.0673387845357258,1.240314245223999,0.5166487892468771,0.07365703582763672,0.49336784581343335,0.5467711091041565,0.31635738412539166
92.0,-0.6952235301335653,-0.015466046830018362,0.30204871793588,0.6592702567577362,-0.0074921051661173505,0.6535345514615377,0.042184477051099144,-0.30187943081061047,-0.2461721400419871,0.6087978084882101,-0.3817955901225408,1.1109792590141296,-0.1398786356051763,1.0952803790569305,1.0360541542371113,0.2567926061650117,0.7117105312645435,0.32585591077804565,1.0780627528826396,0.8834664225578308
93.0,1.3345380673805873,1.4152596592903137,1.7427173654238384,0.7528904875119528,1.6611274878184001,2.2636053562164307,1.9918850262959797,1.7083286046981812,1.0636819154024124,2.1715780099232993,1.5113417704900105,0.39903445541858673,1.2454891204833984,3.179845650990804,2.822977066040039,0.6108934916555882,0.38221339384714764,0.491793155670166,2.312531272570292,2.284073750178019
94.0,0.6924197574456533,0.04670700430870056,0.09231745700041454,-0.4047071635723114,0.9083967606226603,1.0978306929270427,1.1354674100875854,0.9983449975649515,0.4275973439216614,0.11003061880668004,0.7244471708933512,-0.27726229031880695,0.7207465569178263,0.8947345614433289,0.5637035171190897,0.06014391779899597,0.24896223594745,0.7696716835101446,1.1188117464383442,1.0692470868428547
95.0,0.17641547818978628,0.6146825514733791,0.5479482933878899,1.0587629874547322,0.46694034337997437,0.36696364482243854,0.10522587100664775,0.2689176599184672,0.35982030133406323,0.2179536521434784,-0.07361091921726863,1.0379860003789265,0.6491913994153341,0.2464132954676946,0.07799061884482701,0.9718390107154846,1.1387057900428772,0.8456770579020182,0.7308554351329803,0.6782615184783936
96.0,0.7536133329073588,-0.31247929732004803,-0.7996832927068075,-0.8621100758512815,0.4819745222727458,0.09110512336095174,0.6516577154397964,0.642471507191658,0.2669308582941691,-1.0717091411352158,-0.43849275012811023,-0.517893930276235,0.4396003882090251,0.2564531664053599,0.1333528608083725,-0.3247220367193222,-0.3954106370608012,-0.7380254069964091,-0.5314119954903921,-0.16619608799616495
97.0,-0.3109710415204366,0.21842720111211142,0.19088356693585715,-1.009775350491206,0.12021460135777791,-0.12753365437189737,-0.4278321862220764,-0.11493103702863057,0.20869354406992593,0.23141703009605408,0.3462565988302231,-1.2382379372914631,0.26026155551274616,0.4602850576241811,0.2632352840155363,-1.0488026986519496,-1.2376753091812134,-0.8969589173793793,-0.09048067529996236,-0.02009671926498413
98.0,0.894135038057963,0.7464107771714529,0.822872390349706,0.8293720955650011,1.3246948917706807,1.7547189593315125,1.3227964440981548,1.1626369555791218,0.6971555749575297,0.9855238894621531,1.2064842383066814,0.5898236632347107,1.005214770634969,1.3764110207557678,1.3212453524271648,0.7359177122513453,0.7396767636140188,0.9790927767753601,1.9515904188156128,1.9452476104100545
99.0,-1.1787952184677124,-0.5486834843953451,-0.3673940102259318,-0.5579179575045904,-0.24507753551006317,0.5369836787382761,-0.41166725754737854,-0.6343897382418314,-0.5579567750295004,-0.09491428732872009,-0.6506239672501882,-1.054882973432541,-0.4369051655133565,0.5409796833992004,0.3633408546447754,-0.39758865038553876,-0.8755052785078684,-0.16931072870890299,1.3023663361867268,0.9349225759506226
100.0,2.4610114097595215,1.998523434003194,2.1649681329727173,1.249368707338969,2.9978671073913574,3.868998924891154,4.096219937006633,3.362628142038981,1.9312835137049358,2.4736300309499106,1.081104338169098,1.2579586803913116,2.444827993710836,2.719265262285868,2.366369366645813,1.6147538820902507,1.7664739688237507,1.941212773323059,2.8945019245147705,3.348434011141459
101.0,1.820794661839803,1.4684248566627502,1.3439781467119853,1.6110593875249226,2.1140645345052085,2.285563369592031,2.3740284045537314,2.266964872678121,1.5684263308842976,1.3215792775154114,2.300785779953003,1.0249168475468953,1.9447125593821208,1.2967463930447896,1.387713183959325,1.9614934126536052,1.7466717163721721,2.169074853261312,1.3488310972849529,1.8652528524398804
102.0,1.4763183792432149,1.4757567842801411,1.5757797360420227,-0.2589238652338584,1.6528016726175945,1.8055279453595479,1.6026510794957478,1.7141605218251545,1.3988536794980366,1.5697857737541199,0.10303729275862376,-0.32488344113032025,1.6354199250539143,1.0355058511098225,0.9523006677627563,-0.7610081235567728,-0.7113792697588602,-0.6985337138175964,1.784091293811798,1.8320492108662922
103.0,0.22318385044733682,0.3046834468841553,0.32763125499089557,0.07999733835458755,0.43673786769310635,0.007401759425799052,0.4768633445103963,0.5930841962496439,0.34872130552927655,0.012718250354131063,-0.42421311140060425,0.16788452863693237,0.48791494220495224,0.14176910122235617,0.22842047736048698,-0.2594919217129548,-0.308270384867986,-0.650891438126564,-0.2049990197022756,-0.19194155434767404
104.0,0.23558341960112253,1.196567217508952,1.0960890849431355,-0.10298569997151692,0.6626715784271558,0.9624748627344767,0.8071877211332321,0.4798631779849529,0.9075607458750407,0.927171379327774,1.7344020505746205,-0.026540935039520264,0.9046633342901865,1.787165105342865,1.6623830397923787,0.023584023118019104,-0.19601539274056753,0.06020076076189677,0.9936829805374146,0.9535220662752787
105.0,1.5635834534962971,1.6811294555664062,2.0346582730611167,0.5427273660898209,1.514033317565918,2.2397608757019043,2.1968204180399575,1.726868987083435,1.256030519803365,2.0548563798268638,0.8468757669130961,0.6264804353316625,1.3045619527498882,1.0412544806798298,0.7511813839276632,0.5320818026860555,0.5280755112568537,0.384371151526769,1.7940834760665894,1.9436958233515422
106.0,1.514030893643697,1.202060341835022,0.9810227851072947,0.6760964194933573,1.8722067425648372,1.977746566136678,1.919853687286377,1.9029463529586792,1.4914480845133464,1.3526987632115681,0.97227214773496,1.0155245661735535,1.8424399296442668,1.9815568923950195,1.9669347703456879,0.7870283524195353,1.0925530989964802,1.289091984430949,1.264727036158244,1.624177078406016
107.0,0.4712567130724589,0.02656706174214681,-0.3788885672887166,-1.5224533081054688,0.20616262157758078,-0.49223900338013965,-0.34500567118326825,0.2470235824584961,0.5118001898129781,-0.021763394276301067,-0.5188348690668741,-1.3780180513858795,0.3648930365840594,1.0406959454218547,0.7977154652277628,-1.7276420990626018,-1.4462441802024841,-1.2671037452916305,-0.5061431676149368,-0.5495672350128492
108.0,1.4871599276860554,0.7156888643900553,0.8505805532137553,-0.10355341310302417,1.0079233994086583,1.621437797943751,1.5924193660418193,1.368862157066663,0.764829953511556,0.9313886165618896,0.41953615347544354,0.0686131219069163,0.7444654355446497,1.2980265816052754,1.1343590219815571,-0.36158085862795514,0.0654821867744128,0.02188749611377716,1.9702380100886028,1.6953068574269612
109.0,2.2572423617045083,1.4733002583185832,1.5956069231033325,0.6530064245065054,2.200589736302694,2.6779332955678306,2.947031617164612,2.6075929005940757,1.7230685154596965,2.252241094907125,1.1312968184550602,0.4304421544075012,1.8238630294799805,2.7124365170796714,2.574786901473999,0.6958469276626905,0.661845842997233,0.8081763138373693,1.661294311285019,2.0958465139071145
110.0,1.7122119665145874,0.4711571931838989,0.27792395402987796,0.11568626140554746,1.2801102598508198,1.3942794402440388,1.232782204945882,1.3997684717178345,0.9492043852806091,0.30708464483420056,0.16204476356506348,-0.1938028335571289,1.0409795343875885,0.9534621040026346,0.7531384627024332,0.4123130242029826,0.2284830113252004,0.8237127562363943,0.9675439894199371,1.2459390039245288
111.0,-0.36468157172203064,-0.442019651333491,-0.14927069594462714,1.3718712329864502,-0.23304621378580728,0.26241060098012287,0.03042676051457723,-0.3176070700089137,-0.7008855938911438,0.14475372433662415,-0.07528058191140492,0.6748852878808975,-0.35806770126024884,0.9417694161335627,0.9594340771436691,1.1154967844486237,0.9119285841782888,0.8646178046862284,0.8335521022478739,0.6606518427530924
112.0,0.5555267930030823,0.867986927429835,1.187914212544759,-0.01670281837383906,0.3920169547200203,0.5699759870767593,0.5803244709968567,0.4615390698115031,0.6755443414052328,1.3553990920384724,0.7759360472361246,0.21870187918345133,0.46308870365222293,1.027936617533366,1.0274620254834492,-0.13399046659469604,0.20330655574798584,0.1823179523150126,1.0977389911810558,0.828626016775767
113.0,0.44600703318913776,0.4412258168061574,1.1382954915364583,1.5514068206151326,0.6626216520865759,1.5540826320648193,1.5646830002466838,0.7824670573075613,-0.051261926690737404,1.547255535920461,1.0816067854563396,1.5774226983388264,0.2745612661043803,1.455304483572642,1.433847983678182,1.857080300649007,2.189000050226847,2.271888097127279,1.0179243286450703,1.2728391687075298
114.0,0.9742146730422974,1.189589609702428,1.430172085762024,1.3997109532356262,1.4602259000142415,2.451859474182129,2.4539585510889688,1.6404568254947662,0.931564728418986,1.681860049565633,0.8805708289146423,1.371324062347412,1.303372859954834,2.196759730577469,2.061793973048528,1.2445671558380127,1.7121624151865642,1.5118707815806072,2.6312248508135476,2.379883805910746
115.0,0.09039064745108287,1.702096551656723,2.4254858791828156,0.47640637556711835,0.6712638934453329,1.1551297903060913,0.6898166735967001,0.35629135370254517,0.8039551874001821,3.0240538318951926,0.6034079790115356,0.33674395084381104,0.7359055876731873,3.107978026072184,2.758717695871989,0.38845503330230713,0.500917911529541,0.7967597842216492,1.2616054341197014,1.2765291531880696
116.0,0.9109943533937136,0.7820688287417094,0.9900074203809103,0.16536395500103632,1.4384366671244304,1.7903108596801758,1.916275978088379,1.5702463189760845,0.6251691977183024,1.4791538914044697,1.6412406663099925,0.6067727307478586,1.0998667081197102,2.1845301389694214,1.881877859433492,0.5352165549993515,1.0899430712064107,1.720171848932902,1.6788610219955444,1.719704508781433
117.0,1.533748745918274,1.913362940152486,2.22199547290802,0.6595478653907776,1.5310360193252563,2.064926822980245,2.467645287513733,1.9232651392618816,1.532666762669881,2.722325841585795,1.6960207621256511,0.599430908759435,1.4238642454147339,3.0398825804392495,2.7028005917867026,0.926652212937673,0.722937802473704,0.631452719370524,1.2372219959894817,1.4678579370180767
118.0,0.774990955988566,0.6681085030237833,0.5794963836669922,0.029147987564404804,0.5727995236714681,0.1008380651473999,0.5023915767669678,0.6917404731114706,0.8047478397687277,0.7457770903905233,0.5692898531754812,-0.08826704944173495,0.7711622714996338,1.2291170358657837,1.1875256498654683,-0.03930581050614516,-0.09998147437969844,0.14229131241639456,-0.6126348773638407,-0.2307234207789103
119.0,1.5963391065597534,0.9345129728317261,0.8648533125718435,0.3354940364758174,1.160081813732783,1.5756406386693318,1.8929735124111176,1.4678109288215637,0.9946641325950623,1.2482872009277344,1.4182527363300323,0.2658894558747609,0.9411231279373169,1.992593804995219,1.734288826584816,-0.16540966431299844,0.13377730548381805,0.33139728382229805,1.6340151230494182,1.4276010195414226
120.0,1.972263216972351,2.0108800331751504,2.028776923815409,-0.13159563144048056,1.8179556926091511,2.303164521853129,2.4184351364771524,1.9764033953348796,1.8112043142318726,2.0066052277882895,1.1635242700576782,0.22730112075805664,1.698117772738139,1.6874542633692424,1.5530792077382405,0.03427779674530029,0.5544673353433609,0.5030967990557352,2.136875033378601,2.1819283962249756
121.0,0.2539052168528239,0.9594055612881979,0.9919823209444681,1.505350669225057,0.7181143860022227,0.5596906940142313,0.18357415994008383,0.5189353227615356,0.7380300958951315,1.3871931234995525,0.5512871593236923,1.5034322341283162,0.824467658996582,1.5855298042297363,1.499004289507866,1.1493048469225566,1.5591963529586792,1.508570412794749,0.09331571062405904,0.5026706804831823
122.0,1.996066411336263,1.2481767982244492,1.4132705330848694,0.9201786816120148,1.757651686668396,3.043032089869181,3.1660383542378745,2.2719175020853677,1.043848733107249,1.4630011916160583,2.523041844367981,0.8617742657661438,1.3365822235743205,1.5447777311007183,1.3148639798164368,1.1780707836151123,1.4696120023727417,1.4480053186416626,3.0577215353647866,2.8174966971079507
123.0,-0.2492588460445404,0.03960066040356954,0.26408982276916504,-0.23927768071492514,-0.4341282645861308,-0.0236991544564565,0.18482710917790732,-0.25186888376871747,0.04785533249378204,0.5801268517971039,0.6952134420474371,-0.6517958343029022,-0.3096686005592346,1.3645071784655254,1.3220805923144023,-0.28245556354522705,-0.2849684456984202,0.007026210427284241,0.7009026209513346,0.009572486082712809
124.0,-0.23782467345396677,-0.7005637884140015,-0.5302560329437256,-0.3459167902668317,-0.3476289014021556,0.5381462747852007,0.34190795322259265,-0.14321724573771158,-0.6691076159477234,-0.17195879419644675,-0.708386609951655,-0.003240990142027537,-0.6893959393103918,1.1782244543234508,1.130229910214742,-0.48830724755922955,-0.43003542224566144,-0.23011415203412375,0.696209599574407,0.36452865848938626
125.0,0.5104998697837194,0.6378536820411682,0.713491678237915,-0.4806934247414271,0.3172168731689453,0.8363319436709086,0.6877377554774284,0.37999571363131207,0.49570268392562866,1.0534485578536987,0.7844830254713694,-0.014351770281791687,0.366634468237559,1.5886278947194417,1.4861095945040386,-0.10866967837015788,0.16529222826162973,0.41452279686927795,0.5968520144621531,0.6531950222949187
126.0,0.9989037811756134,0.4727763583262761,0.7376676201820374,0.3603789284825325,1.32427050669988,1.682509906589985,1.2880918979644775,1.2670927842458088,0.5721130842963854,1.0399128595987956,0.32037418087323505,0.7993873059749603,0.8762384255727133,1.430864195028941,1.1887514392534893,0.34081654747327167,0.9259967704614004,0.9318626125653585,0.7744084844986597,1.3377932508786519
127.0,0.9505544900894165,0.24798415104548135,0.13660242656866708,0.35069482525189716,0.6417683561642965,0.8055655707915624,0.8542943795522054,0.8265956441561381,0.5241326093673706,0.1200191080570221,1.636579195658366,0.14718865851561228,0.5669730106989542,0.261300394932429,0.17551010847091675,0.4075482090314229,0.46894729137420654,0.7796435157457987,0.5839040577411652,0.6519040366013845
128.0,0.9024741351604462,1.0087500711282094,1.2200667361418407,-0.9136941780646642,0.5323926483591398,0.4298866192499797,0.7065533399581909,0.763631651798884,0.9114619394143423,1.547954758008321,-0.032653296987215676,-0.9118333756923676,0.5909261206785837,2.160386840502421,1.8370445569356282,-0.795183852314949,-0.8964422717690468,-0.6172225624322891,0.11072436968485515,0.17758947610855103
129.0,0.853719433148702,0.9520906855662664,1.1864819526672363,1.4353433847427368,1.1366834441820781,2.0113181273142495,1.8268688122431438,1.2043123443921406,0.7888713479042053,1.4297721187273662,1.683787037928899,1.5395479599634807,0.8349599254628023,1.3510587612787883,1.045928676923116,1.2827871789534886,1.9795949012041092,2.2657189865907035,2.3100053469340005,2.0201887289683023
130.0,1.1121776501337688,0.8892693718274435,1.2048572897911072,-0.04510921239852905,0.8891356587409973,1.531789521376292,1.8500401973724365,1.2378368973731995,0.872893214225769,1.5211939016977947,1.2345409095287323,-0.6815875569979349,0.7869160970052084,1.6401396095752716,1.3028046488761902,0.3523573577404022,-0.2556802034378052,0.4291379749774933,1.3786289344231288,1.1853428830703099
131.0,0.415327121814092,-0.24423134326934814,-0.7264969150225321,0.6878765225410461,0.22904237608114877,0.08359291404485703,0.13562560205658278,0.11008453865845998,0.08460943400859833,-0.4184532066186269,0.9437872370084127,0.609626829624176,0.22044229010740915,0.1931156118710836,0.3235965967178345,0.0670649657646815,0.29432294766108197,0.02866484473148982,-0.1523014803727468,0.1834380030632019
132.0,1.8032443523406982,0.8565481454133987,1.1265059510866802,0.18248631432652473,1.4577897836764653,2.2409875094890594,2.48832505941391,1.8238775829474132,0.9117568184932073,1.6234779953956604,1.4915694395701091,-0.052865038315455117,1.003102421760559,1.293376088142395,0.972565641005834,0.5122485359509786,0.37791313727696735,0.6571032404899597,1.8622131546338399,1.8297404547532399
133.0,1.678788701693217,1.2136676808198292,1.2829231520493825,0.9817104339599609,1.5953999360402424,1.9943810900052388,2.5850273768107095,1.9959662755330403,1.1282182733217876,0.793497641881307,1.1337765157222748,1.5348982413609822,1.413916031519572,1.1759527623653412,0.9610586762428284,0.75311212738355,1.263851930697759,0.733974426984787,1.459943453470866,1.6154675881067913
134.0,1.0096371670564015,0.443070650100708,0.5133573412895203,-0.011731157700220743,0.5920404444138209,1.1597601274649303,1.2416253288586934,0.756516675154368,0.3635028799374898,1.0344613989194233,1.1650189757347107,0.1765949328740438,0.3689020276069641,1.5299536685148876,1.4504698763291042,-0.4706284999847412,-0.15307116508483887,-0.6998618046442667,1.5991025467713673,1.1906586388746898
135.0,2.5498582124710083,3.052756746610006,2.852051575978597,0.36659368375937146,3.4509255091349282,3.785384734471639,4.0454029242197675,3.5647483666737876,2.8053718407948813,2.7038296858469644,1.6573110818862915,0.23568119605382284,3.305318593978882,2.567725936571757,2.2833255529403687,0.7419807364543279,0.6050633490085602,0.8594155609607697,2.678916652997335,3.2917748292287192
136.0,0.5814926624298096,0.8906200329462687,1.3302582899729412,0.21902867158253989,0.5034017264842987,1.657967249552409,1.805605451265971,0.8005516032377878,0.3596535225709279,1.2461278041203816,0.21146010359128317,0.12520857652028403,0.387652983268102,1.0151492953300476,0.563329299290975,0.29083697001139325,-0.01688563823699951,0.22114809354146323,1.9373302857081096,1.427057921886444
137.0,0.021635552247365315,-0.14634963870048523,0.06964639574289322,-0.5393290221691132,-0.16608446836471558,-0.120563805103302,0.018192052841186523,-0.28034154574076336,-0.23164753119150797,0.6454453865687052,-1.0075208644072216,-0.534097400183479,-0.16293182224035263,0.8862374027570089,0.6862706740697225,-0.5814560403426489,-0.4600667357444763,-0.3137172758579254,0.3329146405061086,0.03297101457913717
138.0,2.2663478453954062,1.7496358156204224,1.5808680454889934,0.8615517765283585,2.469316562016805,3.484490235646566,3.371490160624186,2.7025409936904907,1.9145586887995403,1.830954114596049,0.8856628139813741,0.6124263008435568,2.0090489983558655,1.7585989634195964,1.534318208694458,1.4170932670434315,0.9578238924344381,1.337088813384374,2.18912680943807,2.9029273986816406
139.0,1.680017113685608,1.9260905186335247,2.402716875076294,0.10137668500343959,1.5149106780687969,1.8867420305808384,1.9886505007743835,1.80860831340154,1.498982350031535,2.702885945638021,2.51446000734965,0.39341333011786145,1.4253204663594563,2.8546698093414307,2.4642372131347656,0.38104064017534256,0.5900794838865598,1.2561781009038289,1.681553880373637,1.73421814541022
140.0,1.7830137014389038,1.7146549622217815,1.7006776730219524,0.30639662345250446,1.8427935043970745,2.3722622394561768,2.4223719437917075,2.067786773045858,1.605258822441101,1.4460690021514893,1.2205050388971965,0.6887127757072449,1.67198912302653,1.7657972971598308,1.6411309043566387,0.6539502739906311,0.7828666766484579,0.4372832079728444,2.255356470743815,2.233916918436686
141.0,0.19227241476376852,0.5679135024547577,0.12225862344106038,-0.48314863443374634,0.6587813099225363,1.0803109208742778,0.7732440481583277,0.5205797776579857,0.5089091149469217,0.28731337438027066,0.5153341790040334,-0.6732562979062399,0.7389715885122617,1.9961200555165608,1.7143910924593608,-0.07989163448413213,-0.09256762638688087,0.7035276194413503,1.4275951782862346,1.1710025072097778
142.0,0.18594331542650858,-0.0029055277506510415,0.04448068141937256,0.27057454983393353,0.054385085900624595,0.14872215936581293,0.20010866224765778,0.17417731881141663,0.06551727155844371,0.2911064227422078,-0.19023596247037253,0.23580790559450784,0.09198125700155894,0.6197913487752279,0.6893624862035116,0.519158124923706,0.6879707972208658,1.0722310344378154,0.6037095586458842,0.24210862318674722
143.0,0.8356878409783045,1.1604054383933544,1.2070254683494568,0.9135995805263519,1.3697280883789062,2.0107720295588174,1.6481124659379323,1.3745581706364949,0.9788370902339617,2.0193039576212564,1.9657488266626995,0.8288198808828989,1.1876513957977295,3.0388031005859375,3.036787668863932,0.645733579993248,1.0759663383165996,1.2383197943369548,2.2585952281951904,1.9527088801066081
144.0,0.5446196993192037,0.6355288028717041,1.145155131816864,0.16364731142918268,0.5670491655667623,1.6621197114388149,1.6055321792761486,0.8285155495007833,0.1789363225301107,1.5122843384742737,0.7950418293476105,0.45712924003601074,0.2890443553527196,1.862063189347585,1.6228468815485637,0.012725293636322021,0.4750613619883855,0.9690176397562027,0.8725905617078146,1.1147417426109314
145.0,1.8702213962872822,1.788679262002309,2.204981207847595,-0.007045718530813853,1.8153019348780315,2.7537280718485513,2.773228128751119,2.2060627937316895,1.3955620328585308,2.1711796124776206,1.2345569531122844,-0.08143125971158345,1.438352902730306,2.0284577210744223,1.666199227174123,-0.07771807909011841,-0.08781886100769043,-0.07541752854983012,1.875811219215393,2.256009896596273
146.0,-0.7658558289210001,0.27302714188893634,0.3637186884880066,-0.3804313838481903,-0.13173940405249596,-0.060887351632118225,-0.6707415531078974,-0.47833000620206195,0.08945732315381368,0.08132864783207576,0.13633892933527628,-0.9300624132156372,-0.01261259118715922,0.18191083272298178,0.3060699899991353,0.06729705135027568,-0.7435969511667887,-0.16411478320757547,0.42136238018671673,0.12532742818196616
147.0,0.9379582554101944,0.12659677863121033,0.1252085566520691,0.20225451389948526,1.1403246074914932,1.5801765124003093,1.6727266634504,1.3528839548428853,0.37466688454151154,0.19827980796496072,0.3810339073340098,0.1322640081246694,0.7583406729002794,1.0124592383702595,0.9471166531244913,0.020059262712796528,-0.0211659570535024,-0.0335361510515213,1.141201729575793,1.2670503929257393
148.0,0.42483945687611896,0.7187271863222122,1.3212138811747234,-0.3716231683890025,0.6387878656387329,0.8092576265335083,0.9037462075551351,0.6733360687891642,0.3686718742052714,1.2126835783322651,-0.06713801622390747,-0.7834118405977885,0.6079772512118021,1.0522533853848774,0.9304811259110769,-0.64783443013827,-0.9123332897822062,-0.7069909771283468,0.39203842480977374,0.6318840384483337
149.0,0.46386218070983887,0.7570766309897105,1.163166085879008,-0.30168376863002777,0.3820696199933688,0.6409214933713278,0.674230953057607,0.416839183618625,0.4665947159131368,1.3383169968922932,0.5766504108905792,-0.22475522011518478,0.34918109824260074,1.8068757851918538,1.3838145732879639,-0.2403201162815094,-0.17163867379228273,0.4759467343489329,0.27299781640370685,0.4827249050140381
150.0,1.6709457039833069,1.2442907492319744,1.3113528887430828,0.4954323669274648,1.3118668397267659,1.8203010161717732,1.9454156160354614,1.6824398040771484,1.0205667614936829,1.6875416040420532,0.8518261959155401,0.24518714596827826,1.0749723712603252,1.7356289625167847,1.4951947927474976,0.36767125874757767,0.2387875517209371,0.7021038234233856,1.7797870238622029,1.663143475850423
151.0,1.0990340908368428,1.2293578783671062,1.2623041967550914,-0.5721923957268397,0.8695928330222765,1.7704791227976482,2.08342178662618,1.2728429039319356,0.916963999470075,1.0772084593772888,-0.02170339971780777,-0.31723704437414807,0.6652114590009054,0.7736698687076569,0.6406082014242808,-0.9071720093488693,-0.7167290498812994,-0.7536322424809138,1.6825615167617798,1.4421359499295552
152.0,1.008739213148753,1.0993560949961345,1.623547116915385,0.15055485566457114,0.6191101024548212,1.3284042874972026,1.5062390168507893,0.9806902607282003,0.5910582592089971,1.5484801729520161,2.0281843741734824,-0.11878416563073795,0.6063933968544006,1.244237204392751,1.03421550989151,0.19725853204727173,0.25977520147959393,0.6011733810106913,1.2312481602032979,1.0765855809052784
153.0,0.693793535232544,-0.049211785197257996,0.022920891642570496,-0.20175919930140176,0.32026902834574383,0.9710014661153158,0.8946962157885233,0.6320633490880331,0.2178755501906077,0.7600784997145335,0.5565431589881579,-0.053314278523127236,0.02826535701751709,1.2719733715057373,1.332813024520874,-0.05761954685052236,-0.07051714261372884,0.33666861057281494,1.1560229460398357,0.8605915606021881
154.0,0.6778386831283569,1.3892751038074493,1.4214842120806377,0.8554245829582214,1.3776550491650899,1.8943310578664143,1.6423442761103313,1.2100305010875065,1.0538181861241658,1.5430811494588852,1.6601494352022808,0.651041309038798,1.3320282697677612,1.7148569424947102,1.4337387482325237,1.080341378847758,1.2280924518903096,1.4569505453109741,2.324242273966471,2.0110026597976685
155.0,0.8191411296526591,0.6683331280946732,1.6513944466908772,0.2908657093842824,0.9732106427351633,1.994691791633765,2.10026054084301,1.3103929261366527,0.34465836485226947,2.5331993103027344,0.6998445590337118,0.15492906421422958,0.5324882864952087,3.1704707940419516,2.8508125146230063,0.5331445237000784,0.5500030318895975,0.9289484620094299,1.6533947388331096,1.6013467609882355
156.0,0.7085788945357004,0.18600910902023315,0.4015658497810364,0.5467279950777689,0.3500017325083415,0.7424161732196808,0.9251474340756735,0.6332778806487719,0.22119279702504477,1.097145547469457,0.39586158096790314,0.36150668064753216,0.14010590314865112,2.58247979482015,2.149794658025106,0.48903989295164746,0.6632871826489767,0.3123748203118642,1.0821628371874492,0.7279716531435648
157.0,1.363287130991618,1.7029863198598225,2.0730613470077515,-0.41876429816087085,1.4603221615155537,1.8609577318032582,2.1868223349253335,1.7132299741109211,1.49037770430247,2.5106226603190103,0.5223812858263651,-0.053318679332733154,1.4337546825408936,2.617044369379679,2.4803746541341147,-0.24187333385149637,-0.22537296017011008,0.028481942291061085,1.1008307735125225,1.377283642689387
158.0,1.2246702710787456,0.7511498928070068,0.9141040444374084,0.11946143706639607,1.0729789038499196,1.2773420015970867,1.4264016151428223,1.2248391757408779,0.6601306696732839,0.8802731198569139,0.5121075113614401,0.6754634181658427,0.8511809806029002,1.206147198875745,1.2865552107493083,-0.24009288350741068,0.3605620265007019,0.004371317724386851,1.2363830904165904,1.2598387499650319
159.0,0.7902061343193054,0.1801074743270874,0.530186653137207,-0.060506378610928856,0.7249558394153913,1.4587458024422328,1.87985364596049,1.1398738622665405,0.2205886443456014,0.8435030579566956,-0.2819281816482544,0.2039505342642466,0.3367442737023036,1.369328459103902,1.201770802338918,0.25334904218713444,0.3617021106183529,0.4877624015013377,0.9518541296323141,0.9302125771840414
160.0,1.7306909759839375,1.6873327891031902,1.6621352434158325,0.5145027140776316,1.6945099631945293,2.0245973269144693,2.3390116691589355,1.9798603455225627,1.5380473335584004,1.9469504654407501,1.0022156834602356,0.6762546449899673,1.5469169815381367,1.9948562781016033,1.708394209543864,0.6636744656910499,0.829026211053133,0.8826098342736562,1.7111817200978596,1.6849945783615112
161.0,1.119884582857291,0.7539303426941236,0.6894619762897491,-0.6892674366633097,1.179328590631485,1.5653941308458645,1.7581791480382283,1.3489538033803303,0.8415551980336508,0.7668970425923666,1.284271478652954,-0.25574453671773273,1.0204290747642517,1.572796146074931,1.427481770515442,-0.10506971677144368,-0.027332405249277752,-0.07765746613343556,1.1507219870885212,1.2339135805765789
162.0,0.810591496527195,0.7439276327689489,0.980061948299408,-0.541358212629954,1.0073878665765126,1.676176389058431,1.3241387531161308,1.0367967983086903,0.6065938621759415,1.2870229681332905,0.4597355326016744,-0.321229229370753,0.794699048002561,0.94562828540802,0.72891037662824,-0.7738380233446757,-0.4113204578558604,-0.2086166888475418,1.9441816012064617,1.7349573771158855
163.0,0.30910947918891907,0.9589831431706747,0.9725662469863892,0.6124743223190308,0.5577984191477299,0.3898631917933623,0.5085417032241821,0.478954757253329,0.6914829015731812,0.9697681466738383,0.44980724652608234,0.2634956439336141,0.682922825217247,0.792702908317248,0.7917076249917349,0.6096482624610265,0.4368810753027598,0.374201034506162,0.49613045652707416,0.48435217638810474
164.0,1.3258584439754486,1.1219026148319244,1.1820859462022781,0.32607223590215045,1.1341911256313324,1.4664419988791149,1.6813161273797352,1.4227397342522938,1.0011782000462215,1.3888846536477406,-0.024318357308705647,0.4175498088200887,0.9263955404361089,1.492226019501686,1.4143142153819401,-0.01042895515759786,0.4926446781804164,0.6090506489078203,1.2851470311482747,1.3045890033245087
165.0,1.4591466387112935,1.4235455989837646,1.5833179752031963,0.7225443124771118,1.793274998664856,2.2652670542399087,2.4767777919769287,2.084199825922648,1.1699036161104839,1.9572775959968567,1.789650837580363,1.1405941843986511,1.477327009042104,2.1285865704218545,1.8998181819915771,0.9723513126373291,1.4405492146809895,1.5445598761240642,1.9754808743794758,2.0493710041046143
166.0,0.6435566246509552,0.3044413725535075,0.8632496098677317,0.4233403305212657,0.09721152484416962,0.6322717666625977,0.8253042995929718,0.35825928548971814,0.06920970479647319,1.3479692538579304,0.0869289090236028,0.692076583703359,-0.18428056438763937,2.1139689286549888,1.843465805053711,0.38386088112990063,0.47833748658498126,0.052987237771352134,1.3958603143692017,0.932147224744161
167.0,0.8926892876625061,0.1702620747188727,0.367521400252978,0.5576614638169607,0.5111110806465149,1.163061300913493,1.245845357577006,0.7928330053885778,0.3792928059895833,0.6839134593804678,1.4152231017748516,0.45869508385658264,0.26807649930318195,0.27683855841557187,0.15983696281909943,0.5122573177019755,1.0472310384114583,1.6084866523742676,1.3084540963172913,1.0018599530061085
168.0,0.6374817291895548,1.1921063512563705,1.2157966295878093,1.1158731877803802,1.6794732014338176,2.135108550389608,1.3525903622309368,1.4191019137700398,1.0265608951449394,1.2681332031885784,0.2550407350063324,0.7081021865208944,1.5549755891164143,1.9254920085271199,1.9287920792897542,0.8683690826098124,0.7615418434143066,0.7238573233286539,2.4763232866923013,2.369807998339335
169.0,2.3909192085266113,1.5076833566029866,1.3841376105944316,0.8216951588789622,2.4661776224772134,2.8455569744110107,3.320802370707194,2.895175814628601,1.8903165260950725,1.5190365215142567,1.5748420159022014,0.5462840795516968,2.1287073691685996,1.6014466683069866,1.6454524993896484,0.6126493811607361,0.421153446038564,0.3357432683308919,1.2431372702121735,2.0658376018206277
170.0,2.5180978775024414,2.563343127568563,2.546519676844279,1.1118940909703572,2.832937320073446,3.4230875968933105,3.6642565727233887,3.1942859490712485,2.3868842919667563,2.451021194458008,2.171246568361918,1.2394694884618123,2.6194583574930825,2.220520257949829,2.0413419802983603,1.0031623045603435,1.2733477552731831,1.1209782163302104,3.193201780319214,3.0740464528401694
171.0,2.327051321665446,1.3345048626263936,1.8570646246274312,1.0729378859202068,1.362141728401184,2.610565940539042,3.08746329943339,1.9928365349769592,1.20134540895621,2.308906396230062,2.349205255508423,0.9150407314300537,0.8709994951883951,2.268536647160848,1.85114187002182,1.3805025418599446,1.562713901201884,1.8717734813690186,2.656534989674886,2.281339923540751
172.0,1.3133795410394669,1.3029561564326286,1.1355425889293354,0.1494922637939453,1.4124425277113914,1.609384189049403,1.8889865577220917,1.6716651419798534,1.3433495213588078,1.2714468042055767,1.3291398485501607,0.24834113319714865,1.4422191480795543,1.7014660835266113,1.3294710318247478,0.29335710406303406,0.31702564160029095,1.0461498896280925,1.5174212343990803,1.41863518456618
173.0,1.5850334564844768,-0.08296702305475871,0.05080974102020264,-0.10475796461105347,0.667882243792216,1.0387952824433644,1.8248162865638733,1.1791463245948155,0.3450101613998413,0.45783984661102295,0.21503210067749023,0.05597019692262014,0.4409777522087097,0.7930785218874613,0.4758298496405284,-0.012809208904703459,0.3349383572737376,0.44533497591813404,0.5376051664352417,0.579229493935903
174.0,2.67173441251119,1.6394497553507488,1.490707774957021,-0.047283043464024864,2.2925123373667398,2.84794553120931,3.193298896153768,2.721001068751017,2.0244467655817666,1.6403443415959675,1.0076658229033153,0.905161182085673,2.1570993264516196,2.5731579860051474,2.5182039737701416,0.01158263348042965,0.49775536358356476,0.37690531462430954,2.242678254842758,2.4028584957122803
175.0,1.9717298448085785,0.630044182141622,1.1581693838040035,0.4728822559118271,1.5399869481722515,2.456348955631256,3.418564041455587,2.281818057099978,0.9076189200083414,1.9829921548565228,1.7981826563676198,0.33748146891593933,1.0087451934814453,2.409350633621216,2.4239693880081177,0.6287487695614496,0.4719155728816986,1.1422061348954837,1.2617429892222087,1.515904398014148
176.0,1.532108207543691,1.4187769492467244,1.6001327832539876,0.74568343659242,1.4752801656723022,1.4076096812884014,1.9174585739771526,1.715282718340556,1.3034944136937459,2.0435696840286255,1.3657506903012593,0.9783173402150472,1.3790759245554607,2.0814195473988852,1.863164226214091,0.9490410828342041,0.9684292276700338,0.9482000271479288,1.2182769576708476,1.1645340124766033
177.0,2.2159551779429116,1.3792164226373036,1.719987541437149,1.4612685441970825,1.595062365134557,2.21091365814209,2.723211169242859,2.260711669921875,1.4128682588537533,2.3031150301297507,1.752410928408305,1.2904082735379536,1.3025225102901459,2.2652793526649475,1.9564156035582225,1.2786474625269573,1.4100040594736736,1.476901650428772,1.0848705967267354,1.452429433663686
178.0,2.2035253842671714,1.6484082539876301,1.8669419288635254,0.3586883669098218,0.5884748001893362,0.8163550794124603,1.7177605430285137,1.219180514415105,1.5827471017837524,1.9657846291859944,1.3303759495417278,0.5786170115073522,0.8421880404154459,1.882887641588847,1.569454034169515,0.4126993715763092,0.6703008313973745,1.0264011422793071,0.7052434881528219,0.3647447849313418
179.0,1.7216304540634155,2.0797903537750244,2.172120968500773,1.1156827211380005,1.6337928771972656,2.014059861501058,2.355764547983805,1.8498194217681885,1.8085057338078816,1.7429673274358113,1.301612655321757,0.6293254295984904,1.717254400253296,1.4808770616849263,1.2950751384099324,1.216547171274821,1.1234935522079468,1.2036214272181194,1.8845324913660686,1.7970540324846904
180.0,0.049275919795036316,0.19122308492660522,0.5897009372711182,-0.04085712134838104,0.14474395910898843,0.6437498331069946,0.8059403498967489,0.2099768469731013,-0.10258166988690694,0.993613158663114,-0.1449549396832784,0.03771039222677549,-0.124634583791097,1.4135886778434117,1.614842673142751,0.14991441369056702,0.01788518453637759,0.2635507931311925,0.10627418756484985,0.4020933310190837
181.0,-0.31095464030901593,-0.4207669099171956,-0.22032888730367026,-0.015290118753910065,-0.4771981214483579,-0.33958981434504193,-0.2378861034909884,-0.29370965374012786,-0.39085736870765686,0.3398366831243038,0.3708730439345042,0.41221773624420166,-0.3529841899871826,1.1984936197598774,1.0610464612642925,-0.18495229880015054,0.6494524280230204,0.8294270833333334,-0.23312759399414062,-0.503582239151001
182.0,1.266445259253184,0.834425687789917,1.4703742067019145,-0.23248428106307983,0.6579570571581522,1.5339036211371422,1.8552097727855046,1.1220978200435638,0.6693190733591715,1.54751052459081,1.7788832932710648,0.21335512399673462,0.4142817258834839,2.085225502649943,1.594135046005249,0.42254391809304553,0.6357938299576441,1.1329944282770157,1.4231738597154617,1.105604648590088
183.0,1.332440455754598,1.6349470069011052,1.3040811717510223,0.8846227327982584,1.9740331868330638,2.7123828331629434,2.7413037021954856,2.1723601818084717,1.401699498295784,0.9151681264241537,1.9016375839710236,0.9873689909776052,1.6612801949183147,1.455334484577179,1.2959113121032715,1.426244447628657,1.47644904255867,1.9254981031020482,1.7923900485038757,2.3336085875829062
184.0,1.2510050336519878,0.653449222445488,0.6804109315077463,1.067407250404358,1.1271716753641765,1.7337760130564372,1.57738200823466,1.1954976717631023,0.6968535880247752,1.353087604045868,0.7204542358716329,1.0737730761369069,0.9645142753918966,2.0356733798980713,1.978031078974406,1.3775537014007568,1.35141255458196,0.998160183429718,1.8158821662267048,1.7347424825032551
185.0,2.2316635052363076,1.4910480578740437,1.4066481043895085,0.9193499883015951,1.697104036808014,2.40256097416083,2.7792181372642517,2.1768972476323447,1.4714889129002888,1.520045816898346,1.9616426626841228,0.49157429734865826,1.4723640878995259,1.093501627445221,0.7937214175860087,0.9477619528770447,0.6938034693400065,1.3293970674276352,2.085504300892353,2.083325281739235
186.0,0.6859940489133199,1.0130961099639535,0.9444468170404434,0.5815218066175779,0.7231511026620865,1.2173862059911091,1.4805863698323567,0.9323374231656393,0.9609331438938776,1.5879818598429363,1.490780770778656,0.6423891882101694,0.8242615958054861,1.8925743500391643,1.9008559385935466,0.7882302204767863,1.1015638907750447,1.4170146783192952,0.8246496915817261,0.8752741118272146
187.0,-0.41476555665334064,-0.2015323539574941,-0.6560653845469157,-0.7825493762890497,-0.0940133382876714,-0.50902791817983,-0.8745415608088175,-0.33489256103833515,0.14440216620763144,0.04867469581464926,-0.43177342414855957,-0.8371570159991583,0.061188181241353355,1.1622475385665894,1.2643038034439087,-0.9595742796858152,-0.7063221894204617,-0.6039527046183745,-0.6005296508471171,-0.5227628548940023
188.0,1.192561686038971,2.524731715520223,2.9612733523050943,0.2455317179361979,1.7381118933359783,1.5352972348531086,1.5227808952331543,1.8125882148742676,2.169661005338033,2.5556914806365967,1.1468085050582886,0.44112932433684665,1.8957610925038655,1.7472632626692455,1.1270970587308209,0.15876819690068564,0.7102470149596533,1.1072040398915608,0.9763644337654114,1.1453345616658528
189.0,0.5136442184448242,0.723044142127037,0.721837192773819,0.026003902157147724,0.3419323240717252,0.7970430453618368,0.5386064747969309,0.3968124985694885,0.4271872142950694,1.0167463620503743,-0.05331059296925863,0.21554872766137123,0.4720689033468564,1.8802703420321147,1.574112981557846,-0.13481048742930093,-0.028313825527826946,-0.010756472746531168,1.2847037116686504,0.8228582044442495
190.0,1.344084640343984,1.121911036471526,1.477291762828827,-0.028219362099965412,1.6391730705897014,2.0708948771158853,2.1018360455830893,1.9033944010734558,1.1466729541619618,2.154755622148514,1.146221600472927,-0.023746331532796223,1.2926964561144512,3.095400015513102,2.6756301720937095,0.09465373555819194,0.5816490749518076,0.8400918990373611,2.0906269947687783,1.8751163482666016
191.0,1.9430778821309407,0.3625967502593994,0.3957136968771617,0.40256782124439877,1.2004109174013138,2.2653002738952637,2.693403124809265,1.7645484904448192,0.6095302949349085,1.2722594340642293,0.7719703912734985,0.49357809126377106,0.8061935802300771,2.109512041012446,1.8632367253303528,0.7507875164349874,0.6824122816324234,0.5242674350738525,1.9904431502024333,1.8676985899607341
192.0,1.4478187958399455,2.2339982390403748,2.4912442366282144,0.9376092602809271,1.5476228594779968,2.144383668899536,2.5390239556630454,1.8145350615183513,1.55665489534537,2.4854754209518433,2.7169037659962973,0.9709191620349884,1.4390183587869008,2.096902370452881,1.7239316304524739,1.0805555582046509,1.5052007834116619,2.055968244870504,2.1994592348734536,2.0422932704289756
193.0,2.0320866902669272,2.3654973109563193,2.3432435194651284,0.23732563046117625,2.1050146023432412,2.2617493867874146,2.2790480057398477,2.2930173873901367,2.0743631521860757,1.7171066999435425,0.9792969624201456,0.2361575812101364,1.997736970583598,1.7147492170333862,1.3923577268918355,-0.011968774100144705,0.27216435968875885,-0.04955631494522095,1.729935606320699,1.9622195561726887
194.0,0.7442465623219808,0.37724214792251587,0.3226372351249059,-0.3784595380226771,0.45707931121190387,1.0972598890463512,1.1482288092374802,0.6344987352689108,0.3180416176716487,0.6171964810540279,1.3784947792689006,-0.4671143442392349,0.30258576075236004,1.311529278755188,1.0771162311236064,-0.12539291847497225,-0.14244629939397177,0.2559867898623149,1.6923344135284424,1.3224389453728993
195.0,2.0270185470581055,1.1867587665716808,0.8699077367782593,-0.8184095621109009,2.06161375840505,2.068173368771871,2.539936661720276,2.349904735883077,1.5374055703481038,0.9417404731114706,0.999905119339625,-0.5319214711586634,1.893032709757487,1.4057021935780842,1.2798323233922322,-0.7027595440546671,-0.3867308447758357,0.06792781998713811,1.4172300100326538,1.7006668448448181
196.0,0.46259087324142456,0.4538232088088989,0.6593948006629944,1.3022035360336304,0.845059891541799,1.1921102205912273,1.1015092730522156,0.7482428153355917,0.37032831087708473,0.683942437171936,0.5085563063621521,1.0380245447158813,0.7228655318419138,0.7920469443003336,0.7688866307338079,1.5417036215464275,1.506110688050588,1.5272597273190816,0.35266195237636566,0.820855716864268
197.0,1.928122083346049,1.7941070000330608,2.255791425704956,0.31592990458011627,2.0617419878641763,2.699255426724752,2.810129006703695,2.2900569438934326,1.5927391052246094,2.4793102741241455,2.584141413370768,0.3833940625190735,1.7113155523935955,2.9391797383626304,2.5495024919509888,0.7236770192782084,0.7466640373071035,0.7892869114875793,2.1608294248580933,2.3361517588297525
198.0,1.5069910287857056,1.3699150880177815,1.1953768630822499,0.6829532384872437,1.670376181602478,2.086521943410238,2.3959628343582153,2.010434548060099,1.3229477008183796,1.3355367183685303,1.1895970900853474,0.5455960432688395,1.4037612279256184,1.882305512825648,1.7898221413294475,0.8126212159792582,0.5874263445536295,0.504448413848877,1.3357472121715546,1.587674121061961
199.0,0.5833303332328796,0.7507308075825373,0.9828941921393076,0.2862568497657776,0.7570765614509583,1.4003336826960247,1.4441144267717998,0.8868293066819509,0.4005616356929143,1.2926602363586426,0.8416108141342798,0.39272721608479816,0.5936713119347891,1.3460052410761516,0.7938320835431417,0.37090939780076343,0.541723757982254,0.3827068582177162,1.2164323925971985,1.1555089155832927
200.0,2.170072635014852,1.3051824967066448,1.6989291111628215,0.6683577274282774,1.3226913213729858,2.411356210708618,2.7960440715154014,2.0686287879943848,1.1539796988169353,1.688757022221883,1.3897960980733235,1.116438666979472,0.8847232858339945,2.216254631678263,2.0446747541427612,1.3557139039039612,1.5214879910151164,1.6237266858418782,1.542183796564738,1.6779189904530842
