neuroid,Participant
6707,cvn7002
23984,cvn7002
55333,cvn7002
100727,cvn7002
31007,cvn7002
154936,cvn7002
45719,cvn7002
154932,cvn7002
55331,cvn7002
55334,cvn7002
23983,cvn7002
84741,cvn7002
103981,cvn7002
23988,cvn7002
154935,cvn7002
3086,cvn7002
110746,cvn7002
117400,cvn7002
23982,cvn7002
117391,cvn7002
55330,cvn7002
55329,cvn7002
154933,cvn7002
93101,cvn7002
84742,cvn7002
51285,cvn7002
23980,cvn7002
121,cvn7002
141307,cvn7002
84740,cvn7002
110747,cvn7002
41483,cvn7002
93099,cvn7002
84736,cvn7002
134627,cvn7002
55326,cvn7002
23979,cvn7002
3081,cvn7002
10763,cvn7002
110588,cvn7002
96401,cvn7002
84509,cvn7002
110590,cvn7002
154663,cvn7002
84480,cvn7002
84508,cvn7002
96402,cvn7002
20478,cvn7002
20479,cvn7002
84506,cvn7002
9214,cvn7002
110612,cvn7002
44472,cvn7002
44470,cvn7002
84482,cvn7002
115640,cvn7002
44474,cvn7002
84484,cvn7002
115639,cvn7002
84507,cvn7002
54073,cvn7002
37897,cvn7002
13754,cvn7002
84476,cvn7002
744,cvn7002
110589,cvn7002
84471,cvn7002
12597,cvn7002
154626,cvn7002
84483,cvn7002
154609,cvn7002
20482,cvn7002
154651,cvn7002
110593,cvn7002
98486,cvn7002
110610,cvn7002
110592,cvn7002
20481,cvn7002
154654,cvn7002
51208,cvn7002
20480,cvn7002
51199,cvn7002
110595,cvn7002
84514,cvn7002
110594,cvn7002
12596,cvn7002
110591,cvn7002
43317,cvn7002
37899,cvn7002
154656,cvn7002
9215,cvn7002
51210,cvn7002
108153,cvn7002
80402,cvn7002
80374,cvn7002
80409,cvn7002
149726,cvn7002
36249,cvn7002
149727,cvn7002
19126,cvn7002
49828,cvn7002
108133,cvn7002
80407,cvn7002
36251,cvn7002
149720,cvn7002
149728,cvn7002
149691,cvn7002
19110,cvn7002
149724,cvn7002
19117,cvn7002
26444,cvn7002
95567,cvn7002
149725,cvn7002
149692,cvn7002
36238,cvn7002
80383,cvn7002
123140,cvn7002
34107,cvn7002
143396,cvn7002
120722,cvn7002
52971,cvn7002
75169,cvn7002
129153,cvn7002
89852,cvn7002
7918,cvn7002
1749,cvn7002
17385,cvn7002
48101,cvn7002
44290,cvn7002
115379,cvn7002
13570,cvn7002
129137,cvn7002
6831,cvn7002
5127,cvn7002
129138,cvn7002
135425,cvn7002
23118,cvn7002
102947,cvn7002
9484,cvn7002
157022,cvn7002
129141,cvn7002
86564,cvn7002
21170,cvn7002
157135,cvn7002
18366,cvn7002
122109,cvn7002
31299,cvn7002
115381,cvn7002
38723,cvn7002
61459,cvn7002
31300,cvn7002
147014,cvn7002
119108,cvn7002
46952,cvn7002
157021,cvn7002
54295,cvn7002
56545,cvn7002
135423,cvn7002
63748,cvn7002
21144,cvn7002
86562,cvn7002
54293,cvn7002
35324,cvn7002
78158,cvn7002
78137,cvn7002
61468,cvn7002
1913,cvn7002
18365,cvn7002
8346,cvn7002
45950,cvn7002
16231,cvn7002
156778,cvn7002
78132,cvn7002
125991,cvn7002
156996,cvn7002
86273,cvn7002
86616,cvn7002
38757,cvn7002
684,cvn7002
146984,cvn7002
122110,cvn7002
86647,cvn7002
157024,cvn7002
21145,cvn7002
157231,cvn7002
106785,cvn7002
135359,cvn7002
86573,cvn7002
28982,cvn7002
38726,cvn7002
122108,cvn7002
139205,cvn7002
146989,cvn7002
129142,cvn7002
94290,cvn7002
68645,cvn7002
157227,cvn7002
86484,cvn7002
61466,cvn7002
157127,cvn7002
49096,cvn7002
27621,cvn7002
35335,cvn7002
157025,cvn7002
31270,cvn7002
157137,cvn7002
120168,cvn7002
35327,cvn7002
49094,cvn7002
139203,cvn7002
120166,cvn7002
38725,cvn7002
86623,cvn7002
49091,cvn7002
49095,cvn7002
46951,cvn7002
86651,cvn7002
24716,cvn7002
46953,cvn7002
146990,cvn7002
61456,cvn7002
16233,cvn7002
78139,cvn7002
68729,cvn7002
25170,cvn7002
86648,cvn7002
86622,cvn7002
125989,cvn7002
129134,cvn7002
18371,cvn7002
68730,cvn7002
120169,cvn7002
61467,cvn7002
49092,cvn7002
21203,cvn7002
35326,cvn7002
9495,cvn7002
38691,cvn7002
8345,cvn7002
56543,cvn7002
78134,cvn7002
78161,cvn7002
27665,cvn7002
61462,cvn7002
156780,cvn7002
125982,cvn7002
78160,cvn7002
78133,cvn7002
157191,cvn7002
21171,cvn7002
38746,cvn7002
157026,cvn7002
45936,cvn7002
18374,cvn7002
26001,cvn7002
30981,cvn7007
4936,cvn7007
154941,cvn7007
134560,cvn7007
37992,cvn7007
110751,cvn7007
55323,cvn7007
27280,cvn7007
84743,cvn7007
10761,cvn7007
84744,cvn7007
27316,cvn7007
84738,cvn7007
154940,cvn7007
154939,cvn7007
110748,cvn7007
60827,cvn7007
80368,cvn7007
48373,cvn7007
48374,cvn7007
1805,cvn7007
121102,cvn7007
19111,cvn7007
80369,cvn7007
17655,cvn7007
80370,cvn7007
48375,cvn7007
121105,cvn7007
42830,cvn7007
144438,cvn7007
149711,cvn7007
95524,cvn7007
149685,cvn7007
36236,cvn7007
149713,cvn7007
36237,cvn7007
132716,cvn7007
95525,cvn7007
144437,cvn7007
132717,cvn7007
12110,cvn7007
121097,cvn7007
34468,cvn7007
80371,cvn7007
95526,cvn7007
132715,cvn7007
42832,cvn7007
76026,cvn7007
149712,cvn7007
17662,cvn7007
34470,cvn7007
456,cvn7007
76029,cvn7007
48382,cvn7007
76020,cvn7007
8661,cvn7007
48383,cvn7007
132714,cvn7007
108125,cvn7007
4430,cvn7007
75993,cvn7007
105516,cvn7007
17661,cvn7007
80372,cvn7007
149684,cvn7007
95530,cvn7007
76016,cvn7007
42834,cvn7007
76018,cvn7007
76015,cvn7007
42831,cvn7007
149710,cvn7007
123050,cvn7007
95527,cvn7007
12111,cvn7007
8052,cvn7007
22320,cvn7007
89997,cvn7007
53039,cvn7007
89996,cvn7007
113903,cvn7007
161324,cvn7007
53040,cvn7007
52990,cvn7007
161323,cvn7007
22318,cvn7007
113803,cvn7007
161325,cvn7007
2459,cvn7007
93446,cvn7007
22319,cvn7007
53038,cvn7007
90000,cvn7007
113904,cvn7007
89854,cvn7007
40123,cvn7007
89998,cvn7007
161327,cvn7007
161328,cvn7007
90062,cvn7007
52985,cvn7007
113804,cvn7007
22264,cvn7007
136830,cvn7007
136760,cvn7007
9954,cvn7007
127559,cvn7007
161322,cvn7007
161060,cvn7007
90066,cvn7007
13173,cvn7007
127522,cvn7007
62584,cvn7007
127560,cvn7007
15214,cvn7007
16998,cvn7007
104325,cvn7007
9500,cvn7007
157171,cvn7007
12823,cvn7007
86578,cvn7007
111866,cvn7007
6825,cvn7007
27683,cvn7007
86598,cvn7007
111865,cvn7007
38738,cvn7007
157170,cvn7007
51908,cvn7007
61499,cvn7007
5142,cvn7007
38353,cvn7007
61508,cvn7007
86601,cvn7007
61509,cvn7007
126036,cvn7007
96808,cvn7007
86602,cvn7007
101118,cvn7007
27697,cvn7007
86591,cvn7007
156022,cvn7007
157142,cvn7007
21187,cvn7007
38731,cvn7007
157150,cvn7007
86586,cvn7007
157163,cvn7007
51895,cvn7007
51909,cvn7007
61503,cvn7007
157154,cvn7007
61523,cvn7007
126046,cvn7007
126038,cvn7007
86593,cvn7007
9499,cvn7007
51906,cvn7007
38735,cvn7007
157231,cvn7007
21185,cvn7007
111852,cvn7007
27699,cvn7007
21181,cvn7007
117684,cvn7007
21184,cvn7007
117683,cvn7007
51905,cvn7007
24103,cvn7007
157162,cvn7007
85853,cvn7007
61505,cvn7007
51899,cvn7007
157153,cvn7007
55530,cvn7007
27688,cvn7007
126037,cvn7007
146979,cvn7007
101117,cvn7007
135402,cvn7007
101116,cvn7007
51902,cvn7007
27677,cvn7007
2313,cvn7007
126034,cvn7007
156019,cvn7007
111854,cvn7007
135411,cvn7007
86603,cvn7007
12822,cvn7007
27686,cvn7007
21180,cvn7007
68691,cvn7007
157149,cvn7007
78126,cvn7007
85849,cvn7007
86583,cvn7007
2314,cvn7007
43542,cvn7007
104319,cvn7007
126044,cvn7007
111857,cvn7007
51907,cvn7007
51903,cvn7007
86604,cvn7007
146982,cvn7007
86592,cvn7007
86594,cvn7007
126040,cvn7007
35322,cvn7007
146983,cvn7007
126045,cvn7007
45935,cvn7007
111896,cvn7007
111853,cvn7007
21183,cvn7007
38730,cvn7007
12828,cvn7007
25194,cvn7007
135414,cvn7007
126073,cvn7007
55527,cvn7007
61501,cvn7007
126043,cvn7007
6827,cvn7007
86588,cvn7007
135412,cvn7007
55531,cvn7007
27687,cvn7007
117674,cvn7007
126039,cvn7007
126072,cvn7007
61524,cvn7007
111413,cvn7007
55529,cvn7007
146976,cvn7007
85855,cvn7007
156247,cvn7007
16995,cvn7007
68705,cvn7007
146978,cvn7007
43544,cvn7007
38734,cvn7007
55526,cvn7007
135403,cvn7007
106783,cvn7007
156271,cvn7007
74032,cvn7007
47715,cvn7007
1233,cvn7007
38732,cvn7007
86650,cvn7007
126042,cvn7007
51901,cvn7007
111860,cvn7007
111858,cvn7007
96820,cvn7007
86581,cvn7007
5141,cvn7007
24100,cvn7007
135408,cvn7007
20937,cvn7007
38436,cvn7007
31294,cvn7007
146984,cvn7007
78130,cvn7007
31292,cvn7007
35324,cvn7007
135023,cvn7007
68687,cvn7007
12715,cvn7007
15215,cvn7007
135410,cvn7007
146981,cvn7007
86585,cvn7007
68703,cvn7007
51900,cvn7007
120224,cvn7007
156272,cvn7007
117673,cvn7007
135401,cvn7007
27685,cvn7007
45943,cvn7007
55528,cvn7007
120220,cvn7007
3149,cvn7007
16769,cvn7011
25046,cvn7011
27272,cvn7011
57104,cvn7011
73345,cvn7011
73365,cvn7011
73366,cvn7011
103913,cvn7011
125072,cvn7011
17658,cvn7011
34463,cvn7011
66580,cvn7011
76011,cvn7011
76026,cvn7011
144422,cvn7011
144423,cvn7011
685,cvn7011
5498,cvn7011
9919,cvn7011
9952,cvn7011
20612,cvn7011
22232,cvn7011
39993,cvn7011
40095,cvn7011
44294,cvn7011
62576,cvn7011
62577,cvn7011
89733,cvn7011
89739,cvn7011
89994,cvn7011
98161,cvn7011
129148,cvn7011
160935,cvn7011
160937,cvn7011
161239,cvn7011
161240,cvn7011
161242,cvn7011
2316,cvn7011
5146,cvn7011
6816,cvn7011
12819,cvn7011
12825,cvn7011
15199,cvn7011
15200,cvn7011
20879,cvn7011
21197,cvn7011
21198,cvn7011
21199,cvn7011
21200,cvn7011
21201,cvn7011
21216,cvn7011
25176,cvn7011
25177,cvn7011
27654,cvn7011
27695,cvn7011
27696,cvn7011
29342,cvn7011
38446,cvn7011
43537,cvn7011
43538,cvn7011
45920,cvn7011
45921,cvn7011
51917,cvn7011
51918,cvn7011
51919,cvn7011
51920,cvn7011
51921,cvn7011
57319,cvn7011
57320,cvn7011
57321,cvn7011
61448,cvn7011
61510,cvn7011
61518,cvn7011
61519,cvn7011
61520,cvn7011
64521,cvn7011
64522,cvn7011
64523,cvn7011
68637,cvn7011
68640,cvn7011
68641,cvn7011
86430,cvn7011
86635,cvn7011
86642,cvn7011
86643,cvn7011
96809,cvn7011
96811,cvn7011
96812,cvn7011
96813,cvn7011
96815,cvn7011
101086,cvn7011
101088,cvn7011
101090,cvn7011
101091,cvn7011
101092,cvn7011
104324,cvn7011
111749,cvn7011
111883,cvn7011
111886,cvn7011
111887,cvn7011
111918,cvn7011
120185,cvn7011
120186,cvn7011
125965,cvn7011
125966,cvn7011
126063,cvn7011
126064,cvn7011
130112,cvn7011
135329,cvn7011
142076,cvn7011
142077,cvn7011
156299,cvn7011
157000,cvn7011
157146,cvn7011
157147,cvn7011
157233,cvn7011
157235,cvn7011
84742,cvn7012
110114,cvn7012
37991,cvn7012
45724,cvn7012
9249,cvn7012
117400,cvn7012
1164,cvn7012
84740,cvn7012
117395,cvn7012
45723,cvn7012
117404,cvn7012
117401,cvn7012
23983,cvn7012
117399,cvn7012
117394,cvn7012
117403,cvn7012
37993,cvn7012
154943,cvn7012
15003,cvn7012
117398,cvn7012
45730,cvn7012
10763,cvn7012
30999,cvn7012
23981,cvn7012
117396,cvn7012
68070,cvn7012
23982,cvn7012
100749,cvn7012
117397,cvn7012
117402,cvn7012
83681,cvn7012
100748,cvn7012
55328,cvn7012
23984,cvn7012
15010,cvn7012
3083,cvn7012
154936,cvn7012
55331,cvn7012
100747,cvn7012
154667,cvn7012
37901,cvn7012
73387,cvn7012
73390,cvn7012
103940,cvn7012
84605,cvn7012
7640,cvn7012
154769,cvn7012
67979,cvn7012
154775,cvn7012
1152,cvn7012
67986,cvn7012
45697,cvn7012
154771,cvn7012
37936,cvn7012
73364,cvn7012
100700,cvn7012
154778,cvn7012
73377,cvn7012
134500,cvn7012
30959,cvn7012
117362,cvn7012
67987,cvn7012
103926,cvn7012
100697,cvn7012
84604,cvn7012
154786,cvn7012
3074,cvn7012
154787,cvn7012
6685,cvn7012
30962,cvn7012
134505,cvn7012
67985,cvn7012
37938,cvn7012
14983,cvn7012
84606,cvn7012
67988,cvn7012
154783,cvn7012
30960,cvn7012
100698,cvn7012
6686,cvn7012
154773,cvn7012
123127,cvn7012
123128,cvn7012
149672,cvn7012
80363,cvn7012
8660,cvn7012
26437,cvn7012
123129,cvn7012
149669,cvn7012
19101,cvn7012
108107,cvn7012
80367,cvn7012
80364,cvn7012
149673,cvn7012
36233,cvn7012
108125,cvn7012
123130,cvn7012
26439,cvn7012
66577,cvn7012
42832,cvn7012
108127,cvn7012
19111,cvn7012
123055,cvn7012
6405,cvn7012
80352,cvn7012
2919,cvn7012
95526,cvn7012
45230,cvn7012
108126,cvn7012
59373,cvn7012
95525,cvn7012
123069,cvn7012
45231,cvn7012
105513,cvn7012
2027,cvn7012
42835,cvn7012
80173,cvn7012
49816,cvn7012
363,cvn7012
26408,cvn7012
66576,cvn7012
14512,cvn7012
123132,cvn7012
49768,cvn7012
49814,cvn7012
36229,cvn7012
144418,cvn7012
66579,cvn7012
95530,cvn7012
95527,cvn7012
108010,cvn7012
80350,cvn7012
95528,cvn7012
149704,cvn7012
144420,cvn7012
19098,cvn7012
30302,cvn7012
108097,cvn7012
456,cvn7012
95524,cvn7012
123052,cvn7012
108119,cvn7012
19110,cvn7012
132715,cvn7012
42830,cvn7012
132713,cvn7012
99847,cvn7012
42837,cvn7012
132718,cvn7012
26415,cvn7012
149663,cvn7012
59372,cvn7012
123073,cvn7012
59371,cvn7012
80301,cvn7012
49832,cvn7012
14511,cvn7012
19049,cvn7012
149661,cvn7012
30304,cvn7012
12110,cvn7012
108096,cvn7012
144419,cvn7012
80317,cvn7012
49815,cvn7012
26413,cvn7012
12111,cvn7012
95529,cvn7012
59369,cvn7012
149682,cvn7012
59380,cvn7012
4435,cvn7012
49830,cvn7012
66578,cvn7012
144388,cvn7012
54832,cvn7012
49824,cvn7012
66568,cvn7012
149662,cvn7012
22314,cvn7012
89981,cvn7012
2465,cvn7012
62632,cvn7012
161227,cvn7012
125243,cvn7012
125241,cvn7012
143379,cvn7012
113783,cvn7012
53029,cvn7012
40090,cvn7012
60933,cvn7012
89798,cvn7012
22253,cvn7012
27344,cvn7012
53031,cvn7012
57710,cvn7012
120729,cvn7012
53034,cvn7012
60934,cvn7012
57709,cvn7012
7915,cvn7012
12630,cvn7012
57708,cvn7012
125244,cvn7012
48110,cvn7012
161233,cvn7012
113785,cvn7012
161234,cvn7012
53036,cvn7012
9952,cvn7012
46302,cvn7012
25409,cvn7012
89985,cvn7012
22254,cvn7012
17390,cvn7012
15583,cvn7012
127622,cvn7012
75161,cvn7012
127541,cvn7012
105030,cvn7012
89799,cvn7012
48112,cvn7012
46304,cvn7012
7923,cvn7012
105031,cvn7012
53040,cvn7012
61252,cvn7012
61251,cvn7012
21177,cvn7012
5057,cvn7012
51898,cvn7012
111847,cvn7012
51897,cvn7012
157164,cvn7012
111849,cvn7012
2313,cvn7012
68447,cvn7012
21179,cvn7012
51899,cvn7012
21178,cvn7012
126035,cvn7012
51896,cvn7012
157153,cvn7012
157139,cvn7012
157151,cvn7012
51895,cvn7012
15136,cvn7012
156257,cvn7012
156258,cvn7012
157148,cvn7012
156255,cvn7012
38432,cvn7012
157162,cvn7012
86574,cvn7012
86568,cvn7012
6821,cvn7012
86516,cvn7012
41548,cvn7012
12811,cvn7012
111846,cvn7012
5139,cvn7012
1233,cvn7012
61481,cvn7012
41547,cvn7012
10829,cvn7012
38732,cvn7012
86601,cvn7012
157141,cvn7012
96789,cvn7012
31286,cvn7012
68670,cvn7012
126034,cvn7012
27685,cvn7012
38731,cvn7012
100972,cvn7012
101104,cvn7012
9496,cvn7012
6825,cvn7012
38703,cvn7012
31292,cvn7012
135390,cvn7012
61472,cvn7012
27683,cvn7012
38737,cvn7012
93219,cvn7012
157171,cvn7012
96790,cvn7012
41545,cvn7012
101113,cvn7012
86576,cvn7012
101105,cvn7012
157170,cvn7012
86599,cvn7012
135367,cvn7012
101106,cvn7012
41546,cvn7012
86589,cvn7012
31176,cvn7012
135088,cvn7012
157145,cvn7012
41549,cvn7012
27673,cvn7012
27537,cvn7012
10827,cvn7012
86584,cvn7012
31287,cvn7012
104337,cvn7012
86513,cvn7012
61495,cvn7012
93216,cvn7012
38729,cvn7012
156262,cvn7012
15141,cvn7012
51902,cvn7012
111845,cvn7012
125691,cvn7012
31177,cvn7012
68671,cvn7012
61497,cvn7012
38727,cvn7012
157160,cvn7012
38431,cvn7012
130148,cvn7012
38734,cvn7012
68691,cvn7012
101118,cvn7012
38735,cvn7012
61501,cvn7012
93220,cvn7012
38730,cvn7012
86588,cvn7012
68451,cvn7012
157144,cvn7012
135393,cvn7012
86586,cvn7012
558,cvn7012
86578,cvn7012
43532,cvn7012
61496,cvn7012
68684,cvn7012
86587,cvn7012
125719,cvn7012
86575,cvn7012
133,cvn7012
38733,cvn7012
68681,cvn7012
85847,cvn7012
6778,cvn7012
31175,cvn7012
157147,cvn7012
12819,cvn7012
5064,cvn7012
21175,cvn7012
93217,cvn7012
86579,cvn7012
157172,cvn7012
27547,cvn7012
12813,cvn7012
21180,cvn7012
135087,cvn7012
61482,cvn7012
47727,cvn7012
111852,cvn7012
38725,cvn7012
15213,cvn7012
135089,cvn7012
111851,cvn7012
125720,cvn7012
45928,cvn7012
51672,cvn7012
47725,cvn7012
125692,cvn7012
86585,cvn7012
157168,cvn7012
68463,cvn7012
157143,cvn7012
126031,cvn7012
68682,cvn7012
27682,cvn7012
61498,cvn7012
20934,cvn7012
86514,cvn7012
157161,cvn7012
85843,cvn7012
86570,cvn7012
20950,cvn7012
111862,cvn7012
157128,cvn7012
96802,cvn7012
111853,cvn7012
135368,cvn7012
61272,cvn7012
11432,cvn7012
86577,cvn7012
61459,cvn7012
7745,cvn7012
15214,cvn7012
135085,cvn7012
15209,cvn7012
43534,cvn7012
51655,cvn7012
101112,cvn7012
9497,cvn7012
51909,cvn7012
61270,cvn7012
135370,cvn7012
156339,cvn7012
156263,cvn7012
74066,cvn7012
43533,cvn7012
157065,cvn7012
9498,cvn7012
27548,cvn7012
38728,cvn7012
96793,cvn7012
45929,cvn7012
68690,cvn7012
85895,cvn7012
33640,cvn7012
17005,cvn7012
21181,cvn7012
21158,cvn7012
74065,cvn7012
126026,cvn7012
61480,cvn7012
85840,cvn7012
51908,cvn7012
104339,cvn7012
38738,cvn7012
157158,cvn7012
101116,cvn7012
135099,cvn7012
111407,cvn7012
31278,cvn7012
85842,cvn7012
85905,cvn7012
156336,cvn7012
5132,cvn7012
142051,cvn7012
20933,cvn7012
86596,cvn7012
47728,cvn7012
74068,cvn7012
43536,cvn7012
20935,cvn7012
9500,cvn7012
86602,cvn7012
86572,cvn7012
17007,cvn7012
3748,cvn7012
21184,cvn7012
142049,cvn7012
101117,cvn7012
27686,cvn7012
111866,cvn7012
86573,cvn7012
125690,cvn7012
27680,cvn7012
51670,cvn7012
21182,cvn7012
111843,cvn7012
157138,cvn7012
38724,cvn7012
68021,cvn7006
73446,cvn7006
141287,cvn7006
100719,cvn7006
6694,cvn7006
134553,cvn7006
14994,cvn7006
100721,cvn7006
14993,cvn7006
16805,cvn7006
103976,cvn7006
68028,cvn7006
14995,cvn7006
100715,cvn7006
73456,cvn7006
141288,cvn7006
100717,cvn7006
134552,cvn7006
100718,cvn7006
100716,cvn7006
93093,cvn7006
68027,cvn7006
103977,cvn7006
23974,cvn7006
103921,cvn7006
141207,cvn7006
25041,cvn7006
16773,cvn7006
47499,cvn7006
73376,cvn7006
16779,cvn7006
7638,cvn7006
141212,cvn7006
47494,cvn7006
47498,cvn7006
33338,cvn7006
73372,cvn7006
119874,cvn7006
73379,cvn7006
73377,cvn7006
73369,cvn7006
25043,cvn7006
33346,cvn7006
119870,cvn7006
16775,cvn7006
103922,cvn7006
117343,cvn7006
103925,cvn7006
73375,cvn7006
33348,cvn7006
141193,cvn7006
141209,cvn7006
47496,cvn7006
141213,cvn7006
103930,cvn7006
73370,cvn7006
16778,cvn7006
16777,cvn7006
33349,cvn7006
103924,cvn7006
141202,cvn7006
73382,cvn7006
16776,cvn7006
45692,cvn7006
141201,cvn7006
14972,cvn7006
73361,cvn7006
45691,cvn7006
103923,cvn7006
103931,cvn7006
7637,cvn7006
73363,cvn7006
73331,cvn7006
129814,cvn7006
59383,cvn7006
149421,cvn7006
129813,cvn7006
44468,cvn7006
132719,cvn7006
98476,cvn7006
103900,cvn7006
149525,cvn7006
29230,cvn7006
40096,cvn7006
161325,cvn7006
9954,cvn7006
161328,cvn7006
105034,cvn7006
31788,cvn7006
161243,cvn7006
89990,cvn7006
89995,cvn7006
89996,cvn7006
90067,cvn7006
161246,cvn7006
89998,cvn7006
89997,cvn7006
110834,cvn7006
161244,cvn7006
161245,cvn7006
7041,cvn7006
22319,cvn7006
40097,cvn7006
89742,cvn7006
40124,cvn7006
161242,cvn7006
113752,cvn7006
69761,cvn7006
155109,cvn7006
160937,cvn7006
110836,cvn7006
160942,cvn7006
89743,cvn7006
113902,cvn7006
39993,cvn7006
15574,cvn7006
89994,cvn7006
155101,cvn7006
20615,cvn7006
9920,cvn7006
136748,cvn7006
155114,cvn7006
113751,cvn7006
40095,cvn7006
113904,cvn7006
84883,cvn7006
155098,cvn7006
39995,cvn7006
160936,cvn7006
2236,cvn7006
40094,cvn7006
38047,cvn7006
155108,cvn7006
105033,cvn7006
89989,cvn7006
97434,cvn7006
22232,cvn7006
160933,cvn7006
84882,cvn7006
84887,cvn7006
110837,cvn7006
17392,cvn7006
89992,cvn7006
38051,cvn7006
113901,cvn7006
9953,cvn7006
84886,cvn7006
89991,cvn7006
9270,cvn7006
38050,cvn7006
38052,cvn7006
22320,cvn7006
22318,cvn7006
97435,cvn7006
160938,cvn7006
89814,cvn7006
113746,cvn7006
155115,cvn7006
2605,cvn7006
84884,cvn7006
39994,cvn7006
127507,cvn7006
51923,cvn7006
47724,cvn7006
27691,cvn7006
45925,cvn7006
117676,cvn7006
135423,cvn7006
31298,cvn7006
117675,cvn7006
43540,cvn7006
5143,cvn7006
117673,cvn7006
55526,cvn7006
24100,cvn7006
15205,cvn7006
117669,cvn7006
120192,cvn7006
68655,cvn7006
25180,cvn7006
1672,cvn7006
93218,cvn7006
27690,cvn7006
10828,cvn7006
64527,cvn7006
5993,cvn7006
5140,cvn7006
126050,cvn7006
126055,cvn7006
21190,cvn7006
93213,cvn7006
117677,cvn7006
55528,cvn7006
55522,cvn7006
135420,cvn7006
55518,cvn7006
55524,cvn7006
93217,cvn7006
101097,cvn7006
24099,cvn7006
3147,cvn7006
135416,cvn7006
3148,cvn7006
42142,cvn7006
74106,cvn7006
142096,cvn7006
86598,cvn7006
117671,cvn7006
126048,cvn7006
33657,cvn7006
10826,cvn7006
135442,cvn7006
12820,cvn7006
51922,cvn7006
86596,cvn7006
142086,cvn7006
55527,cvn7006
31297,cvn7006
68713,cvn7006
96804,cvn7006
55529,cvn7006
31301,cvn7006
86600,cvn7006
68712,cvn7006
117678,cvn7006
104353,cvn7006
93221,cvn7006
86599,cvn7006
86610,cvn7006
157161,cvn7006
74099,cvn7006
21186,cvn7006
47743,cvn7006
33658,cvn7006
51896,cvn7006
96805,cvn7006
135418,cvn7006
24101,cvn7006
111863,cvn7006
21187,cvn7006
74107,cvn7006
135419,cvn7006
111864,cvn7006
31304,cvn7006
126041,cvn7006
21175,cvn7006
142095,cvn7006
104369,cvn7006
55525,cvn7006
21177,cvn7006
96799,cvn7006
38732,cvn7006
51906,cvn7006
10827,cvn7006
93220,cvn7006
104354,cvn7006
68716,cvn7006
104352,cvn7006
111858,cvn7006
68708,cvn7006
86579,cvn7006
27688,cvn7006
68718,cvn7006
157160,cvn7006
33654,cvn7006
5137,cvn7006
17023,cvn7006
5142,cvn7006
12817,cvn7006
38736,cvn7006
86585,cvn7006
142099,cvn7006
61500,cvn7006
120207,cvn7006
94305,cvn7006
157167,cvn7006
68720,cvn7006
142094,cvn7006
7749,cvn7006
111862,cvn7006
104355,cvn7006
21185,cvn7006
51924,cvn7006
142098,cvn7006
61504,cvn7006
74080,cvn7006
157165,cvn7006
142071,cvn7006
157129,cvn7006
17014,cvn7006
38737,cvn7006
47740,cvn7006
96800,cvn7006
157130,cvn7006
104351,cvn7006
6829,cvn7006
3751,cvn7006
111857,cvn7006
31296,cvn7006
21179,cvn7006
47733,cvn7006
74098,cvn7006
61499,cvn7006
96803,cvn7006
3149,cvn7006
24102,cvn7006
142046,cvn7006
1676,cvn7006
126028,cvn7006
47736,cvn7006
142097,cvn7006
104370,cvn7006
61494,cvn7006
9498,cvn7006
86592,cvn7006
38731,cvn7006
96801,cvn7006
86566,cvn7006
104357,cvn7006
61506,cvn7006
61495,cvn7006
111844,cvn7006
104356,cvn7006
86595,cvn7006
38735,cvn7006
21176,cvn7006
27681,cvn7006
126030,cvn7006
126027,cvn7006
120206,cvn7006
12818,cvn7006
21174,cvn7006
86565,cvn7006
64508,cvn7006
2313,cvn7006
17013,cvn7006
157154,cvn7006
111843,cvn7006
38733,cvn7006
61492,cvn7006
21182,cvn7006
33651,cvn7006
157128,cvn7006
104359,cvn7006
96819,cvn7006
142074,cvn7006
74081,cvn7006
142075,cvn7006
47742,cvn7006
104350,cvn7006
17015,cvn7006
51904,cvn7006
61493,cvn7006
47734,cvn7006
57332,cvn7006
15230,cvn7006
86593,cvn7006
27680,cvn7006
68711,cvn7006
157166,cvn7006
10825,cvn7006
7748,cvn7006
157157,cvn7006
86567,cvn7006
74086,cvn7006
101127,cvn7006
157151,cvn7006
287,cvn7006
135417,cvn7006
27683,cvn7006
104368,cvn7006
21181,cvn7006
51270,cvn7009
134659,cvn7009
30995,cvn7009
134658,cvn7009
84690,cvn7009
110718,cvn7009
134592,cvn7009
68115,cvn7009
31013,cvn7009
68109,cvn7009
134598,cvn7009
134595,cvn7009
134599,cvn7009
30992,cvn7009
6701,cvn7009
134646,cvn7009
68113,cvn7009
68107,cvn7009
20550,cvn7009
30991,cvn7009
134593,cvn7009
68106,cvn7009
68103,cvn7009
134596,cvn7009
15023,cvn7009
30994,cvn7009
30998,cvn7009
134603,cvn7009
134665,cvn7009
30997,cvn7009
134601,cvn7009
68110,cvn7009
100770,cvn7009
134604,cvn7009
23990,cvn7009
68104,cvn7009
68067,cvn7009
134605,cvn7009
134602,cvn7009
68068,cvn7009
68057,cvn7009
134594,cvn7009
15006,cvn7009
134647,cvn7009
68056,cvn7009
23989,cvn7009
68116,cvn7009
134591,cvn7009
30996,cvn7009
31014,cvn7009
117418,cvn7009
30993,cvn7009
55296,cvn7009
55297,cvn7009
37904,cvn7009
23962,cvn7009
3072,cvn7009
23964,cvn7009
55298,cvn7009
117357,cvn7009
93083,cvn7009
55299,cvn7009
117354,cvn7009
93082,cvn7009
6682,cvn7009
7640,cvn7009
67972,cvn7009
154679,cvn7009
141215,cvn7009
10753,cvn7009
14977,cvn7009
117358,cvn7009
37905,cvn7009
67970,cvn7009
20518,cvn7009
10752,cvn7009
37933,cvn7009
134484,cvn7009
154762,cvn7009
93084,cvn7009
30952,cvn7009
154680,cvn7009
84597,cvn7009
55301,cvn7009
117356,cvn7009
154682,cvn7009
67973,cvn7009
2222,cvn7009
67974,cvn7009
41473,cvn7009
55300,cvn7009
117343,cvn7009
1150,cvn7009
100688,cvn7009
84531,cvn7009
100690,cvn7009
45697,cvn7009
154760,cvn7009
30954,cvn7009
110622,cvn7009
20493,cvn7009
154681,cvn7009
1152,cvn7009
23965,cvn7009
45699,cvn7009
117353,cvn7009
132729,cvn7009
149630,cvn7009
36219,cvn7009
45237,cvn7009
36217,cvn7009
132745,cvn7009
149604,cvn7009
80305,cvn7009
30314,cvn7009
103095,cvn7009
36218,cvn7009
457,cvn7009
54836,cvn7009
66602,cvn7009
116706,cvn7009
36210,cvn7009
30313,cvn7009
66600,cvn7009
66601,cvn7009
132735,cvn7009
8652,cvn7009
66591,cvn7009
14520,cvn7009
149627,cvn7009
99865,cvn7009
76023,cvn7009
132770,cvn7009
14521,cvn7009
149626,cvn7009
34467,cvn7009
149602,cvn7009
66598,cvn7009
149603,cvn7009
80304,cvn7009
149629,cvn7009
80323,cvn7009
149589,cvn7009
149616,cvn7009
6410,cvn7009
149618,cvn7009
99855,cvn7009
16316,cvn7009
66599,cvn7009
149590,cvn7009
26431,cvn7009
19097,cvn7009
34468,cvn7009
34469,cvn7009
30323,cvn7009
36209,cvn7009
80313,cvn7009
123109,cvn7009
123107,cvn7009
36214,cvn7009
36213,cvn7009
149612,cvn7009
80303,cvn7009
8650,cvn7009
108079,cvn7009
108100,cvn7009
6408,cvn7009
123108,cvn7009
149593,cvn7009
54835,cvn7009
22239,cvn7009
51733,cvn7009
136744,cvn7009
52958,cvn7009
57705,cvn7009
52960,cvn7009
20609,cvn7009
110825,cvn7009
42276,cvn7009
57704,cvn7009
111552,cvn7009
1351,cvn7009
113757,cvn7009
118190,cvn7009
110826,cvn7009
22240,cvn7009
86080,cvn7009
110827,cvn7009
111553,cvn7009
113758,cvn7009
110828,cvn7009
113759,cvn7009
127617,cvn7009
24322,cvn7009
101759,cvn7009
55891,cvn7009
113756,cvn7009
24321,cvn7009
3875,cvn7009
161015,cvn7009
15574,cvn7009
57703,cvn7009
15573,cvn7009
101761,cvn7009
45945,cvn7009
117683,cvn7009
8352,cvn7009
57310,cvn7009
146992,cvn7009
106815,cvn7009
101135,cvn7009
68710,cvn7009
94289,cvn7009
156060,cvn7009
18381,cvn7009
93223,cvn7009
42142,cvn7009
94291,cvn7009
86450,cvn7009
74062,cvn7009
55535,cvn7009
38759,cvn7009
135357,cvn7009
31300,cvn7009
49099,cvn7009
94290,cvn7009
122116,cvn7009
142011,cvn7009
106814,cvn7009
11422,cvn7009
55533,cvn7009
157125,cvn7009
101136,cvn7009
86480,cvn7009
1914,cvn7009
68718,cvn7009
68717,cvn7009
74032,cvn7009
41547,cvn7009
86654,cvn7009
7740,cvn7009
142001,cvn7009
6830,cvn7009
7744,cvn7009
10827,cvn7009
68714,cvn7009
15225,cvn7009
93216,cvn7009
68663,cvn7009
111847,cvn7009
135428,cvn7009
15226,cvn7009
74037,cvn7009
55518,cvn7009
74031,cvn7009
93217,cvn7009
93219,cvn7009
9480,cvn7009
29336,cvn7009
49097,cvn7009
94292,cvn7009
38728,cvn7009
31274,cvn7009
78182,cvn7009
49098,cvn7009
74030,cvn7009
156055,cvn7009
1234,cvn7009
38689,cvn7009
45946,cvn7009
135434,cvn7009
74052,cvn7009
68716,cvn7009
104323,cvn7009
111846,cvn7009
41546,cvn7009
31303,cvn7009
101132,cvn7009
55536,cvn7009
135433,cvn7009
31301,cvn7009
42144,cvn7009
68719,cvn7009
142049,cvn7009
41545,cvn7009
33628,cvn7009
33625,cvn7009
86577,cvn7009
142010,cvn7009
3151,cvn7009
10830,cvn7009
33627,cvn7009
142009,cvn7009
26003,cvn7009
130095,cvn7009
156054,cvn7009
78184,cvn7009
93225,cvn7009
45935,cvn7009
10825,cvn7009
86479,cvn7009
287,cvn7009
130094,cvn7009
38365,cvn7009
86579,cvn7009
142067,cvn7009
85673,cvn7009
68712,cvn7009
135387,cvn7009
135390,cvn7009
10831,cvn7009
94288,cvn7009
74027,cvn7009
33638,cvn7009
142007,cvn7009
135388,cvn7009
135431,cvn7009
74028,cvn7009
133,cvn7009
51922,cvn7009
41549,cvn7009
122113,cvn7009
74068,cvn7009
135427,cvn7009
122115,cvn7009
74033,cvn7009
33648,cvn7009
142070,cvn7009
31286,cvn7009
157235,cvn7009
142048,cvn7009
3746,cvn7009
5132,cvn7009
15214,cvn7009
74034,cvn7009
78183,cvn7009
157241,cvn7009
157141,cvn7009
27657,cvn7009
58700,cvn7009
135386,cvn7009
57309,cvn7009
111850,cvn7009
11424,cvn7009
126025,cvn7009
135438,cvn7009
93220,cvn7009
41550,cvn7009
157126,cvn7009
135430,cvn7009
31304,cvn7009
86574,cvn7009
26004,cvn7009
6832,cvn7009
25175,cvn7009
51925,cvn7009
68720,cvn7009
101116,cvn7009
1231,cvn7009
142005,cvn7009
86619,cvn7009
135435,cvn7009
61493,cvn7009
3742,cvn7009
95121,cvn7009
74029,cvn7009
24105,cvn7009
24111,cvn7009
142050,cvn7009
18380,cvn7009
157242,cvn7009
38727,cvn7009
38366,cvn7009
135358,cvn7009
86660,cvn7009
6824,cvn7009
157120,cvn7009
142072,cvn7009
45933,cvn7009
78175,cvn7009
38364,cvn7009
86658,cvn7009
33640,cvn7009
41551,cvn7009
135432,cvn7009
111851,cvn7009
74058,cvn7009
74069,cvn7009
27679,cvn7009
55534,cvn7009
61477,cvn7009
142051,cvn7009
86557,cvn7009
142055,cvn7009
93213,cvn7009
21193,cvn7009
106813,cvn7009
142047,cvn7009
25174,cvn7009
24104,cvn7009
106811,cvn7009
86568,cvn7009
16997,cvn7009
117698,cvn7009
33637,cvn7009
45936,cvn7009
45940,cvn7009
141999,cvn7009
58699,cvn7009
101118,cvn7009
141996,cvn7009
38761,cvn7009
31285,cvn7009
106812,cvn7009
16996,cvn7009
74088,cvn7009
86566,cvn7009
21202,cvn7009
104320,cvn7009
27273,cvn7013
37938,cvn7013
60814,cvn7013
60816,cvn7013
84609,cvn7013
84610,cvn7013
110615,cvn7013
110668,cvn7013
110670,cvn7013
125076,cvn7013
125077,cvn7013
125078,cvn7013
125079,cvn7013
154777,cvn7013
154778,cvn7013
154779,cvn7013
12126,cvn7013
12131,cvn7013
14518,cvn7013
14519,cvn7013
30307,cvn7013
30308,cvn7013
30310,cvn7013
36244,cvn7013
66585,cvn7013
66586,cvn7013
66591,cvn7013
99858,cvn7013
99859,cvn7013
132772,cvn7013
132773,cvn7013
149616,cvn7013
2235,cvn7013
5519,cvn7013
21010,cvn7013
21012,cvn7013
27342,cvn7013
28365,cvn7013
28366,cvn7013
40093,cvn7013
46296,cvn7013
51329,cvn7013
51731,cvn7013
51732,cvn7013
62634,cvn7013
62635,cvn7013
62637,cvn7013
69764,cvn7013
89986,cvn7013
89987,cvn7013
89988,cvn7013
101766,cvn7013
111548,cvn7013
125237,cvn7013
125238,cvn7013
125239,cvn7013
127626,cvn7013
127628,cvn7013
161235,cvn7013
161237,cvn7013
1233,cvn7013
1671,cvn7013
5125,cvn7013
7738,cvn7013
7740,cvn7013
15209,cvn7013
16992,cvn7013
16996,cvn7013
27659,cvn7013
31295,cvn7013
33622,cvn7013
33626,cvn7013
33628,cvn7013
45925,cvn7013
45927,cvn7013
45928,cvn7013
45950,cvn7013
47710,cvn7013
47712,cvn7013
55530,cvn7013
61457,cvn7013
68705,cvn7013
68707,cvn7013
68708,cvn7013
74021,cvn7013
74028,cvn7013
74032,cvn7013
96777,cvn7013
96778,cvn7013
96779,cvn7013
96780,cvn7013
96788,cvn7013
101104,cvn7013
104314,cvn7013
104316,cvn7013
104322,cvn7013
104323,cvn7013
117676,cvn7013
120175,cvn7013
120176,cvn7013
125962,cvn7013
125964,cvn7013
125965,cvn7013
125978,cvn7013
125979,cvn7013
135362,cvn7013
135412,cvn7013
142003,cvn7013
142007,cvn7013
142011,cvn7013
142013,cvn7013
156969,cvn7013
156978,cvn7013
14900,cvn7016
67745,cvn7016
100548,cvn7016
30845,cvn7016
100550,cvn7016
100551,cvn7016
30846,cvn7016
96224,cvn7016
67743,cvn7016
100749,cvn7016
4818,cvn7016
12498,cvn7016
45620,cvn7016
134192,cvn7016
45619,cvn7016
134191,cvn7016
14902,cvn7016
37591,cvn7016
100549,cvn7016
45622,cvn7016
100552,cvn7016
57092,cvn7016
3670,cvn7016
119867,cvn7016
129830,cvn7016
11351,cvn7016
94158,cvn7016
94159,cvn7016
103934,cvn7016
29234,cvn7016
45696,cvn7016
14973,cvn7016
73378,cvn7016
45693,cvn7016
117352,cvn7016
99858,cvn7016
116707,cvn7016
66588,cvn7016
116712,cvn7016
54841,cvn7016
2921,cvn7016
116706,cvn7016
116713,cvn7016
23690,cvn7016
14518,cvn7016
23688,cvn7016
14520,cvn7016
66589,cvn7016
54842,cvn7016
36205,cvn7016
116708,cvn7016
23687,cvn7016
149594,cvn7016
116714,cvn7016
99859,cvn7016
99862,cvn7016
149586,cvn7016
66590,cvn7016
132729,cvn7016
149587,cvn7016
45240,cvn7016
116711,cvn7016
23689,cvn7016
8650,cvn7016
132730,cvn7016
36206,cvn7016
36204,cvn7016
45241,cvn7016
99861,cvn7016
1002,cvn7016
45239,cvn7016
149595,cvn7016
99864,cvn7016
149589,cvn7016
149592,cvn7016
139505,cvn7016
149585,cvn7016
80297,cvn7016
123099,cvn7016
108079,cvn7016
80290,cvn7016
149593,cvn7016
54839,cvn7016
108077,cvn7016
139513,cvn7016
116710,cvn7016
76023,cvn7016
149591,cvn7016
139504,cvn7016
139514,cvn7016
99863,cvn7016
45238,cvn7016
66598,cvn7016
80289,cvn7016
161025,cvn7016
161024,cvn7016
143390,cvn7016
143389,cvn7016
52973,cvn7016
52974,cvn7016
113754,cvn7016
1747,cvn7016
69764,cvn7016
113787,cvn7016
127539,cvn7016
127538,cvn7016
69765,cvn7016
113753,cvn7016
31788,cvn7016
31791,cvn7016
136749,cvn7016
22245,cvn7016
22243,cvn7016
1351,cvn7016
161019,cvn7016
113752,cvn7016
22255,cvn7016
52964,cvn7016
89766,cvn7016
113765,cvn7016
40009,cvn7016
136744,cvn7016
21115,cvn7016
125943,cvn7016
51835,cvn7016
86014,cvn7016
5142,cvn7016
21114,cvn7016
68721,cvn7016
111734,cvn7016
111733,cvn7016
1226,cvn7016
27646,cvn7016
96805,cvn7016
125947,cvn7016
125946,cvn7016
61476,cvn7016
135334,cvn7016
61434,cvn7016
86386,cvn7016
156906,cvn7016
61433,cvn7016
27648,cvn7016
111732,cvn7016
68709,cvn7016
12799,cvn7016
68719,cvn7016
12820,cvn7016
115736,cvn7016
61441,cvn7016
86382,cvn7016
135435,cvn7016
13824,cvn7016
130104,cvn7016
135319,cvn7016
125956,cvn7016
125944,cvn7016
61442,cvn7016
6832,cvn7016
101131,cvn7016
21113,cvn7016
57312,cvn7016
25171,cvn7016
61436,cvn7016
5140,cvn7016
51833,cvn7016
156905,cvn7016
11423,cvn7016
101136,cvn7016
57311,cvn7016
130105,cvn7016
51834,cvn7016
120167,cvn7016
13822,cvn7016
44543,cvn7016
125949,cvn7016
156907,cvn7016
68717,cvn7016
125954,cvn7016
94288,cvn7016
27644,cvn7016
45946,cvn7016
27647,cvn7016
43516,cvn7016
27650,cvn7016
61444,cvn7016
135317,cvn7016
31296,cvn7016
61440,cvn7016
27645,cvn7016
43517,cvn7016
147028,cvn7016
125950,cvn7016
141993,cvn7016
135433,cvn7016
94290,cvn7016
94291,cvn7016
156912,cvn7016
120171,cvn7016
96761,cvn7016
156904,cvn7016
135434,cvn7016
12797,cvn7016
125957,cvn7016
57310,cvn7016
5117,cvn7016
5118,cvn7016
3744,cvn7016
21118,cvn7016
44542,cvn7016
61438,cvn7016
74011,cvn7016
94289,cvn7016
61439,cvn7016
33622,cvn7016
86387,cvn7016
135437,cvn7016
21116,cvn7016
135331,cvn7016
156913,cvn7016
125942,cvn7016
6816,cvn7016
12821,cvn7016
51838,cvn7016
86379,cvn7016
61427,cvn7016
141989,cvn7016
74012,cvn7016
141978,cvn7016
96763,cvn7016
125955,cvn7016
68710,cvn7016
74023,cvn7016
96769,cvn7016
101129,cvn7016
51901,cvn7016
156914,cvn7016
12798,cvn7016
101124,cvn7016
135328,cvn7016
125952,cvn7016
1669,cvn7016
68637,cvn7016
27687,cvn7016
101138,cvn7016
31261,cvn7016
96766,cvn7016
96764,cvn7016
68632,cvn7016
61428,cvn7016
135325,cvn7016
86380,cvn7016
767,cvn7016
33618,cvn7016
68638,cvn7016
111731,cvn7016
1233,cvn7016
96762,cvn7016
111516,cvn7016
120174,cvn7016
68718,cvn7016
47709,cvn7016
15226,cvn7016
51713,cvn7016
47707,cvn7016
51839,cvn7016
6829,cvn7016
68631,cvn7016
12796,cvn7016
15223,cvn7016
135413,cvn7016
