item_id,5686,13366,13367,28665,32056,32057,33597,63134,63135,63136,63138,63139,73961,97786,97788,97789,97790,128331,137478,162339
1.0,-0.4765261709690094,0.05730609099070231,0.14816935857137045,-0.38939263423283893,-0.9000500539938608,-1.3751580913861592,-0.36119627952575684,-0.19311684370040894,-0.1398439109325409,0.3167714402079582,0.33886808653672534,-0.31510331233342487,-0.5690379937489828,-0.6869028608004252,-0.2784086614847183,-0.1531964341799418,-0.6199642717838287,0.6215159259736538,-1.341377501686414,0.03915861248970032
2.0,0.4548890193303426,0.16295629739761353,0.1781071126461029,0.22754483669996262,-0.5818659464518229,0.05288386344909668,1.2050670782725017,0.21702022850513458,0.5441715468962988,0.25181759397188824,0.11306789517402649,0.20687488714853922,1.0490010579427083,0.5179518461227417,0.5549032092094421,0.5370926459630331,1.289134532213211,-0.18638324240843454,0.05915248394012451,0.22859305640061697
3.0,-0.5419241189956665,-0.981399858991305,-0.5048868060112,-0.5952096283435822,0.9090682069460551,-0.04630785435438156,-0.154792254169782,-0.5585041642189026,-0.44835615158081055,-0.06669626633326213,0.09474992752075195,-0.21297816435496011,-0.47252915302912396,-0.40987467765808105,-0.7521067460378011,-0.9742818772792816,-0.21739478905995688,0.3356991112232208,0.5898101975520452,-0.05885873114069303
4.0,-0.936995287736257,-0.9795708457628886,-1.4106170336405437,-0.8940549492835999,-1.8400622208913167,-1.445083200931549,-0.011224945386250814,-0.9934609134991964,-0.6032186349232992,-0.8402265508969625,-0.9395608703295389,-1.7514553467432659,-0.4923187295595805,-1.026115248600642,-1.177533785502116,-1.351266344388326,-1.105221966902415,-0.9054005742073059,-1.9689289728800456,0.40988442301750183
5.0,-0.4568380117416382,-0.9059422413508097,-1.2374981939792633,-0.3394812693198522,-1.7674643993377686,-0.6981007059415182,0.26932622989018756,-0.4474850296974182,-0.3973332345485687,-0.5349845886230469,-0.7553713719050089,-0.7932950655619303,0.3177184859911601,-0.5642900466918945,-0.8590979625781378,-1.2468885034322739,-0.878074069817861,-0.9526950518290201,-1.4610363245010376,1.6991348663965862
6.0,0.07508712510267894,0.39080056299765903,0.7524099349975586,-0.8262490431467692,-0.9816338320573171,-0.6926267941792806,0.5709868868192037,-0.8509555160999298,-0.7485127598047256,-0.5060146252314249,0.18908519546190897,1.0869173010190327,0.9827364683151245,0.5226032137870789,0.8124348322550455,0.8671319286028544,0.5855367382367452,0.1416309674580892,-0.8446735938390096,0.7001283218463262
7.0,-0.9543428421020508,-0.8977290391921997,-0.6451812963932753,-0.25500185290972394,-0.3042640686035156,-0.714801698923111,0.17102950811386108,-0.8142907569805781,-0.40905813376108807,-1.1703287561734517,-0.9111905495325724,-0.3370944658915202,0.21989214420318604,-0.4676998158295949,-1.0207201341787975,-1.1262486577033997,-0.22064615289370218,-0.2766578495502472,-0.5240349570910136,0.22603646914164224
8.0,-0.4546483059724172,-2.3937587340672812,-2.759251435597738,-0.11538426081339519,-0.8510400056838989,-1.2569209535916646,-0.6567624906698862,-0.331893727183342,-0.35542325178782147,-0.7290489772955576,-1.3415007789929707,-2.2398668825626373,-0.6560051937898,-0.7655862346291542,-2.10298561056455,-3.088912387688955,-1.7830439172685146,-1.8143325249354045,-0.9200467268625895,0.4343425929546356
9.0,-0.10013697544733684,-0.6143472318847975,0.6280476997296015,0.18739861249923706,0.9321452776590983,0.3941067357858022,-0.25325347979863483,0.14565017571051916,0.6424355854590734,0.22637959321339926,0.43213480214277905,1.044357717037201,-0.147267684340477,-0.5558073818683624,-0.21717516581217447,0.15139232079188028,0.7376159106691679,1.0697676440080006,0.7122564514478048,0.976004441579183
10.0,2.6104400157928467,2.2624803384145102,2.9689353307088218,2.8902674516042075,2.68432887395223,1.518105109532674,1.3321908389528592,3.3685620625813804,3.1257802645365396,2.8675703605016074,2.21068008740743,2.659373869498571,1.7565845251083374,1.9243273735046387,2.954366167386373,3.4458330074946084,1.9330862959225972,1.7760133544603984,2.2077618340651193,1.8174730936686199
11.0,-0.4955371518929799,-1.205072045326233,-1.950393835703532,-0.6647689876457056,-1.2267121970653534,-0.7067924340566,0.2620028704404831,-0.24249245723088583,-0.2047576109568278,0.07400739192962646,-0.8611422777175903,-1.93507985273997,0.37154753009478253,-0.6359669963518778,-1.3837483326594036,-2.0138447284698486,-1.7024075190226238,-1.267390598853429,-1.196618338425954,-0.6767364243666331
12.0,-0.06678404907385509,0.08328579862912495,-0.43206731726725894,-0.3450438280900319,-0.6261513729890188,-0.8843143681685129,0.6014484961827596,-0.20010442535082498,-0.13774657249450684,0.011328764259815216,-0.10869749387105306,-0.291713813940684,0.6127528020491203,-0.05788612365722656,-0.34497445821762085,-0.20139860113461813,-0.40046488245328266,-0.24674571553866068,-0.9983628243207932,0.6648282806078593
13.0,-0.548304408788681,-0.6603275636831919,-1.0796367824077606,-0.15554660558700562,-1.5158300399780273,-1.351717213789622,-0.6644547780354818,-0.3740775982538859,-0.5654234091440836,-0.608135869105657,-0.8746733367443085,-1.274066537618637,-0.3016687532265981,-0.2787174582481384,-0.6928013811508814,-1.0689152628183365,-1.226718505223592,-1.01314781109492,-1.675345738728841,-0.24311359723409018
14.0,-0.41433704892794293,-0.08046388626098633,-0.6392430861790975,-0.29261032367746037,-0.9607073267300924,-0.5574866632620493,0.9597703963518143,-0.1575063094496727,-0.26042239864667255,0.07373724381128947,-0.5391720160841942,0.47338247299194336,0.7879480173190435,-0.4248548050721486,-0.8633956511815389,-0.24401060740152994,-0.34430283308029175,-0.6522371073563894,-0.6337981720765432,-0.02323339382807414
15.0,1.0850660155216854,0.5663323005040487,1.4758381843566895,0.9614432056744894,0.7655815482139587,0.4072834849357605,0.4009501536687215,1.0020948648452759,0.7570467988650004,0.9460391402244568,1.1353712181250255,0.805741528669993,0.5091259876887003,0.8337534864743551,1.5499423916141193,0.8639408548672994,0.21653099854787192,1.1367950687805812,0.6008076071739197,0.28629747902353603
16.0,-0.3479833205540975,-0.941161572933197,-1.67596701780955,-0.21052062511444092,-1.4209004864096642,-1.3895196119944255,-0.7305564880371094,-0.5649927655855814,-0.7910980184872946,-0.6759691933790842,-0.5768238802750906,-1.3536660472551982,-0.5988949984312057,-0.41935189565022785,-1.6007705827554066,-1.9956912597020466,-1.0438239574432373,-0.41262014706929523,-1.4157418409983318,-0.3054596583048503
17.0,0.38644352555274963,-0.21524993578592935,0.6530971589187781,0.15180808305740356,0.25208838780721027,-0.7345768213272095,1.0142636150121689,0.493399699529012,-0.009178027510643005,0.5969639420509338,0.6020724574724833,0.8562194108963013,1.0982850243647893,0.02150575319925944,0.3670743604501088,0.17265607913335165,0.33956454197565716,0.7498275438944498,-0.3591473698616028,1.0322197377681732
18.0,-0.30996088683605194,-0.4648715903361638,0.28245440622170764,-0.17320358256498972,0.6783178448677063,0.240367092192173,0.3306930462519328,-0.47898123661677044,-0.414753258228302,-0.4315682252248128,-0.22984037299950918,1.1604168713092804,0.4993269642194112,-0.2059784233570099,-0.19614279766877493,0.08781240383783977,0.6286043624083201,-0.10576448837916057,0.9014120077093443,1.8629407087961833
19.0,-0.621347059806188,-2.4094812075297036,-2.714232921600342,-0.8897309737900893,-2.1781448125839233,-1.3820763180653255,-0.7447496751944224,-0.7859830806652705,-0.8743946800629298,-0.6592103044191996,-1.063311477502187,-1.874557654062907,-0.7095955610275269,-1.1549605528513591,-2.3643393516540527,-3.138553023338318,-1.4650661448637645,-1.4501653363307316,-2.0058134396870932,-0.4043120841185252
20.0,2.3593035538991294,1.6392890612284343,2.071298042933146,1.6944791078567505,0.8973405361175537,1.7688942352930705,0.6450066566467285,2.2274861335754395,1.7174455324808757,2.18839959303538,1.9201384385426838,2.2850341796875,1.0736631155014038,1.481601615746816,2.110833684603373,2.5137415726979575,2.334494392077128,1.2003084967533748,1.4290252725283306,0.7740601499875387
21.0,0.620487630367279,0.43686874707539874,0.7783863544464111,0.3103240430355072,0.08740450938542683,-0.18893380959828696,0.0272310475508372,0.5778551350037257,0.430752952893575,0.906713048617045,1.157410979270935,-0.1949335734049479,0.29213929176330566,0.2163336674372355,0.5186731417973837,0.25110896428426105,-0.2888474265734355,1.392516811688741,0.02438277006149292,-0.7341966231664022
22.0,-1.4950376550356548,-0.5592712759971619,-1.4654069542884827,-1.0616511230667431,-2.1624866724014282,-1.7593240241209667,-0.6594032843907675,-1.154456079006195,-0.7815990895032883,-1.0506421327590942,-1.3265082438786824,-1.356949011484782,-1.0245111584663391,-1.206318736076355,-1.6917884349822998,-1.1855163872241974,-1.121655245621999,-1.037843108177185,-2.0698644717534385,0.0513699601093928
23.0,0.7749759753545126,0.8356079657872518,1.0861764351526897,-0.16541969776153564,0.17980307340621948,0.3540760278701782,0.5917840550343195,0.11242794990539551,-0.07870123783747356,0.4340333342552185,0.6939513683319092,1.3150306542714436,0.7424463282028834,0.5958726008733114,1.2760799129803975,1.6890579462051392,1.5498840709527333,0.4268797238667806,0.24951515595118204,1.27561150987943
24.0,1.3179770410060883,0.6985696280996004,0.8504598736763,-0.0010999292135238647,0.7642844418684641,-0.15463574727376303,1.5325124263763428,0.3161947689950466,-0.2329013595978419,0.6566463708877563,1.1652344067891438,0.7069005966186523,1.130400021870931,1.2253027359644573,1.2361458639303844,0.7757064501444498,0.759004165728887,1.054731825987498,0.2719067881504695,1.4625372886657715
25.0,-0.21111868818600973,-0.30198438962300617,0.2512146830558777,0.16035312414169312,-0.43589113156000775,-0.5889689475297928,0.011079748471577963,-0.19414877891540527,0.05679540832837423,-0.4853572075565656,-0.23923921585083008,0.06682783365249634,0.3521921734015147,-0.07894294460614522,-0.1235383003950119,-0.5651301542917887,-1.2303356130917866,0.11097131669521332,-0.7027671386798223,-0.08029829959074657
26.0,0.3456234931945801,0.8130667209625244,0.35400612155596417,-0.2124533156553904,-0.07996625701586406,-0.10808588564395905,0.40397479850798845,-0.24533976117769876,-0.4435488084952037,0.11027370393276215,0.29035764932632446,0.5796405871709188,0.4435665359099706,0.5894074340661367,0.5663784643014272,0.9832062721252441,0.8790342112382253,0.16571184992790222,-0.20498706897099814,0.8289149204889933
27.0,-0.38458456099033356,-1.3408685525258381,-1.6355923016866047,-1.1576014657815297,-1.655259370803833,-0.8556250284115473,-0.7523035009702047,-0.7351787090301514,-0.9002025127410889,-0.31385529041290283,-0.6630575309197108,-2.037805954615275,-0.981174906094869,-0.32645608981450397,-0.9901509086290995,-2.1427776416142783,-2.037680745124817,-0.9894393881162008,-1.4376676281293232,-1.5369073152542114
28.0,1.665626049041748,0.9297958215077718,2.071660280227661,1.1533377369244893,0.6798081000645956,0.7606683969497681,0.7360872427622477,1.3290946185588837,0.740342766046524,0.9897826810677847,1.3985792398452759,2.2926544348398843,1.343197504679362,0.9977434575557709,1.634823242823283,1.7455642918745677,1.6167409817377727,1.6791001359621684,0.8723344008127848,0.27942294875780743
29.0,-0.5008442302544912,-1.7786925037701924,-1.9114765326182048,-0.417863001426061,-0.23855586846669516,-0.9990932742754618,0.05164962510267893,-0.4970720460017522,-0.5092961539824804,-0.42757198711236316,-0.7826668818791708,-1.0386408964792888,0.4949046125014623,-0.7057706713676453,-1.785913348197937,-2.265066901842753,-0.9653238852818807,-0.8169072270393372,-0.7656645774841309,-0.16865837574005127
30.0,0.42199447751045227,0.8888480315605799,1.2908036907513936,0.21470879515012106,1.045328696568807,1.0005297462145488,0.42755892872810364,0.09497353931268056,0.1256166696548462,0.11305287480354309,0.7918248176574707,1.0657793680826824,0.6000150094429652,0.6956531604131063,1.1397820909818013,0.8921073774496714,0.8849165141582489,1.027964527408282,1.0764016211032867,0.7964934309323629
31.0,-1.4325702786445618,-1.3243108193079631,-2.1186933318773904,-1.6109529733657837,-2.881839503844579,-2.1510541439056396,-0.48206137120723724,-1.2168389360109966,-1.4983400106430054,-0.8137901909649372,-1.2134710947672527,-2.114175577958425,-0.3114844647546609,-1.4822014570236206,-2.009254058202108,-2.2869869470596313,-1.480876863002777,-1.1471536258856456,-3.0819469690322876,0.4469626744588216
32.0,-0.8978795607884725,-1.5344507694244385,-0.7073508898417155,-0.6617905348539352,-1.233853538831075,-1.7017399320999782,0.6855461746454239,-0.6884256862103939,-0.6539480040470759,-0.5960422058900198,-0.7726673185825348,0.466342826684316,0.7331154545148214,-1.088618238766988,-1.3278607328732808,-1.0095447301864624,0.25332589944203693,-0.5615845918655396,-1.6714984079202015,0.16062052051226297
33.0,-0.19141728927691778,-0.3960280815760295,-0.7777542273203532,0.007736086845397949,-0.13744832078615823,-0.2298849324385325,0.10589165023217599,0.09015859166781108,0.0033001278837521872,0.05292312676707903,-0.42470969756444293,-0.31902559598286945,0.2616345485051473,-0.3688463071982066,-0.6705701152483622,-0.6264202694098154,-0.37436164418856305,-0.7649707794189453,-0.2917014906803767,0.6362009843190511
34.0,-0.05912121136983236,-0.6052997708320618,-1.8586263259251912,-0.2348541021347046,-0.9072328209877014,-1.025315394004186,-1.0920593837896984,0.11201179027557373,-0.16025835275650024,0.4020049472649892,-0.4355179915825526,-1.7375280410051346,-0.7926142414410909,-0.5578675344586372,-1.2695658405621846,-1.4356946845849354,-0.719031810760498,-1.0246741970380147,-0.9803875982761383,0.18288511037826538
35.0,1.3271019905805588,0.830562561750412,1.58416377628843,0.8234953880310059,1.1621118783950806,0.3763308922449748,0.6968921621640524,1.5374895532925923,1.0503156781196594,1.7571263909339905,1.3303359175721805,1.4034446875254314,0.8484975099563599,0.8849553565184275,1.4013406783342361,1.2478383382161458,0.883706291516622,1.3273410300413768,0.7085847854614258,1.3853316406408946
36.0,1.9048181374867756,0.014677206675211588,0.5997049808502197,0.9721935192743937,0.09703287482261658,0.3776070276896159,1.7329791188240051,1.331615428129832,0.7191799481709799,1.3165812691052754,1.4329761664072673,-0.2696736107269923,2.09787650903066,1.3008477141459782,1.3028549353281658,-0.04807905356089274,0.6927013148864111,0.8773817916711172,0.14841367801030478,0.29203444967667264
37.0,0.6455118457476298,1.385656972726186,0.27244676152865094,-0.18735728661219278,0.33449500302473706,1.058944046497345,-0.05860726783672968,0.10033386945724487,-0.06388858954111735,0.3289979298909505,0.4765225648880005,0.5584113597869873,0.193380335966746,0.8489606082439423,0.6564590533574423,1.2723228931427002,1.4510339895884197,0.03723647197087606,0.5621769626935323,0.5655362606048584
38.0,-1.61880761384964,-1.3369758327802022,-1.5281772315502167,-1.7935961484909058,0.10298225283622742,0.41328484813372296,-0.1346673220396042,-2.1087427536646524,-1.4148050944010417,-1.6790178219477336,-0.9070143699645996,-1.8161703646183014,-0.09589796264966328,-0.9270638773838679,-1.6134289105733235,-2.3499222869674363,-1.5589075287183125,-0.5179733236630758,0.07993532220522563,0.3957858632008235
39.0,0.5497078945239385,-0.17760644356409708,-0.43593549231688183,-0.030948489904403687,0.676370178659757,0.28007666269938153,0.013494720061620077,0.3457167446613312,0.12162076433499654,0.8500018119812012,0.5189942220846812,0.24931899706522623,0.7985050131877264,0.5030975043773651,-0.2911008397738139,-0.6829633315404257,0.18439680337905884,0.2861343373854955,0.8102553089459738,0.8436466654141744
40.0,0.298363272100687,0.8588913182417551,1.1350203653176625,0.2856980363527934,1.5021385451157887,1.2144608547290165,0.837904711564382,0.09974093983570735,0.059284175435702004,0.022031933069229126,0.23396572470664978,1.5793040990829468,1.4969208637873332,0.6311638057231903,0.8520420280595621,1.5719962517420452,1.017312745253245,0.28723497192064923,1.444057211279869,0.9075576265652975
41.0,0.32993964354197186,0.43777622779210407,-0.008610814809799194,0.3480093578497569,-1.1126444339752197,-0.6129846572875977,0.45939656098683673,0.2157537043094635,0.6853771408398946,0.06836910049120586,-0.05604382356007894,-0.32419342299302417,1.074830452601115,0.6821376283963522,0.39696640769640607,0.16265559196472168,-0.19091745217641196,-0.319615105787913,-0.8870630661646525,0.9058911005655924
42.0,-2.427087187767029,-1.37828262646993,-3.1723130146662393,-1.8818422555923462,-2.2491455078125,-1.7729820013046265,-0.2707916299502055,-2.0716572205225625,-1.6917121907075245,-1.6068051656087239,-2.2411781946818032,-2.5479226112365723,-0.3709742824236552,-1.7732289632161458,-3.1457823514938354,-2.972499450047811,-2.239657163619995,-2.0653916200002036,-2.185499668121338,0.6329173495372137
43.0,1.2143199443817139,1.435478299856186,0.6881808439890543,0.837100088596344,0.4586167136828105,0.49800898134708405,0.9682327707608541,1.0872607231140137,0.8699357310930887,1.0518602132797241,0.881814440091451,0.40702666838963825,1.2016809980074565,1.34637917081515,1.1539276838302612,1.1690938472747803,1.1153397957483928,0.5817218621571859,0.2243386705716451,0.8219889799753824
44.0,1.0348177949587505,1.3290972113609314,1.133774201075236,0.7050678332646688,-0.5571241577466329,-0.8964552879333496,0.8932306120793024,0.5863114893436432,0.7383074561754862,0.37257028619448346,0.8230443447828293,1.0454998811086018,0.9985334376494089,1.409016673763593,1.1598755518595378,1.4333099126815796,1.3025105098883312,0.9329059521357218,-0.6408808926741282,0.5056645274162292
45.0,0.5012308756510416,0.9016711513201395,0.6363999843597412,0.3162267133593559,-0.17322051028410593,0.8237979784607887,-0.192015224446853,0.6718422373135885,0.12487593293190002,0.9149909218152364,0.6462204853693644,1.0876554449399312,-0.6638005375862122,0.4168053517738978,0.3223966310421626,0.7856048295895258,0.6895416577657064,0.8593109051386515,0.290815273920695,0.5833628177642822
46.0,-0.5139143566290537,0.16278221209843954,-0.5600636005401611,-0.7275658051172892,-0.03804094592730204,0.006705448031425476,0.20641187950968742,-0.7165441711743673,-0.6019236346085867,-0.5375882784525553,-0.5796390473842621,-0.18925108015537262,0.49552738666534424,-0.21912737687428793,-0.4043064018090566,-0.2882051517566045,-0.47673622767130536,-0.5454195737838745,0.019453545411427815,1.15754900376002
47.0,-0.7908275177081426,-0.8968015511830648,-0.9592511852582296,-1.6312514940897624,-1.8877491354942322,-0.9939182698726654,-0.9349826996525129,-1.3827229142189026,-1.5517194867134094,-0.8364837964375814,-0.8059613754351934,-0.8588609298070272,-0.6803719798723856,-0.21155521273612976,-0.6981874306996664,-1.2243354717890422,-0.7727145751317342,-0.8092222213745117,-1.7124154915412266,0.14495169123013815
48.0,0.1835338075955709,-0.48226259152094525,-0.4858919382095337,0.10991414388020833,0.8439033627510071,0.7662914395332336,0.8569433291753134,-0.03251492977142334,-0.27009475727876026,-0.3320050934950511,-0.4722138245900472,-0.30470140278339386,0.9838771969079971,0.286048024892807,-0.2221535642941793,-0.5553425351778666,-0.4139464497566223,-0.4607003430525462,1.180448830127716,1.9097774426142375
49.0,0.0014875978231430054,-0.11989615857601166,0.045150538285573326,0.2654172082742055,-0.5061275959014893,-0.8277178009351095,1.002386877934138,0.5205691208442053,0.23963688065608343,0.9430981675783793,0.5447144086162249,0.7154302000999451,0.8494255145390829,-0.2732926731308301,-0.31334584454695386,-0.04738835493723551,0.5548414389292399,0.6502953718105952,-0.7050832112630209,0.17352181673049927
50.0,-1.5191900730133057,-1.920557975769043,-1.9878896077473958,-1.3198699553807576,-2.924940268198649,-2.1296818256378174,-0.9813461701075236,-1.6167026261488597,-1.3485704859097798,-1.3714023033777873,-1.5278658866882324,-1.6702046195665996,-0.5809099773565928,-1.544062614440918,-2.1253450314203897,-2.152148962020874,-1.354186475276947,-1.3485090931256611,-2.8341287771860757,-0.9048355420430502
51.0,2.498512546221415,0.5579157074292501,2.773133158683777,0.8855884174505869,1.6095471779505413,1.3099323908487956,0.15476826826731363,1.4801637132962544,0.634175697962443,1.6549145181973774,2.403290788332621,2.6911296447118125,0.4433908859888713,1.7550202757120132,2.523258328437805,1.8893921915441751,2.4175735910733542,2.4968775510787964,1.4770395358403523,0.6422005494435629
52.0,0.08635222911834717,-0.03986190756162008,-0.9768269260724386,0.7045689821243286,-0.9512907465298971,-0.4213474790255229,-0.3285988469918569,0.37246765444676083,0.4898878236611684,0.05767681201299032,-0.17873443166414896,-1.1898377140363057,-0.5414402385552725,-0.036230266094207764,-0.5947412649790446,-0.6956241627534231,-0.38345422595739365,-0.3494914372762044,-0.8298226992289225,-1.550409197807312
53.0,-0.7874196767807007,0.027046700318654377,0.3164561291535695,-0.621595025062561,-0.21064645051956177,-0.2701915353536606,0.6760904416441917,-0.5460934142271677,-0.5213552216688792,-0.30976927280426025,-0.21461896101633707,0.9320721874634424,0.20377900699774423,-0.9007861316204071,-0.5593262116114298,0.7132073690493902,1.0662285089492798,0.14773301283518472,-0.3445173501968384,0.5174604256947836
54.0,-0.6174753904342651,-0.9553419550259908,-0.759200930595398,-0.05607940753300985,-1.5733219782511394,-1.8385625233252842,0.5964564234018326,-0.09410160779953003,-0.09044937292734782,-0.12288252512613933,-0.39496445655822754,-0.5049912929534912,0.18762714664141336,-0.9218926529089609,-1.0148814817269642,-0.9418952465057373,-0.7835683226585388,-0.311734880010287,-2.2819694876670837,0.3858443895975749
55.0,0.7792090276877085,0.49171561002731323,-0.03888161480426788,-0.1298614740371704,0.15605259935061136,0.7726843555768331,0.1071660245458285,-0.29001296559969586,-0.2608516911665599,-0.16591364641984305,0.4196130136648814,-0.45723271866639453,0.40506768226623535,0.8871676425139109,0.44458963473637897,0.3909852784126997,0.4918275872866313,0.13330897688865662,0.3443419511119525,1.2651609778404236
56.0,0.15439059336980185,0.40067483981450397,1.2666881283124287,-0.2928113540013631,-0.2589131196339925,-0.9625219106674194,0.36980390548706055,-0.21533707777659097,-0.28436307112375897,0.04682159423828125,0.6590976516405741,0.7270190219084421,0.04057768980662028,0.29876287778218585,0.8891973992188772,0.4956771234671275,-0.4371637503306071,1.009269654750824,-0.2665386199951172,0.19681292523940405
57.0,1.5621682405471802,0.9469778537750244,1.1829834779103596,0.9526311357816061,1.4366963307062786,0.23634918530782065,-0.01811063289642334,1.0922956665356953,0.6407062908013662,0.986521323521932,1.2902805805206299,1.028895412882169,0.3707547038793564,1.4013651410738628,1.2479665279388428,0.8645503322283427,0.7981328219175339,1.2522491216659546,1.0709182421366374,1.4359811345736186
58.0,-1.3104156255722046,-0.8329183657964071,-1.5972333749135335,-1.4563531478246052,-0.4441509246826172,-0.3827505906422933,-0.2044974466164907,-1.4865036408106487,-1.6030839482943218,-1.267562468846639,-1.328411931792895,-0.652970756093661,-0.43946152925491333,-1.0324926674365997,-1.8325855334599812,-1.3040448427200317,-0.6552324891090393,-1.0219034751256306,-0.3992728392283122,1.045352816581726
59.0,0.4449530392885208,0.41759805878003436,0.34640193978945416,0.5885768334070841,-0.8991577823956808,-0.9933461745580038,0.8847191333770752,0.6618496676286062,0.7427025039990743,0.3391267458597819,0.2541544437408447,0.5876659403244654,0.6752689282099406,0.12011448045571645,0.23876901467641196,0.7944599986076355,0.9920620918273926,0.06824292739232381,-0.9758138544857502,0.23331103722254434
60.0,-0.8988131557901701,-0.42256098985671997,-1.7691866358121235,-1.5609917243321736,-1.9293840527534485,-0.5544073581695557,-0.4402172341942787,-1.352526346842448,-1.2096799115339916,-0.9349458838502566,-1.1284991577267647,-1.7172760764757793,0.02807896335919698,-0.465850571791331,-1.1798503200213115,-1.463358759880066,-1.5465834538141887,-1.4822208782037098,-1.4948438704013824,-1.1921973725159962
61.0,0.8898856739203135,0.6686975955963135,0.28917964299519855,0.23816555738449097,0.021838605403900146,-0.06806387503941853,-0.026477356751759846,0.5948230226834615,0.22609450171391168,0.813259353240331,0.7875140508015951,0.13325723012288412,0.019716039299964905,0.6471831003824869,0.38202762603759766,0.7823127110799154,0.86794513463974,0.6239369710286459,-0.3033009171485901,0.15515569845835367
62.0,-0.8995734651883444,-0.3344597816467285,-0.2235572338104248,-0.9947285155455271,-0.002919356028238932,0.2274173473318418,-0.32047730684280396,-1.263472095131874,-0.9469528992970785,-1.1421509583791096,-0.7502240439256033,-0.05696751674016317,-0.45938922961552936,0.04361332952976227,-0.08916278183460236,-0.03975235422452291,-0.12176938851674397,-0.673261026541392,0.23499265313148499,0.6775568127632141
63.0,-0.1876676082611084,-0.16242160151402155,0.646269162495931,-0.11221209665139516,-0.683535118897756,-0.9896897176901499,0.15643839041392008,0.30488154788812,0.3441580533981323,0.4759392241636912,-0.02079429229100545,1.3283806641896565,-0.09776506821314494,-0.18232680360476175,-0.012045677751302719,0.2453105847040812,0.31261032819747925,0.17972376445929208,-0.6814676423867544,-1.121260404586792
64.0,1.6109561522801716,0.7249728441238403,1.1917896668116252,1.849406083424886,0.40528934200604755,0.7445946236451467,0.7728729645411173,1.6109541455904643,1.5926219622294109,0.9515592654546102,1.0952205409606297,0.699331430097421,0.9831339518229166,1.4127486596504848,1.541900058587392,0.7459183037281036,0.3778080741564433,0.8058916789789995,0.6612480655312538,0.9501574834187826
65.0,1.4699154297510784,0.7815363804499308,2.055940250555674,1.3893223603566487,1.369937797387441,1.2022306124369304,1.3104960918426514,1.6071428060531616,1.4236476421356201,1.9811712503433228,1.8839774131774902,1.2314136723677318,1.6498183409372966,0.9105313445130984,1.8610750635464985,1.6064134041468303,1.1750157078107197,1.8397318919499714,1.5713765223821003,2.594043572743734
66.0,-0.7438960274060568,-1.707517193009456,-0.4053140381971995,-0.1447051465511322,-2.4579657713572183,-2.051637291908264,0.5257923503716787,-0.2162947760274013,-0.37362361202637356,-0.45118172963460285,-0.4875960151354472,0.4625927408536275,-0.48812230428059894,-1.0709013019998868,-1.2827062408129375,-1.5137322942415874,-0.8191744188467661,0.06375876069068909,-2.4218997160593667,-0.7973367174466451
67.0,0.3118596374988556,0.11942535638809204,0.6056926747163137,0.43712511161963147,-0.27407650152842206,-0.021552522977193195,0.21847831706206003,0.7289431641499201,0.36095265050729114,0.9198774894078573,0.27833224336306256,1.0489140997330348,-0.0011151432991027832,-0.13294563194115958,0.2940504153569539,0.7586727701127529,0.6884614030520121,0.22614789505799612,-0.07751711209615071,-0.6906125148137411
68.0,-0.029155393441518147,-0.2726821154356003,-0.6653001209100088,-0.09706993401050568,-1.9777645270029705,-1.0653176307678223,1.2135968406995137,-0.2756095379590988,-0.23695266991853714,-0.19472413261731467,-0.25933132072289783,-0.5039472778638204,0.8272173305352529,0.0308931569258372,-0.39538904031117755,-0.5618021587530772,-0.29175939162572223,-0.4221971780061722,-1.3923301299413045,0.7023468191425005
69.0,-0.17401687304178873,0.1875456670920054,-0.48064716657002765,-0.5195112029711405,-0.9457306290666262,-0.3355693817138672,-0.4328228831291199,-0.7644686798254648,-0.7803236891825994,-0.47275873521963757,-0.043289363384246826,-0.2486621936162313,-0.1659789482752482,0.10583619276682536,-0.550814151763916,-0.3590083916982015,0.14723963042100272,0.24651662508646646,-0.7309428850809733,-0.3110477924346924
70.0,-1.891074776649475,-1.7501403093338013,-2.102336883544922,-2.3366485436757407,-1.0512278576691945,-1.2261322885751724,-0.3652449498573939,-2.6005725065867105,-2.161481022834778,-1.9740558862686157,-1.5492067734400432,-1.2097498029470444,-0.2984083692232768,-1.1423636674880981,-2.1558314164479575,-2.110377073287964,-0.8558672666549683,-1.2863774696985881,-1.0410018116235733,-0.4766954779624939
71.0,-0.6365971763928732,-0.7463899155457815,-1.7252261837323506,-0.46360355615615845,-2.002786402901014,-1.613078976670901,-1.147336592276891,-0.317013422648112,-0.5817276413242022,-0.260047306617101,-0.8003078897794088,-1.093769133090973,-0.8933098713556925,-0.8106878598531088,-1.8950711886088054,-1.7359888950983684,-1.1561839853723843,-0.5463058948516846,-1.8758569260438283,1.0036964019139607
72.0,0.509354459742705,0.12933313846588135,0.45183320840199787,-0.004474540551503499,-1.2529958287874858,-1.449533651272456,0.8494968116283417,-0.15531050165494284,0.08622092008590698,-0.39623306194941205,0.16463720798492432,0.17605888843536377,0.9476129710674286,0.8293951253096262,0.8426170746485392,0.08821372191111247,-0.038290515542030334,0.12301263958215714,-1.323298990726471,0.35432320336500805
73.0,-0.9593798617521921,-1.0476977216700714,-0.768267405529817,-0.8902023484309515,-2.179440826177597,-1.7337542325258255,-0.3327232599258423,-0.9677429993947347,-0.9533843398094177,-0.7577119966348013,-0.6846377352873484,0.2178885042667389,-0.7947322726249695,-0.7386545240879059,-1.0341934164365132,-0.8136144032080969,0.28874655564626056,-0.4340221683184306,-2.4739640255769095,0.393612802028656
74.0,-0.7620939711729685,-0.5052398045857748,-1.7828186353047688,-0.7467920978864034,-2.9240670204162598,-1.0548692395289738,-0.5268543536464373,-0.7625768979390463,-0.6622222264607748,-0.5913665692011515,-0.7904344896475474,-1.6199930508931477,-0.8610105613867441,-0.588189885020256,-1.46614408493042,-1.6251309712727864,-1.2953409900267918,-0.78080681959788,-2.3876869281133017,0.5560823927323023
75.0,1.300891359647115,0.7808203548192978,0.41438297430674237,0.6662471493085226,1.6041686882575352,1.0784395337104797,1.5436301628748577,0.8107741673787435,0.5875291625658671,0.7990502119064331,0.7558678289254507,0.9785839319229126,1.6622885862986247,0.9917716185251871,0.6545232137044271,1.0725403825441997,1.223650594552358,0.25463955973585445,1.4681552449862163,0.4097783813873927
76.0,2.197953542073568,1.935605804125468,3.062992811203003,1.3127104838689168,1.57772030433019,1.4340178867181141,1.429126461346944,1.2875351508458455,0.7081303000450134,1.2561792532602947,2.067081014315287,2.709946552912394,1.963062087694804,2.1825193961461387,3.109898845354716,2.9171346028645835,2.006574660539627,2.0742000738779702,1.8292068441708882,0.7760914862155914
77.0,0.8962242702643076,-0.1758992870648702,-0.46927817662556964,1.3989083965619404,0.18740463256835938,-0.0769604742527008,0.6450780828793844,1.4186792572339375,1.2425025006135304,0.7469687064488729,-0.028882404168446858,-0.553218255440394,0.7059596081574758,0.3411470750967662,-0.13495397567749023,-0.45605044563611347,-0.5749870538711548,-0.43765976031621295,0.061559200286865234,0.1411707748969396
78.0,-1.1130638122558594,-1.8773857355117798,-2.974970539410909,-0.6812988917032877,-3.645395199457804,-0.6261588335037231,0.18574060748020807,-0.7817320823669434,-0.7124806046485901,-0.6520193417867025,-1.4604987055063248,-2.3855509757995605,0.11803898463646571,-1.498666803042094,-2.5402204990386963,-2.8007694085439048,-1.3445314665635426,-1.7014758189519246,-2.4282726446787515,-0.5111811136205991
79.0,-0.5832663488884767,-0.8675418775528669,-2.1412694454193115,-0.7433235545953115,-1.7827009359995525,-1.7050196727116902,-0.8733718196551005,-1.0839864015579224,-0.9828052570422491,-1.0947977503140767,-1.2288180192311604,-1.9371109406153362,-0.8318630655606588,-0.19261522715290388,-1.4050093094507854,-2.199250857035319,-1.5993572473526,-1.3922083874543507,-1.804499348004659,-0.6253347471356392
80.0,-0.43260668714841205,0.3137559990088145,-0.1714519460995992,0.010383379956086477,0.0007765069603919983,0.2840873325864474,-0.2597745855649312,-0.12367929269870122,0.12160567442576091,-0.13717491924762726,-0.2840796907742818,0.0212382177511851,0.25544579327106476,0.25989774862925213,-0.46262064576148987,-0.2390499065319697,-0.15857959787050882,0.18764342864354452,0.3006765345732371,0.5990008364121119
81.0,-1.0137042601903279,-1.3438524007797241,-2.0583550532658896,-1.3545910120010376,-2.3628027041753135,-1.8810373544692993,-0.7198509573936462,-1.4020506143569946,-0.8783570130666097,-0.8851719895998637,-0.9974282483259836,-2.012266476949056,-0.8809243341286978,-0.8446560154358546,-1.536946455637614,-1.9820441007614136,-1.3281646966934204,-1.0995654861132305,-2.3960055112838745,0.28904739022254944
82.0,-0.12054872512817383,0.38820138821999234,0.17736734946568808,0.8336818230648836,0.7311477561791738,0.384212722380956,0.753056675195694,0.7543809115886688,1.0690550307432811,0.691613624493281,0.17069650193055472,0.7758565073211988,0.7005259096622467,-0.26237404346466064,-0.06942898035049438,0.8246557911237081,1.134537438551585,0.35604700446128845,0.8186121781667074,0.8751595815022787
83.0,-0.22632025430599848,-0.08849398295084636,-0.14138102531433105,-0.9967665870984396,-0.2533312141895294,0.4777647058169047,0.06791756550470988,-0.8070332556962967,-0.955702543258667,-0.4859947015841802,-0.13975770895679793,-0.02136760950088501,0.23542168736457825,0.4032919804255168,0.20409123102823892,-0.21766271193822226,-0.025619983673095703,0.003272761901219686,0.04253387451171875,1.2140148480733235
84.0,-1.0051473180452983,-2.341271718343099,-2.732975204785665,-0.8240566154321035,-0.35180289546648663,-1.0798282623291016,0.08358806371688843,-0.4930698374907176,-0.4602164862056573,-0.10916866858800252,-1.09959481159846,-1.7728260358174641,0.053154448668162026,-1.7172024250030518,-2.6221160093943277,-2.8439411322275796,-0.8055112461249033,-1.3227632244427998,-0.6499617968996366,-0.28461960951487225
85.0,1.2508175770441692,0.6130658189455668,1.0923605958620708,0.2420313060283661,1.212600752711296,1.0887928158044815,0.40407490730285645,0.45675994952519733,0.22977038224538168,0.9220630576213201,1.5888111193974812,1.0045242309570312,0.517740935087204,1.1201112270355225,1.0786863565444946,0.4252880811691284,0.767125129699707,1.6898850202560425,1.1383590983847778,1.2340331077575684
86.0,0.6689179937044779,0.4197800010442734,2.120473066965739,-0.005466236422459285,-0.39735329151153564,-0.4139505128065745,-0.27986576159795123,0.4703332682450612,0.29141683379809064,0.9353335648775101,1.4357473055521648,2.181914965311686,0.24205267677704492,0.6654451042413712,1.36384221414725,1.1065565943717957,1.255319078763326,1.8308920462926228,-0.6502600361903509,0.927884022394816
87.0,-0.9601739247639974,-0.13226154446601868,-1.4152852892875671,0.12255934874216716,-0.6875602702299753,-1.0004836519559224,0.5597329040368398,0.1955548326174418,0.5497969190279642,0.21182902654012045,-1.0300597945849101,-1.3678685824076335,0.7210922241210938,-0.8202636241912842,-1.28042737642924,-0.6162473360697428,-0.605651319026947,-1.299653468032678,-1.0704439928134282,-0.8473523060480753
88.0,-1.2903795291980107,-0.8497248341639837,-1.3664402961730957,-1.1199000875155132,-1.290788193543752,-1.6516974568367004,-0.05467730015516281,-1.1886051694552104,-0.8534377614657084,-0.7551264564196268,-0.7173310319582621,-1.8106459379196167,-1.1019906401634216,-1.2301667829354603,-1.3446144411961238,-1.6812529563903809,-1.515848437945048,-0.4997228185335795,-1.8897186517715454,0.5020317534605662
89.0,-0.72614852587382,-1.0962642033894856,-0.44274793068567914,-0.33875153462092084,-1.596447518716256,-1.070325533548991,0.5988887945810953,-0.2668673594792684,-0.03362133105595907,-0.08662776152292888,0.05822588006655375,-0.8022855569918951,0.14395219087600708,-0.9731368571519852,-0.7547849814097086,-1.1676435073216755,-0.5900893807411194,0.39397502442200977,-1.7070376177628834,-0.11172669132550557
90.0,-0.16137202580769858,0.26629992326100665,0.00432737668355306,-0.6121366818745931,-1.081710586945216,-0.09057266513506572,-0.3957633475462596,-0.8293140729268392,-0.5461161136627197,-0.8183489243189493,-0.32124900817871094,-0.3402098814646403,-0.03985545039176941,0.9637797276178995,0.4042414625485738,-0.251062015692393,-0.855978844066461,-0.05834857622782389,-0.7967256108919779,0.33093170324961346
91.0,1.9178497393925984,3.4215574661890664,2.9795910914738974,1.6224400500456493,1.8637362718582153,2.3093318367997804,1.2965058883031209,1.567506770292918,1.2293759311238925,1.1518394127488136,1.6407540639241536,2.3191335598627725,1.2729801734288533,2.4313653310139975,3.028887152671814,3.978682279586792,1.9855746428171794,1.5806853373845418,2.350443740685781,1.4812663396199544
92.0,-0.5096993496020635,-0.55024786790212,-1.5498391489187877,-1.0046923756599426,-1.0992368062337239,-0.8076411386330923,-1.0449843207995098,-0.9372075721621513,-0.8957822918891907,-0.5916022559007009,-0.6230285540223122,-1.0308073858420055,-0.8228551348050436,-0.23351732889811197,-1.2837957069277763,-1.2809984882672627,-0.5814037919044495,-0.7768011192480723,-1.1724899311860402,-0.28372355302174884
93.0,-0.7111118137836456,-1.3582255442937214,-1.5410850246747334,-0.5341047048568726,-0.9191591093937556,-0.7486149966716766,-0.30588864783445996,-0.12942210646967092,-0.3759065121412277,0.162057353494068,-0.4839819173018138,-0.7263757586479187,-0.057717410226662956,-1.3824617862701416,-1.8447362581888835,-1.5285751819610596,-0.14549758036931357,-0.5320866132775942,-0.8580592994888624,0.1608292063077291
94.0,2.782974680264791,2.0806145469347634,4.138184487819672,1.62326979637146,2.140297293663025,1.7426790396372478,0.9929788907368978,2.2587358554204306,1.8142327268918355,2.5800307393074036,3.3835262457529702,3.323782205581665,1.2057708700497944,1.9315016468365986,3.6320809920628867,3.4570840994517007,2.5441788037618003,3.540501356124878,2.235531528790792,1.2950292229652405
95.0,-1.3586660226186116,-0.6550685862700144,-1.7864696184794109,-0.9572573552529017,-0.6660319566726685,-0.24105119705200195,-0.2021348476409912,-0.8056487267216047,-0.5078339750568072,-0.4959011773268382,-1.1074511806170146,-1.575562874476115,0.07757153113683064,-1.4023088812828064,-2.05713152885437,-1.3395695288976033,-0.9301710029443105,-0.8074267009894053,-0.4675741096337636,0.28414568305015564
96.0,2.1269318660100303,1.1404975454012554,2.8483638763427734,2.263464013735453,2.9029476642608643,1.8931451837221782,1.55219100912412,2.472696542739868,2.115853269894918,2.3886025746663413,2.384848674138387,2.8394089539845786,2.357372999191284,1.4868116577466328,2.196240464846293,2.001555403073629,1.7500686248143513,2.6333473523457847,2.93770960966746,1.3240265846252441
97.0,2.782950242360433,3.688985586166382,4.537299791971843,2.8165298302968345,2.3483498891194663,1.7190591096878052,0.9437255263328552,3.015151619911194,2.5137743949890137,2.534958392381668,2.625768224398295,4.50678555170695,0.9355277518431345,2.3448829650878906,4.070091247558594,5.813791433970134,4.012736956278483,2.681581974029541,2.1665724565585456,1.1635021418333054
98.0,-0.5980899731318156,-0.6543335517247518,-0.7095562120278677,-0.5889680683612823,0.02523760000864665,-0.5997118949890137,-0.2691216319799423,-0.5853048712015152,-0.737657497326533,-0.7723875443140665,-0.9071182211240133,-0.17913667112588882,0.44595767557621,-0.6985240330298742,-0.628544270992279,-0.5023662249247233,-0.2338363230228424,-0.9478807548681895,-0.539306640625,0.5618660052617391
99.0,-0.7577798962593079,0.47226375341415405,0.6495787849028906,-0.6013007958730062,-1.1214262048403423,-1.4784233570098877,0.673651119073232,-0.6624494194984436,-0.37563085556030273,-0.5040973424911499,-0.23385111490885416,0.30282162129879,0.6912097334861755,-0.3902999659379323,0.00021602710088094076,0.7206586798032125,-0.08472145348787308,0.2530914743741353,-1.4369095762570698,0.32615260283152264
100.0,-1.1959217190742493,-1.2805171410242717,-1.6453919609387715,-1.355688214302063,-0.7273112734158834,-1.0775127013524373,-0.33986825744311017,-1.2249164680639903,-1.1320329705874126,-0.9562339584032694,-1.1381138960520427,-2.0574305057525635,-1.044508549074332,-0.8975926438967387,-1.3829375704129536,-2.2831727663675943,-1.995160698890686,-1.0629624426364899,-1.0446320573488872,-0.532901498178641
101.0,0.41044337550799054,1.1188036451737087,0.48430867741505307,0.15115260581175485,-0.14629612863063812,0.39787370959917706,0.3598589499791463,0.5624838173389435,0.18907997012138367,0.4002704570690791,-0.09834231932957967,1.1035555203755696,0.5377241124709448,0.598546306292216,0.6150163809458414,1.2177475094795227,1.1076759099960327,-0.4390989343325297,0.5321384705603123,0.721115916967392
102.0,-0.2912598301966985,-0.9275928735733032,-0.45983487367630005,-0.9298900961875916,-0.8967490096886953,-0.5705496668815613,0.5851219296455383,-1.1445902188618977,-0.6496500348051389,-1.2288488149642944,-0.4016441156466802,-0.5040417263905207,0.9727756381034851,-0.07955806702375412,-0.3898255427678426,-1.2869959672292073,-0.8955747286478678,-0.38741325090328854,-0.6426222523053488,0.42412136495113373
103.0,2.4693652788798013,1.9830986460049946,2.713211019833883,1.1399431725343068,0.24017802874247232,0.3356989026069641,0.0012482404708862305,1.5151380896568298,1.1300041278203328,1.523418704668681,2.2574220101038613,1.9125578006108601,0.593216339747111,2.2653184731801352,3.0937298933664956,2.733636657396952,1.6394304037094116,1.8302911072969437,0.6228769222895304,1.6368645826975505
104.0,-0.047909438610076904,-0.533400259912014,-0.0415485550959905,-0.2950933575630188,0.03910242517789205,0.14356951043009758,0.4248606264591217,-0.33431315422058105,-0.35118599732716876,-0.20304308334986368,-0.22343891859054565,0.8391662438710531,0.5194689333438873,-0.05266029636065165,-0.3237447639306386,-0.14204860726992288,0.1106090173125267,-0.24742483099301657,0.30052600304285687,-0.0985208551088969
105.0,-0.8999300400416056,-0.6650449732939402,-1.2282405296961467,-1.3464816361665726,-1.417857105533282,-1.47596371670564,-0.5247569891313711,-1.4842923084894817,-1.3276201486587524,-1.0078956484794617,-0.6265636881192526,-0.9434248606363932,-0.11972497403621674,-0.5450519522031149,-0.9675612052281698,-1.2170783678690593,-0.8375358780225118,-0.7060921788215637,-1.336724688609441,0.07020338376363118
106.0,0.1615164875984192,-0.25105851888656616,0.225057332466046,-0.6851604779561361,0.09357657035191853,0.4577646652857463,0.03802330450465282,-0.4202667276064555,-0.5787108143170675,0.016116122404734295,0.31179360548655194,0.6111031075318655,0.09780812760194142,-0.29187945524851483,-0.11423585812250774,0.24575860301653543,0.6765735248724619,0.2942682206630707,0.23955358068148294,0.7814268519481024
107.0,1.2586792508761089,0.8616166909535726,1.2127325336138408,0.7352204273144404,-0.5399082799752554,-0.6069003641605377,0.2465800791978836,0.951635479927063,0.26363174120585126,0.7263504862785339,1.1277239223321278,0.8653841217358907,0.3855642080307007,0.9192531704902649,0.9946577077110609,1.0284395217895508,0.2861395279566447,1.1564044555028279,-0.4202340766787529,0.34681490312019986
108.0,0.3687648872534434,-0.6624381939570109,-1.0898616313934326,0.3845730423927307,-1.2832147280375164,-0.7983166376749674,-0.1662262479464213,0.523892213900884,0.22945189476013184,0.5377934525410334,-0.148179163535436,-0.3645074764887492,-0.33269964655240375,-0.13438324133555093,-0.9067347248395284,-0.9985543092091879,-0.3825792074203491,-0.38625383377075195,-0.9714974164962769,0.022215505441029865
109.0,0.5435949874420961,0.9265227218468984,1.385202979358534,0.18647644917170206,-0.6747276609142622,0.029744073748588562,-0.2686101992925008,0.16932212809721628,0.0880594253540039,0.015060255924860636,0.4695627788702647,1.399328609307607,0.09000409642855327,0.7783063848813375,1.4610645572344463,1.78435879945755,1.5620120962460835,0.4134005904197693,-0.581437274813652,1.606275200843811
110.0,-0.4597847859064738,-0.3489067455132802,-0.5404613812764486,-0.13218445579210916,-1.1756571729977925,-0.306040753920873,0.51933453977108,-0.198103129863739,-0.21974196036656699,-0.6031912714242935,-1.0279946128527324,0.23413372039794922,-0.04560854037602743,0.07923080772161484,-0.517803990903,-0.27009689311186474,0.5353672007719675,-0.9994755784670512,-1.0561412225166957,0.22071108718713126
111.0,1.6979946692784627,1.8242146174112956,2.089816023906072,2.3899766206741333,1.17723681529363,0.0036654025316238403,0.9846447805563608,2.695398132006327,2.3211788336435952,2.095122814178467,1.5156722664833069,1.6679016550381978,1.057086189587911,1.1674818396568298,1.8736344178517659,2.2871225674947104,1.1649117668469746,1.6061459879080455,0.6864957809448242,0.7801527480284373
112.0,-1.4268022775650024,-1.619159499804179,-2.2049646377563477,-1.8102364937464397,-3.4882287979125977,-3.1078293323516846,-0.13584525883197784,-1.9880718390146892,-1.7048505544662476,-1.2563571532567341,-1.0347094138463337,-1.5096487402915955,-0.00894226630528768,-1.1047613993287086,-2.0061729550361633,-2.6588412125905356,-1.5763522386550903,-0.9826902349789938,-3.638880968093872,1.0953513979911804
113.0,-0.7498811235030493,-1.56662255525589,-1.7367316484451294,-0.133575439453125,-1.0436358054478962,-0.8224024176597595,-0.2997172822554906,-0.2474018782377243,-0.39959528545538586,-0.32313674688339233,-0.8149333844582239,-1.7322398622830708,0.1810321807861328,-1.010646104812622,-1.8640882174173992,-2.4622666438420615,-1.7749496301015217,-0.5363187541564306,-1.223228635887305,0.002390603224436442
114.0,0.9997045149405798,0.1168209711710612,-0.11502726872762044,-0.13880249857902527,0.254341999689738,0.001849532127380371,0.2050710121790568,-0.15127233664194742,-0.0640324056148529,0.32607992986838025,0.8929792642593384,-0.3858685940504074,0.20482677221298218,1.0378646055857341,0.4394386311372121,-0.54045303662618,0.11898612976074219,0.703998843828837,0.2910509904225667,0.8361618916193644
115.0,-1.7866219679514568,-1.3939157525698345,-1.9003015359242756,-1.6496976216634114,-2.740917762120565,-1.3627594113349915,-1.068439543247223,-2.004002650578817,-1.3158517082532246,-1.794925332069397,-1.5215741793314617,-1.6162983179092407,-0.7705402076244354,-1.4379501342773438,-2.0346510807673135,-1.9642040332158406,-1.7098308801651,-1.3324511448542278,-2.3833884795506797,0.06314610441525777
116.0,-1.6300739447275798,-1.494752585887909,-2.909892717997233,-1.1362792650858562,-2.701309621334076,-1.7830621277292569,0.09281302988529205,-1.3622679213682811,-1.2077601949373882,-1.4698829054832458,-2.165822426478068,-1.7942471901575725,-0.34457465012868244,-1.2492933471997578,-2.8080801963806152,-2.417759378751119,-1.246825764576594,-2.1058651208877563,-2.4963443875312805,-0.3479541589816411
117.0,-1.6469411551952362,-1.0080051024754841,-0.8763647874196371,-1.7719342907269795,-1.2124816576639812,-0.4571673472722371,-0.4711938848098119,-1.8945622146129608,-1.5333771109580994,-1.395191376407941,-0.9454723795255026,-0.9800090988477071,-0.5327834039926529,-1.1896454493204753,-1.167567769686381,-1.155531903107961,-0.707535982131958,-0.5619233474135399,-0.9998128414154053,-0.19419482350349426
118.0,3.01505978902181,1.5360782345136006,2.6601627667744956,2.3985764384269714,3.157108465830485,2.143463611602783,1.5618900060653687,2.707112729549408,1.905163566271464,2.2390360633532205,2.4497775634129844,2.2224940756956735,1.83559517065684,2.5915165742238364,2.895616372426351,1.7470583816369374,1.3967664241790771,2.220266103744507,3.3630457321802774,1.2616538802782695
119.0,0.28052423646052677,0.8593144913514456,1.0885161012411118,0.08832766053577264,-0.4812287489573161,0.18765397866566977,1.2481422026952107,0.31983039776484173,0.20917504032452902,0.8523256977399191,0.9631991485754648,0.9060257275899252,1.297231396039327,0.39228004217147827,0.696960469086965,0.6935886343320211,0.07428789511322975,1.3303410808245342,-0.10270151495933533,1.301305929819743
120.0,-0.29257553815841675,-0.7408760984738668,-1.9453911383946736,-1.098101814587911,-2.1414262453715005,-2.105743328730265,0.5077502330144247,-0.8451316356658936,-1.024331510066986,-0.45916806161403656,-0.8263987526297569,-1.618495613336563,0.5077410389979681,0.08328198393185933,-1.0972879230976105,-1.6381452282269795,-0.9884467522303263,-1.3539348741372426,-2.1473583380381265,0.6927284399668375
121.0,-1.6835401058197021,-0.21698957681655884,-1.067399760087331,-1.8134433031082153,-1.5582148432731628,-1.0857277140021324,0.6168244381745657,-1.9045289754867554,-1.5484763979911804,-1.5424031217892964,-1.4017569522062938,-1.0865814338127773,0.5299679512778918,-0.562016616264979,-0.9569234649340311,-0.6062105397383372,-0.8734271675348282,-1.1383530298868816,-1.2358590364456177,1.2171676258246105
122.0,-1.0362005233764648,0.6149601340293884,0.04767972230911255,-1.1516139109929402,0.4945564071337382,0.40056440234184265,0.2515086730321248,-1.5572015047073364,-1.3473225633303325,-1.3261589407920837,-0.4828135371208191,-0.7199875588218371,0.21223340928554535,-0.12988659118612608,-0.2853579173485438,0.30018651485443115,-0.574893390138944,0.16348334153493246,0.1638073523839315,0.21955042580763498
123.0,0.7306842440739274,-0.0590402806798617,-0.001954446236292521,0.0011861473321914673,0.4168799966573715,0.8191388646761576,1.0520403385162354,0.30646710346142453,0.08488884568214417,0.34515611330668133,0.638024777173996,-0.3779631108045578,0.8032711148262024,0.3362934390703837,0.06573464969793956,-0.7014045814673106,-0.3466458221276601,0.8124732176462809,0.7976487278938293,0.5635680382450422
124.0,-0.6842922568321228,-0.7867507338523865,-1.2672223895788193,-1.4033532415827115,-0.98237011830012,-0.5099764764308929,1.7134291405479114,-0.9736810723940531,-1.1131596515576045,-0.3183092673619588,-0.5700452526410421,-1.1881488958994548,1.1964930494626362,-0.5631101975838343,-1.1555040329694748,-1.341459482908249,-0.5808700509369373,-0.6378474980592728,-0.7723159392674764,1.483054759601752
125.0,-0.31886644164721173,0.2946368455886841,-0.20267489552497864,-0.3050946692625682,0.12984377145767212,0.6591954429944357,0.3691219687461853,-0.5788009862105051,-0.43971487134695053,-0.687901017566522,-0.5817487041155497,-0.35757901271184284,0.5271483063697815,-0.03277832269668579,-0.16211328407128653,0.17565260330835977,-0.5885350306828817,-0.648809552192688,0.2747228741645813,1.2989484667778015
126.0,-1.8956015507380168,-1.6924137671788533,-2.1975125074386597,-2.08683172861735,-1.7327513297398884,-1.7130531867345173,-0.8407924771308899,-2.3691064516703286,-2.116206407546997,-2.0971995989481607,-1.6281489531199138,-1.8305302858352661,-0.6214458545049032,-1.496325174967448,-2.1773123741149902,-2.3700627088546753,-1.89325745900472,-1.4847978353500366,-1.8816157976786296,0.013388752937316895
127.0,0.7748129268487295,0.2574525674184163,0.6045573304096857,0.7507031857967377,1.0896320541699727,0.4764197866121928,1.993020494778951,0.8291522661844889,0.705715537071228,0.8864397605260214,0.9303639406959215,-0.23939517637093863,2.0314749677975974,0.593409538269043,0.6616104443868002,0.05289489030838013,-0.0635194182395935,0.937556246916453,0.6826221346855164,1.5259809742371242
128.0,0.08674836903810501,0.6013257429003716,-0.30088076988856,-0.2995261351267497,-0.14750808974107107,-0.16049136718114218,-0.4426741376519203,-0.1263714631398519,-0.1564666529496511,-0.14865161975224814,-0.5289210875829061,0.20855901141961417,-0.4212299684683482,0.5931563327709833,0.09835401674111684,0.73989766339461,0.5651628971099854,-0.7587601815660795,-0.18545949459075928,0.5608798066775004
129.0,0.08288433154424031,-0.35065413514773053,0.17609026034673056,-0.2204889456431071,0.4734146197636922,-0.07108005757133166,-0.12246923645337422,0.0011078914006551106,-0.3736456235249837,0.4189058740933736,0.5328424746791521,-0.2340164581934611,-0.035786536832650505,-0.06479201714197795,-0.21444199482599893,-0.4438486695289612,-0.47609348595142365,0.933744877576828,0.0999201958378156,0.32382799188296
130.0,-0.30831411480903625,-0.5286837418874105,-0.6105304236213366,-0.25946972767512005,-1.4189797639846802,-1.2219320734341939,0.5189996163050333,-0.40105487902959186,-0.4612818124393622,-0.654236783583959,-0.7571811576684316,-0.5836659669876099,0.36186176041762036,0.027681926886240642,-0.52699875831604,-1.0168383916219075,-0.9642235438028971,-0.8770459493001302,-1.7218108773231506,0.28806522985299426
131.0,0.6626329372326533,1.058595339457194,0.3365587890148163,0.33444662143786746,-0.574738214413325,-0.19035578767458597,0.8652829130490621,0.15218027432759604,0.28547334174315137,-0.1283562183380127,0.3115719258785248,0.3316541562477748,1.32291579246521,1.0336664418379466,0.47496124108632404,0.7530595660209656,0.5665459881226221,0.3963000774383545,-0.38922656575838727,0.44328951835632324
132.0,-0.08204416433970134,0.1358784238497416,-0.035743569334348045,0.11225515728195508,1.0418404936790466,0.9169001976648966,0.7520455718040466,-0.1813425620396932,0.12292468547821045,-0.40596474210421246,-0.34758424758911133,0.026883761088053387,1.189792772134145,0.43900391459465027,-0.001157929499944051,-0.008694092432657877,0.13141650954882303,-0.30605324109395343,0.9688076774279276,-0.17904333273569742
133.0,-0.6856563886006674,-0.9143969217936198,-1.647761861483256,-0.8877103130022684,-2.635362188021342,-1.7993445868293445,-0.28721659382184345,-0.9576176404953003,-0.7554083267847697,-0.8073750734329224,-0.7943286597728729,-1.178207849462827,-0.43665293355782825,-0.5429460406303406,-1.3005835612614949,-1.475010630985101,-0.8318943281968435,-0.8114514897267023,-2.6467943588892617,0.08885286251703899
134.0,0.981288472811381,0.4708075722058614,1.8661801020304363,0.608775407075882,1.0920477112134297,1.1142911116282146,1.2180842359860737,0.6333108246326447,0.45867110043764114,0.6881040732065836,1.171272913614909,2.4116520484288535,1.062574863433838,0.8880773385365804,1.475071628888448,1.2069979459047318,1.591849684715271,1.2350701491038005,1.3327615807453792,0.4060668150583903
135.0,1.1957107086976368,0.5962053338686625,1.6099607745806377,1.4409104983011882,1.357125421365102,0.7415546874205271,0.7434971133867899,1.5899988214174907,1.209335098663966,1.3262786467870076,1.1890096962451935,1.465311328570048,1.1332883636156719,0.9229784160852432,1.3448295593261719,0.8785775005817413,0.8274474640687307,1.2696489493052165,1.2938215335210164,0.36015890041987103
136.0,0.1754577954610189,-0.6184921463330587,-0.21088396509488425,-0.4694152461985747,-1.9834556976954143,-1.1451820905009906,-0.10675990581512451,-0.31882119675477344,-0.49111900726954144,-0.1922186128795147,-0.029331207275390625,-0.1400603527824084,-0.2303774282336235,0.11063436667124431,-0.0654584566752116,-0.6051546409726143,-0.21086915334065756,0.0343965490659078,-1.7745038469632466,0.6242498159408569
137.0,0.3416435917218526,-0.4183071106672287,-0.5235666731993357,-0.04796417554219564,-1.1239935010671616,-0.694387674331665,0.08077699691057205,0.12689661979675293,-0.3202635645866394,0.3314812978108724,0.4599757095177968,-0.9178034663200378,0.9204186101754507,0.2512786189715068,-0.22864840924739838,-1.2373763918876648,-0.5639725824197134,0.49729909499486286,-1.0320330907901127,0.6758326689402262
138.0,-0.5953611532847086,-0.6985541308919588,-0.8321763773759207,-0.2522213061650594,-2.1016249656677246,-2.091646989186605,0.20813115437825522,-0.29738855361938477,-0.3316631317138672,-0.3589924971262614,-0.8312710573275884,-0.8395978783567747,-0.030849641809860866,-0.44319766759872437,-0.7423247893651327,-1.1320181886355083,-1.5005578597386677,-0.965702215830485,-2.407811999320984,-0.3588542739550273
139.0,-0.9895070989926656,-2.3551027377446494,-3.03353484471639,-0.13364800810813904,-2.7481585343678794,-2.7541557153066,0.9548281828562418,-0.24716628591219583,-0.384297380844752,-0.6175254782040914,-1.7834610144297283,-2.2945993741353354,0.5420622030893961,-1.5260640184084575,-2.5867778857549033,-3.1034236749013266,-1.9533853928248088,-2.153965791066488,-2.874943653742472,-0.31705522537231445
140.0,-1.708276907602946,-1.2073381543159485,-1.9411137501398723,-1.4229927062988281,-1.0453776319821675,-0.4556731581687927,-0.28578601280848187,-1.2943895657857258,-1.3470900456110637,-1.3166372776031494,-2.0267604192097983,-1.0145390927791595,-0.7504171033700308,-1.2813416322072346,-1.9287381172180176,-2.029112974802653,-1.8898889223734539,-1.8449026346206665,-0.8832161625226339,-0.45611173907915753
141.0,-0.3074357807636261,-0.6329134876529375,-1.5115276177724202,-0.4166677196820577,-0.684181292851766,0.07040530443191528,0.5004549498359362,-0.5362093498309454,-0.6083851456642151,-0.6833247343699137,-0.917747696240743,-1.311807930469513,0.2871146599451701,0.27562673886617023,-1.0873469014962514,-1.4534412026405334,-0.6348108847935995,-0.9635148644447327,-0.5932868321736654,-0.18452520668506622
142.0,-1.0889468987782795,-0.8277291059494019,-1.1770252486069996,0.03383763134479523,-0.9328392744064331,-0.35303692022959393,0.03644020358721415,-0.3886483311653137,-0.015016188224156698,-0.5463088949521383,-0.9570949772993723,-1.2218651175498962,0.29194337626298267,-1.0500406523545582,-1.2772314548492432,-1.1607313950856526,-0.687381754318873,-0.9954387545585632,-0.8177016178766886,-0.9928109645843506
143.0,0.33204540610313416,0.2654399524132411,-0.26044850548108417,0.09534414112567902,-0.764614482720693,-0.04501489798227946,0.7296816110610962,0.3674122492472331,0.10585232824087143,0.18394612272580466,-0.23748177289962769,-0.13696357607841492,0.7512165904045105,0.4586043705542882,0.04097273697455724,0.32998524109522503,0.30809811875224113,-0.5222048039237658,-0.23607834180196127,0.9365244309107462
144.0,0.536895401775837,0.49813854197661084,-0.28920512398084003,1.2907463212807972,0.7262417078018188,0.9144974847634634,1.199349582195282,1.0752855986356735,0.8853224714597067,0.6627602179845175,0.009093781312306723,-0.7237752676010132,1.4520617922147114,0.7631832460562388,0.09820919235547383,-0.010939021905263266,0.030083070198694866,-0.10223825772603352,0.6921116312344869,0.6553247272968292
145.0,0.053911805152893066,1.0214782059192657,0.37056346734364826,-0.005401064952214559,-0.1409139335155487,0.49550825357437134,1.4713612794876099,-0.01844426989555359,-0.10491229842106502,0.13914688428243002,0.10768584410349528,0.33250685532887775,1.5227784315745037,0.6140685876210531,0.31436651945114136,0.7835464477539062,0.3235381692647934,0.385356326897939,0.4279060363769531,0.4320121208826701
146.0,3.0172102451324463,2.146781325340271,3.2457497119903564,2.4848134517669678,3.51998233795166,2.283837636311849,1.737768292427063,2.9569413661956787,2.4339025020599365,2.9728963375091553,2.5146038134892783,3.1031439701716104,1.5205326477686565,2.7114025751749673,3.579413096110026,3.5421738624572754,2.710843046506246,1.89207923412323,3.0102739135424295,0.7026891112327576
147.0,0.06591435273488362,-0.27993279695510864,0.7781376987695694,-0.7373048464457194,0.6557345787684122,0.559063196182251,0.3490288058916728,-0.663626417517662,-0.8261788884798685,-0.18100020786126456,0.5170789211988449,0.1120789647102356,-0.08598139137029648,0.26232192913691205,0.8819673011700312,-0.05704412857691447,-0.3878343453009923,0.510168602069219,0.5738350550333658,1.624640961488088
148.0,2.118857353925705,2.0676254431406655,2.5937668879826865,2.2949026823043823,0.21776185433069864,0.438767949740092,1.3002630670865376,2.5622910261154175,1.9479567209879558,2.1152703166007996,1.7567637463410695,2.289163668950399,1.258800983428955,1.5734656850496929,2.4236862659454346,2.79535174369812,1.1559763203064601,1.647967462738355,0.37825874487559,0.9619365334510803
149.0,-0.13570893804232279,0.6789740944902102,0.10725350181261699,0.044756496946016945,-0.652726968129476,-1.107164998849233,-0.15938432017962137,-0.11594996849695842,0.21061336994171143,-0.08478357394536336,0.005341539780298869,0.632886583606402,0.2571350559592247,0.37816715240478516,0.29622406760851544,0.603882814447085,0.4496363202730815,0.13041012485822043,-1.2165488600730896,1.1641003688176472
150.0,0.29746649662653607,0.07254560788472493,0.5734091326594353,-0.46909700830777484,-0.9561015367507935,-0.6249439716339111,-0.2003899614016215,-0.33365732431411743,-0.39984767387310666,-0.19748700658480325,0.2654886345068614,0.5344341993331909,-0.21763930469751358,1.1464228828748066,0.726266548037529,0.13908775647481283,0.6162789563337961,0.3772475520769755,-0.7417037487030029,1.0656774242719014
151.0,-0.21804346640904745,-0.3467962418993314,-1.2695272366205852,-0.3976841941475868,-0.0675940215587616,0.2379279906551043,0.8410102526346842,-0.36050065358479816,-0.33348339796066284,-0.7269229690233866,-1.2967398564020793,-0.1789167175690333,0.879973312218984,0.3451727827390035,-0.6406467395524184,-0.7059255093336105,0.1448597510655721,-1.6291323453187943,0.1672664682070414,0.3058747152487437
152.0,0.2818704694509506,0.15484912196795145,0.017656962076822918,0.364556481440862,-0.39522282282511395,0.15060613552729288,0.3539491593837738,0.18016516168912253,0.22427326440811157,0.03320521612962087,0.03949697812398275,-0.08637384573618571,0.45660334825515747,0.31081534922122955,-0.04596655567487081,0.16150228679180145,0.2527774175008138,0.1520326534907023,-0.1147931416829427,0.7438517610232035
153.0,-2.5448307593663535,-1.6101630131403606,-2.8664748668670654,-1.8563225269317627,-2.0838774045308432,-1.3815453449885051,0.1205682357152303,-2.2177271445592246,-1.3938877582550049,-1.9330364068349202,-2.224190592765808,-2.011531352996826,0.2939518292744954,-1.983388900756836,-2.896989941596985,-2.412737468878428,-1.6222141981124878,-1.884496847788493,-2.08389683564504,-0.3619297345479329
154.0,-1.1799873113632202,-1.3673008282979329,-2.274027625719706,-2.0121999184290567,-1.4848206440607707,-0.6069518526395162,-0.5727452238400778,-1.9617914458115895,-1.957217812538147,-1.132237176100413,-0.9646230886379877,-1.981281042098999,-0.36231668790181476,-0.860616147518158,-1.8468466848134995,-2.375419239203135,-1.0954850614070892,-1.1332155863444011,-1.502695381641388,0.384056697289149
155.0,-0.2026270627975464,-0.5260008176167806,-1.2193034688631694,-0.7292017787694931,-2.6286895275115967,-1.893889307975769,0.5437455773353577,-0.679816510528326,-0.660940041144689,-0.24472864468892416,-0.42852118611335754,-1.0835525232056777,0.7684456085165342,0.019026021162668865,-0.6811413764953613,-1.2155587275822957,-1.163914402325948,-0.893159752090772,-2.69205109278361,-0.11551074186960857
156.0,-0.8355364799499512,-1.6106600761413574,-1.6145890057086945,-1.0371225277582805,-2.1499865849812827,-1.8590933680534363,0.3557600975036621,-0.8922027945518494,-1.000967338681221,-0.6201231877009074,-0.6801715691884359,-1.3843289812405903,0.3516068359216054,-1.5881586372852325,-1.8035763502120972,-1.8151266078154247,-1.0736178954442341,-0.7960281769434611,-2.212166706720988,0.26171213388442993
157.0,-1.1071821749210358,-0.978005051612854,-2.222630182902018,-1.4611327250798543,-2.7236757576465607,-1.6857555905977886,-0.1994051287571589,-1.4700525601704915,-1.6141000588734944,-1.1921712756156921,-1.4447812835375469,-1.8377997080485027,-0.49546046555042267,-1.1208038330078125,-1.8535820245742798,-1.7729055086771648,-1.8666242758433025,-1.7912230889002483,-2.472060958544413,-0.41109493374824524
158.0,-0.9293702642122904,-1.374896764755249,-2.8109142780303955,-0.6202013691266378,-1.7084781924883525,-1.6993924379348755,0.42386041084925336,-0.7672601342201233,-0.6709369421005249,-0.8070059021313986,-1.5699074665705364,-1.7359847227732341,0.7730027784903845,-0.5824208358923594,-2.137099862098694,-2.3126989205678306,-1.4429741104443867,-1.9848298629124959,-1.6366758545239766,-0.42476004858811695
159.0,-0.665062685807546,-0.6453400403261185,-1.4719143311182659,-0.14557586113611856,-1.8897940715154011,-0.7727725307146708,-0.4877699414889018,-0.36523701312641305,-0.34637288252512616,-0.8125089754660925,-1.1458624800046284,-0.8001827001571655,-0.06823934117952983,-0.6314863661924998,-1.5254697402318318,-1.169861117998759,-0.5634649991989136,-0.9915539920330048,-1.6173419157663982,1.4872267246246338
160.0,-1.6436763207117717,-1.03009781986475,-0.4385829319556554,-1.5421620607376099,-2.5286806424458823,-1.923136870066325,-0.6318347056706747,-1.5476755301157634,-1.5137058695157368,-1.0775635341803234,-1.0747021436691284,-0.14058025677998862,-0.05681208769480387,-1.1240898470083873,-1.0608706176280975,-0.9057506223519644,-1.0785239338874817,-0.4488976200421651,-2.669945995012919,0.5534589290618896
161.0,-0.21933128436406454,-0.06608593463897705,-0.8190602362155914,0.3322356740633647,-0.07739986975987752,-0.7449140747388204,0.7571208079655966,0.33761857946713764,0.24359857042630514,-0.1790671149889628,-1.0566268761952717,-0.4627710779507955,1.2991102735201518,-0.12634732325871786,-0.46130191286404926,0.07877432306607564,-0.13875768582026163,-1.5281327962875366,-0.2946958541870117,0.4879075189431508
162.0,0.18775230646133423,0.6392586628595988,-0.17377837498982748,-0.13308000564575195,-0.18784581621487936,-1.070884148279826,0.06304319202899933,-0.13920970757802328,0.2577280600865682,-0.2336092789967855,-0.2631021899481614,0.4864617983500163,0.323491632938385,0.9007896383603414,0.6953642219305038,0.6731710533301035,1.1459200481573741,-0.75429700811704,-0.79204922914505,0.1125166912873586
163.0,-1.1891719500223796,-0.6721401611963908,-1.006693571805954,-0.2206734816233317,-0.9538326611121496,-0.06314565738042195,0.4469430719812711,-0.6385754744211832,-0.06319733460744222,-0.6901164054870605,-0.9039337734381357,-0.6207326451937357,0.5213967462380728,-0.783929705619812,-1.2742036581039429,-1.2063008546829224,-0.757102812329928,-0.5792302191257477,-0.7941890731453896,-0.6211378276348114
164.0,-0.13671496013800302,-1.2995143334070842,-1.461191087961197,0.574694554011027,-0.06882900993029277,-0.08222831164797147,0.8880144755045573,0.857339104016622,0.649306466182073,0.6306650241216024,-0.15899000565210977,-0.9063733021418253,1.0326528549194336,-0.9068634808063507,-1.4988621870676677,-2.086865504582723,-0.940539946158727,-0.061977505683898926,-0.042594581842422485,0.2556321422259013
165.0,-0.048015326261520386,-0.799026886622111,-0.6085235873858134,-0.2279896338780721,-1.4544128676255543,-0.8978456060091654,-0.176798348625501,0.1456564168135325,-0.13754681746164957,0.36501871049404144,-0.06356382369995117,0.18710033098856607,0.3898344536622365,-0.509486049413681,-0.8081195602814356,-0.835494875907898,-0.25923551619052887,-0.10856406390666962,-1.308979372183482,-0.044207215309143066
166.0,-0.9361889685193697,-0.1975640058517456,-0.7846525485316912,-0.8064545889695486,-1.7476487457752228,-1.413644055525462,0.24373729030291238,-0.9318547248840332,-0.6735108395417532,-0.5621504833300909,-0.4169166386127472,-0.5927061016360918,0.49587051073710126,-0.6217960317929586,-0.9890069092313448,-0.5138494769732157,-0.19177322586377463,-0.02534673611323039,-1.8355062107245128,0.04580000042915344
167.0,0.011247913042704264,0.19206701467434564,-0.2952665686607361,0.02923085292180379,0.6651149193445841,1.33607284228007,-0.11756289005279541,0.09059567625323932,0.13639138142267862,-0.5518297950426737,-0.7857926289240519,-0.05449816584587097,0.7647018333276113,0.4726966420809428,0.07015772660573323,-0.2101952334245046,-0.0005858540534973145,-0.9248111595710119,1.3413029114405315,0.5381290515263876
168.0,-0.34407248099644977,-1.1507412890593212,-0.3772110939025879,-1.056536038716634,-0.4496700167655945,-0.24095733960469565,0.3654562830924988,-0.9963749349117279,-1.1813315153121948,-0.3179589907328288,0.7009257475535074,-0.8309206565221151,0.39771345009406406,-0.66844974954923,-0.866247296333313,-1.8436733732620876,-0.37868998448054,1.3448291420936584,-0.618560254573822,0.6178736488024393
169.0,2.2329434951146445,2.5866023302078247,2.0861669381459556,2.1391518115997314,0.4452780584494273,1.6540143489837646,1.2106601869066556,2.156591455141703,1.747084418932597,1.9112233718236287,2.0886369546254477,2.031220475832621,1.3527487715085347,1.7551190455754597,2.237525701522827,2.86736798286438,2.417020082473755,1.8610570033391316,1.179903229077657,0.7773912151654562
170.0,0.18022259076436362,-0.6436380743980408,-0.648802638053894,0.38000260293483734,0.7974259356657664,-0.38930414120356244,0.5742835303147634,0.3496217578649521,0.005998551845550537,0.2505455364783605,-0.16620667775472006,-0.5917148987452189,0.8557268381118774,-0.1583873430887858,-0.49117294947306317,-1.1451775630315144,-0.9933550159136454,-0.21017648776372275,0.5885238548119863,0.22521311044692993
171.0,0.2154709200064341,-0.12038497130076091,-0.06459933519363403,0.09342996279398601,0.05047933260599772,0.2792463153600693,0.2175819476445516,-0.006977771719296773,0.2716434995333354,0.22344287236531576,0.10186412930488586,0.4873412052790324,0.5922176043192545,0.36778203149636585,0.10369499648610751,0.0846789578596751,0.7409243409832319,-0.12598715784649053,0.07655491431554158,0.21512909730275473
172.0,-0.7955008049805959,-0.7752552231152853,-0.1528809666633606,-0.9567987521489462,-1.5383971333503723,-1.043297787507375,0.305592159430186,-0.9571324239174525,-0.9119610091050466,-0.3858737548192342,-0.04903532564640045,-0.24682112534840903,0.22629364331563315,-0.9329653779665629,-0.915548195441564,-0.7340645690759023,-0.3881864051024119,0.4518648087978363,-1.6533644994099934,1.227872520685196
173.0,1.0339796791474025,0.6895398944616318,2.4881024758021035,0.6622246901194254,1.2000489334265392,0.4834907253583272,1.0058446725209553,1.173761288324992,1.0809048066536586,1.4251696169376373,1.5383655230204265,2.800184647242228,1.0929842988650005,0.5853117009003957,1.935409386952718,2.2378037373224893,2.041043003400167,1.6850653290748596,1.3465427160263062,1.51739235719045
174.0,-1.4753489096959431,-1.2359993904829025,-1.3043410976727803,-1.8165329297383626,-0.9631097267071406,-1.6532150109608967,-0.25740530093510944,-1.4403861562410991,-1.0638607541720073,-0.5155050754547119,-0.9008863766988119,-1.0095728437105815,-0.015277902285257975,-1.0772990385691326,-1.2486318945884705,-1.3927650650342305,-1.2057594060897827,-0.6085321505864462,-1.5514315764109294,0.19557616114616394
175.0,-0.02869372069835663,-0.7505284442255894,-1.8851482073465984,-0.18543178588151932,0.31499530499180156,-0.23156437277793884,0.2641756335894267,-0.1252195636431376,-0.15468506018320718,0.163209170413514,-0.2516484558582306,-1.4865488111972809,0.662400687734286,-0.29906658579905826,-1.3177974621454875,-1.8599471747875214,-0.4746308773756027,-0.6849594116210938,0.15258962847292423,1.5808349053064983
176.0,0.4543970227241516,-0.7211112578709921,-1.070095181465149,1.0319196979204814,0.19252365827560425,0.07192179063955943,0.36216317117214203,1.2703320980072021,0.9551823437213898,0.6848552127679189,-0.200658289094766,-1.0711010893185933,0.2667652666568756,0.005984375874201457,-0.6729890089482069,-1.467959463596344,-1.0726665655771892,-0.542700449625651,0.10534276564915974,0.004116460680961609
177.0,-2.0228741566340127,-2.16914431254069,-2.9048001368840537,-1.428323209285736,-3.1420839627583823,-1.6328338781992595,0.06059018770853678,-1.2279316584269206,-1.0050111611684163,-0.7380868196487427,-1.6236915787061055,-2.517340898513794,-0.1151345173517863,-1.975873629252116,-2.8563405672709146,-3.2429757118225098,-2.193839947382609,-1.430412918329239,-2.744707147280375,-0.17705771327018738
178.0,-1.877353549003601,-2.934942086537679,-2.0637109676996865,-1.4183514912923176,-2.4992253383000693,-2.3628714084625244,-0.4778762956460317,-1.3533010085423787,-1.24490624666214,-0.820837140083313,-0.9802108804384867,-2.071182648340861,-0.310043806831042,-2.2253359158833823,-2.7967212994893393,-3.555849313735962,-2.0737919012705484,-0.40932559967041016,-2.6122616132100425,0.7387714385986328
179.0,-0.7798756013313929,-0.4461713706453641,-0.24232151110967,-1.0540228684743245,0.14619781573613486,-0.5981766780217489,0.35965510706106824,-1.2070520122845967,-0.7063606282075247,-1.0178235073884327,-0.4567837367455165,-1.0414071877797444,0.19472576677799225,-0.30538476506869,-0.07367149988810222,-0.4200514554977417,-0.5526351531346639,-0.18638641138871512,-0.4713938931624095,-0.09534495075543721
180.0,-1.025900622208913,-1.4402412970860798,-2.42339293162028,-0.7931908965110779,-1.0024070640405018,-1.035978724559148,-0.426082710425059,-0.9685754676659902,-0.9365374048550924,-0.7249953051408132,-1.2223244706789653,-1.7465982834498088,-0.19464734196662903,-1.0692315101623535,-2.2926580905914307,-2.3596644004185996,-1.3417260646820068,-1.282954255739848,-0.9385681947072347,0.03581788639227549
181.0,0.7366318901379904,0.21711385250091553,1.0450141827265422,-0.46172821521759033,-0.15565788745880127,1.1214355031649272,-0.4073125918706258,-0.14201759795347849,-0.45374302566051483,0.012554412086804708,0.99331766863664,0.5154787302017212,-0.2713181326786677,0.5506981760263443,0.8935797611872355,0.7238188783327738,1.2923217962185543,1.262645532687505,0.3150394956270854,2.1464882691701255
182.0,-0.44908179839452106,-0.7242623269557953,-1.591632564862569,-0.5014828741550446,-1.8453052838643391,-2.3457032392422357,0.14876841257015863,-0.4844086820570131,-0.5265131692091624,-0.36175742745399475,-0.5202355633179346,-1.1307811935742695,-0.01831708351771037,-0.22287566463152567,-1.4308659434318542,-1.7525487393140793,-0.4557332396507263,-0.5450165768464407,-2.3581167509158454,-0.45536352197329205
183.0,-0.025644749402999878,0.24687095483144125,0.004762773712476094,0.08590839306513469,-1.3436460768183072,-1.00418355067571,0.051747873425483704,0.2902519404888153,0.3137820189197858,0.3096959988276164,0.1865364412466685,0.115418607989947,0.18778201937675476,-0.1928012271722158,-0.12051428854465485,-0.12375619014104207,-0.26764533917109173,0.3016173144181569,-1.3595712234576542,-1.214698811372121
184.0,-0.6036597987016042,-0.9412588477134705,-0.971835215886434,-1.377299169699351,-1.1964950760205586,-0.5631494720776876,-1.168852150440216,-1.2788556218147278,-1.4533530473709106,-1.0597665905952454,-0.9006257057189941,-0.41863512992858887,-0.45151899258295697,-0.40638772149880725,-0.9359506964683533,-1.3029536406199138,-1.1812430421511333,-0.9180827339490255,-1.157001664241155,-0.340156689286232
185.0,0.18429758151372275,-1.0556674748659134,0.07303224503993988,-1.0666187206904094,-1.5022438367207844,-0.7996072570482889,0.2946340888738632,-0.7404312863945961,-1.174975872039795,-0.06996986269950867,0.47121282915274304,0.7106033762296041,0.19353586186965308,-0.0024807279308636985,0.1667813460032145,-0.6614700307448705,-0.039116039872169495,0.27616581072409946,-1.5698823531468709,0.4343557308117549
186.0,-0.4802599400281906,-0.6528244217236837,-1.7674359877904255,-0.6046630218625069,0.13300596674283346,0.21676759918530783,-1.0552406311035156,-0.7993598381678263,-0.8538510600725809,-0.8823158740997314,-1.1707218686739604,-1.4094636638959248,-0.7091734657684962,0.20884170134862265,-1.0565670331319172,-1.5606600840886433,-1.1111493209997814,-1.432787557442983,0.1758407453695933,-0.6741239229838053
187.0,0.31147058804829914,-0.2182271679242452,-0.029587745666503906,0.4595595399538676,-1.2277973641951878,-0.9910388340552648,0.5932105084260305,0.1517194906870524,0.08241952955722809,-0.1794223189353943,-0.12280931820472081,0.2707706193129222,0.938828686873118,0.7518562277158102,0.20511814951896667,-0.3859195609887441,0.2259970431526502,0.024117320775985718,-1.2529253959655762,-0.03399991492430369
188.0,-1.146961361169815,-1.445971593260765,-2.306309163570404,-0.680829127629598,-1.3314249912897747,-0.5717896223068237,-0.3092506229877472,-0.6382345755894979,-0.641168067852656,-0.5618162850538889,-1.1249628861745198,-1.6005405982335408,-0.2030551036198934,-1.3865271011988323,-2.4851048390070596,-2.22493499952058,-0.7050449848175049,-1.0619071125984192,-0.875235358874003,-1.1184177498022716
189.0,-0.7330850213766098,-0.6015327175458273,-0.9315410355726877,-0.5792871912320455,-0.15772915383179983,0.006717940171559651,0.14420945197343826,-0.7391129185756048,-0.5019288063049316,-0.681903084119161,-0.9857132956385612,-0.09432815512021382,-0.06934632112582524,-0.1819967726866404,-0.5866394837697347,-0.5805463343858719,-0.1562654177347819,-1.0939183334509532,0.18677399307489395,0.21438359220822653
190.0,1.079544589544336,0.9323999484380087,0.36175644397735596,1.359493891398112,1.051328678925832,0.9972574313481649,0.7612062493960062,1.6329399347305298,1.4334098100662231,1.322273313999176,0.43089469770590466,0.8393644690513611,1.1839340130488079,1.2493851979573567,0.9418197472890218,0.9019811749458313,0.44474466641743976,-0.09298344453175862,1.048094093799591,0.2347564548254013
191.0,-0.09189138809839885,-0.43074488639831543,-0.40225424120823544,-0.3931244562069575,-1.3464066982269287,-1.3904320398966472,-0.4961945215861003,-0.29049957791964215,-0.7049059967199961,-0.5520273447036743,-0.7182594736417135,0.05077745020389557,0.02490335702896118,0.22423633436361948,-0.016225427389144897,-0.28267693519592285,-0.32877222696940106,-0.912456234296163,-1.3236666023731232,-0.7431478301684061
192.0,0.830952100455761,0.3560781081517537,0.6363655130068461,0.8696502453337113,-0.12324262658754985,0.4192802906036377,0.8162911608815193,0.9424847960472107,0.5472484230995178,0.6360383530457815,0.7130447427431742,0.4960811485846837,0.45670198649168015,0.5501647392908732,0.38878053426742554,0.20553509394327799,0.09274629751841228,0.9117909868558248,0.07470508416493733,0.021308178702990215
193.0,-1.2579992612202961,-0.9920782720049223,-1.3537837068239849,-1.542470653851827,-1.4094514052073162,-1.6534162362416585,-0.42618901530901593,-1.632192889849345,-1.4584814707438152,-1.4281251033147175,-1.2878975073496501,-0.9961165189743042,-0.6053713435928026,-0.4339262346426646,-1.3582111199696858,-1.9867908557256062,-2.0355183680852256,-1.1177699069182079,-1.8912827173868816,0.2757045427958171
194.0,-0.6041201949119568,-0.41238267223040265,-1.9122385183970134,0.15833046038945517,-1.289454499880473,-0.579490860303243,0.940346340338389,-0.033563037713368736,0.3759995400905609,-0.3221531907717387,-1.0464385350545247,-1.680693805217743,0.9169477820396423,-0.24709550539652506,-1.7176213661829631,-1.7140824993451436,-1.2858158548672993,-0.9290594061215719,-0.9665221174558004,0.27939433852831524
195.0,0.4108673334121704,0.35364524523417157,0.3778389096260071,0.11731292804082234,0.32611745595932007,0.813047930598259,0.9743068615595499,0.22934083143870035,0.346471110979716,0.23802109559377035,0.30540991326173145,0.17876338958740234,0.9628170331319174,0.6721117893854777,0.48976776003837585,0.10900644461313884,0.10153432687123616,0.3109697302182515,0.23072391748428345,0.15861638387044272
196.0,0.270037978887558,-0.36946508288383484,0.5653550227483114,-0.04115848739941915,-1.7991371552149455,-1.5733452240626018,-0.5747770170370737,0.12771966805060705,0.028024723132451374,0.18692028522491455,0.3723728160063426,0.2359716792901357,-0.03820240000883738,-0.2686997751394908,0.396944060921669,0.08452695111433665,-0.31753424803415936,0.4381129691998164,-1.9329969882965088,1.4355464975039165
197.0,0.33559441566467285,-0.0908974011739095,0.23066206773122153,0.6109935740629832,0.2828386127948761,0.008315970500310263,0.24589450346926847,0.5532869324088097,0.4435163885354996,0.17490631341934204,-0.1965656876564026,-0.1556077003479004,1.061916860441367,0.477048138777415,0.49917880694071454,-0.13892396291097006,-0.7490468422571818,-0.3163313368956248,0.17846020062764487,0.04175426562627157
198.0,0.015117034316062927,-0.011112332344055176,-0.5364948213100433,0.2367918243010839,-0.7060640851656595,-0.47435933351516724,0.3826035062472026,0.27760858337084454,0.20263824860254923,0.2508748099207878,0.0015755891799926758,-0.3646578590075175,0.34910500049591064,-0.12223827838897705,-0.5445107221603394,-0.34664560357729596,0.3118714640537898,0.02455114821592967,-0.28827957312266034,0.5559302667776743
199.0,-0.16510517398516336,0.011434654394785563,0.1684811512629191,-0.06966285904248555,-0.62091397245725,0.5396043062210083,1.6617581049601238,-0.425378014643987,-0.3421480407317479,-0.5490129590034485,-0.2007641394933065,0.6453075011571249,1.3774611949920654,0.15324716766675314,-0.1846908430258433,0.27963170409202576,0.5237433339158694,0.18418790896733603,-0.1610951100786527,-0.2242828110853831
200.0,0.050431832671165466,-0.6932366589705149,-0.3268493016560872,-0.07334185640017192,-1.0899221499760945,-0.9954494833946228,-0.8074856897195181,-0.3218345493078232,-0.22643364469210306,-0.31802045305569965,-0.07079749802748363,-0.8661336104075114,-0.6817093764742216,0.08455666899681091,0.016799911856651306,-1.0212060511112213,-1.2977705995241802,-0.12338137626647949,-1.0348595852653186,0.6048018087943395
