item_id,6812,15191,15192,15193,15194,68613,68619,68620,68622,68623,68624,90871,101073,101074,101075,101076,134992,135307,156896,162292
1.0,-1.1080055832862854,0.04273149619499842,-0.5119525343179703,-0.5858837167421976,-1.121142566204071,-0.08965725700060527,-0.15660832325617471,-0.828849991162618,-0.9190080364545187,-1.1081921110550563,-1.3901237050692241,-1.7562373479207356,-0.21726862589518228,-0.15420336524645487,-0.42554551362991333,-0.6148500218987465,0.1662125587463379,-1.1065728813409805,-1.36111514767011,-4.504595041275024
2.0,-1.7835995356241863,-1.763964728762706,-1.698807716369629,-1.8385254939397175,-1.3962756395339966,-1.7417633136113484,-1.7379878262678783,-1.8006864786148071,-2.1724451780319214,-2.3566052118937173,-2.3606115579605103,-3.241175572077433,-1.6289809743563335,-1.7315592169761658,-1.6579763491948445,-1.8141543070475261,-0.6653263345360756,-2.5849018692970276,-1.7949837446212769,-5.130036632219951
3.0,1.0487577815850575,1.9726906617482503,1.4696591695149739,1.9711089928944905,0.9185062845547994,1.9341886440912883,2.171860933303833,1.3951801856358845,1.5098529855410259,1.5700321197509766,1.0076899304986,0.02625007430712382,1.609355092048645,2.065673271814982,2.061205784479777,1.6932578484217327,0.7382937868436178,1.4312034447987874,0.8074512655536333,1.4003761609395344
4.0,0.4308359622955322,2.5488274097442627,1.136750876903534,1.521980841954549,0.08116250733534495,2.186816414197286,2.6115597089131675,0.7220658957958221,1.124731719493866,1.762554407119751,0.8053151766459147,-1.8805019855499268,1.5702832539876301,2.29145618279775,1.7696924209594727,1.2180737058321636,0.4457224706808726,2.5597667892773948,0.26426572104295093,-2.4294673601786294
5.0,1.0902483214934666,2.0643983483314514,1.2670309444268544,2.184821844100952,0.38635750611623126,1.8467058142026265,2.5321300824483237,1.098580280939738,2.152738094329834,3.039087653160095,1.6348939836025238,-2.3847076098124185,1.573338081439336,2.0710726777712503,2.2365158796310425,1.3934894055128098,0.7751421531041464,3.0144194761912027,0.6249450445175171,-3.054599940776825
6.0,1.1270305514335632,2.194439967473348,1.4121955235799153,1.290665070215861,1.0934259990851085,1.9095115661621094,1.7002671360969543,1.224398414293925,1.2084461450576782,0.9937571287155151,0.997434139251709,-3.117743283510208,1.7973376512527466,1.747217019399007,1.32965087890625,1.2952630122502644,0.5128789047400156,0.3861127297083537,1.0246169964472454,-1.3356450001398723
7.0,-0.4946882526079814,1.0636419455210369,0.6905013620853424,0.23733369881908098,-0.42266982048749924,1.1981727679570515,1.031404177347819,-0.265814130504926,-0.4256044775247574,-0.6548550426959991,-0.4089797685543696,-3.824368635813395,0.958905816078186,1.158274531364441,0.6636297305425009,0.4704717869559924,0.21384947498639426,-1.0484616259733837,-0.03571245570977529,-4.1292784214019775
8.0,0.46373238414525986,1.4613415797551472,0.7665371000766754,0.6596030195554098,0.1836512585481008,1.388153354326884,1.2508588582277298,0.308568316201369,0.77422363559405,1.489450454711914,0.824079692363739,-1.5651480654875438,1.1264389355977376,1.3521016836166382,0.9060344099998474,0.5669093132019043,-0.22414620717366537,1.9986506303151448,0.15160135428110758,-1.3211919069290161
9.0,0.34382302562395733,0.5720226764678955,-0.24915530532598495,0.11147840817769368,0.33489874998728436,0.36822442213694256,0.7078545093536377,-0.20024244238932928,0.23063266277313232,0.7646451791127523,0.48865336179733276,-0.33023035526275635,0.08300878604253133,0.43400482336680096,0.2634212176005046,-0.2638461689154307,-0.3701064984003703,0.9489627679189047,0.37878548602263135,2.726847847302755
10.0,0.13655465841293335,0.746930655092001,0.31137508153915405,0.10545090834299724,0.24307451645533243,0.5648539414008459,0.25891487797101337,0.05157246192296346,0.04942890008290609,0.15214329957962036,0.12440043687820435,-0.8222126364707947,0.6214343706766764,0.41112015023827553,0.20754027366638184,0.13823202252388,-0.22042834758758545,0.3824146588643392,0.3409578700860341,-3.0311063528060913
11.0,0.9562970002492269,2.504116098086039,1.2410828868548076,2.199612617492676,0.2885417938232422,2.328683336575826,3.0322628815968833,1.0989867250124614,2.016009191672007,2.931227167447408,1.575258846084277,-4.288640737533569,1.6442243854204814,2.6256603002548218,2.4174182415008545,1.4976565837860107,0.9325550595919291,3.03294837474823,0.4357951084772746,-5.196982900301616
12.0,-0.9436082641283671,0.26734135548273724,-0.8984867334365845,-1.3203123758236568,-0.5931369066238403,-0.16870704789956412,-0.653581311305364,-1.2354682634274166,-1.4056431651115417,-1.4435457984606426,-1.012660304705302,-0.851956695318222,-0.31262025733788806,-0.4984612663586934,-1.1097147862116497,-1.2161556382973988,0.7472164978583654,-1.6767020225524902,-0.4332721034685771,-1.4898405075073242
13.0,-0.6977475782235464,-1.315955400466919,-0.5892716671029726,-0.7671137054761251,-0.7678358554840088,-1.1604705254236858,-1.2231970230738323,-0.3921801646550496,-0.6706271767616272,-1.3433445294698079,-1.0290175924698512,-5.415939490000407,-0.9101670384407043,-1.1731006503105164,-1.0246094465255737,-0.5899723768234253,-0.6894601086775461,-1.7683651844660442,-0.9025183022022247,-6.246726036071777
14.0,0.7185554007689158,1.662794788678487,1.0013021752238274,1.5738748187820117,0.43719370166460675,1.3872615496317546,1.6477088729540508,1.2391264339288075,1.3146403382221858,1.386359949906667,0.48527997235457104,-1.2584028840065002,1.052234023809433,1.4535052180290222,1.481599489847819,1.2543316980202992,-0.3713713089625041,1.310196320215861,-0.1575281818707784,0.23010492324829102
15.0,0.9713281492392222,2.3015026648839316,1.7809311946233113,2.065302719672521,0.6577375878890356,2.0677014589309692,2.300349791844686,1.404096434513728,1.7188190619150798,2.2596078515052795,1.1148755550384521,-1.3185444672902424,2.0036645332972207,2.1326865553855896,2.1169197956720986,1.7709655165672302,0.33595756130913895,2.9547220865885415,0.45416781306266785,-1.038683685163657
16.0,0.5185633798440298,1.2181795289119084,1.1203956951697667,1.17359193166097,0.5126726528008779,1.23457037905852,1.1652985413869221,0.7163025935490926,0.8949639797210693,1.009029467900594,0.5263926982879639,-0.9380677938461304,1.347847267985344,1.2139208217461903,1.2916612426439922,1.0043766399224598,1.1785888075828552,1.0801749229431152,0.553277554611365,1.9924529393513997
17.0,-1.706939458847046,-0.9912745555241903,-1.2567355235417683,-1.3436291217803955,-1.8875929117202759,-1.0897737741470337,-0.8704168995221456,-1.5232807397842407,-1.5674328804016113,-1.4943317969640095,-1.5780516068140666,1.103571891784668,-1.1926818490028381,-1.0742245117823284,-1.2337258855501811,-1.271095057328542,-0.5924960076808929,-1.4354484875996907,-1.6277514298756917,1.0035006999969482
18.0,1.9417794744173686,3.2011439005533853,2.1809186140696206,2.816211223602295,1.654063920180003,3.000702460606893,3.5236477851867676,1.9816178878148396,2.4081325928370156,2.706061681111654,2.2621810038884482,-0.658890962600708,2.553232947985331,3.225343704223633,3.0616437594095864,2.358715216318766,1.4526065985361736,2.5884505112965903,1.9618511597315471,-1.3920195897420247
19.0,-0.3601743628581365,0.7803106009960175,0.045763492584228516,-0.06800219416618347,-0.29828793307145435,0.535994291305542,0.6880354483922323,-0.2429839869340261,-0.3800947666168213,-0.32379114627838135,-0.4060941239198049,-1.606301446755727,0.3417147994041443,0.5085492134094238,0.18967600166797638,-0.013543446858723959,-0.6478422780831655,-0.08688294887542725,-0.49818142255147296,-2.6232333183288574
20.0,0.3226972421010335,1.289503037929535,0.7164265811443329,0.9987785418828329,0.023850679397583008,0.9226598838965098,1.2369861801465352,0.6755004723866781,0.9854398171106974,1.2896775404612224,0.38329871495564777,-3.479069153467814,0.8136819005012512,0.9133548513054848,0.8607012629508972,0.7294936378796896,-0.24496205151081085,1.637174169222514,-0.19819682836532593,-1.603374441464742
21.0,1.9681702852249146,3.4289554357528687,2.179742137591044,3.616161823272705,1.1425305406252544,3.020699898401896,3.9817380905151367,2.486093759536743,3.4754156271616616,4.294636964797974,2.170327663421631,-3.899732639392217,2.225522061189016,3.355015993118286,3.4540716807047525,2.6548157135645547,0.631621519724528,5.06473445892334,0.8634132345517477,-3.5766589641571045
22.0,-0.640765776236852,0.0949924886226654,-0.24552438656489053,-0.8830758631229401,-0.32664179305235547,0.09946053723494212,-0.16524813572565714,-0.7560272912184397,-1.1835217674573262,-1.4293363392353058,-0.6965337991714478,-2.3117586572964988,0.036439329385757446,-0.05331094563007355,-0.5549666583538055,-0.5300454994042715,-0.10277026891708374,-1.5342537313699722,-0.24772003789742789,0.4333457152048747
23.0,0.6170280824104944,1.1119690736134846,0.9708317915598551,0.7849713563919067,0.5766363143920898,0.9883553981781006,0.7867097854614258,0.8144056896368662,0.6443571845690409,0.32336241006851196,0.6287280668814977,-0.23530046145121256,0.9380120833714803,0.9093895355860392,0.7714421351750692,0.9617257118225098,0.6456892937421799,0.10690118869145711,0.7749195297559103,-0.6297122637430826
24.0,0.4605824152628581,1.2383619646231334,0.9755217432975769,1.35282568136851,0.13146571318308511,1.1051558057467143,1.1888640522956848,0.8377319176991781,1.3238260348637898,1.6240259408950806,0.6812462409337362,-3.090082287788391,1.2551386952400208,1.0991050004959106,1.2415488958358765,1.0091310342152913,0.34490294257799786,1.7402679920196533,0.13277478019396463,-4.3559184074401855
25.0,-0.8130773107210795,1.3876738945643108,0.1209088961283366,-0.28131675471862155,-0.8664350907007853,0.8665692607561747,0.5602899392445883,-0.5352683266003927,-0.5795473357041677,-0.42812197903792065,-0.9102194309234619,-0.47537978490193683,0.5989398956298828,0.5937080600609382,-0.04747257133324941,-0.1894489824771881,0.2241248885790507,-0.6527625819047292,-1.024634559949239,-1.3866052230199177
26.0,1.0419775371750195,2.5125786463419595,1.1872143546740215,1.9534408648808796,0.6662897864977518,2.230687896410624,2.6880205869674683,1.2209008286396663,1.8519247174263,2.249065806468328,0.7415114765365919,-0.9062928358713785,1.5046543677647908,2.359713077545166,1.9981880982716878,1.2733481923739116,0.3135423461596171,2.1778547763824463,0.13965936501820883,-1.510264277458191
27.0,0.18475917975107828,0.6549892028172811,0.5306278566519419,0.3878450592358907,0.0674528256058693,0.6460525840520859,0.6226204341898361,0.10316168268521626,0.3443927963574727,0.5360819101333618,0.5062982241312662,2.4886160294214883,0.8350134591261545,0.6199617385864258,0.5656899114449819,0.35867834091186523,0.1543326030174891,0.2238807181517283,0.19396280000607172,0.4453377326329549
28.0,0.4244607388973236,1.1806822220484416,0.8469510873158773,1.0500388145446777,0.39299288392066956,1.2653837601343791,1.6262595256169636,0.5048470596472422,0.5906986892223358,0.845286083718141,0.4178399244944255,-0.3339407841364543,0.8211479187011719,1.4581319491068523,1.32328861951828,0.8948508501052856,0.6238112847010294,0.8951039512952169,0.37952762842178345,-1.531636158625285
29.0,0.7061559731761614,0.38731756061315536,0.5773494889338812,0.8587188919385275,0.6370232651631037,0.3500364621480306,0.27317267656326294,0.8422649502754211,1.0357279479503632,1.0177358984947205,0.5664222538471222,-3.7296809355417886,0.4462776705622673,0.32515671849250793,0.6110035069286823,0.6806037773688635,0.5507313658793768,0.6934296488761902,0.41843197246392566,-2.3090573151906333
30.0,0.2688474456469218,0.9864338437716166,0.48503851393858594,0.42208850880463916,0.25390758117039997,0.890927662452062,0.7680283188819885,0.2841661224762599,0.3679280982663234,0.7145403623580933,0.26434874534606934,-3.529620180527369,0.6602150599161783,0.8676255544026693,0.5742851297060648,0.41903957227865857,0.4791616102059682,1.1951336512962978,0.09519396225611369,-1.4840084711710613
31.0,0.38291313250859577,-0.6506796876589457,0.16087627410888672,-0.3209452231725057,0.5949966410795847,-0.5429116090138754,-1.1568036874135335,0.3115641276041667,0.11494489510854085,-0.22971383730570474,0.1856099764506022,1.12549622853597,-0.07896856466929118,-0.7847326993942261,-0.6060446500778198,-0.003919521967569987,0.30773308873176575,-0.43432915210723877,0.4534817934036255,-1.791187862555186
32.0,0.44873734811941784,0.11678884426752727,0.3784417112668355,0.597942108909289,0.6080793142318726,0.24147269626458487,0.2811524470647176,0.5494732956091563,0.40217328009506065,0.16100209951400757,0.15128235022226968,1.0843125581741333,0.2094637155532837,0.30972370505332947,0.567550448079904,0.5490800539652506,-0.38174429535865784,-0.3962983979533116,0.3762872318426768,0.5642236868540446
33.0,0.22840672358870506,1.0641261488199234,0.4597568412621816,0.351746529340744,0.11929010848204295,0.8816238790750504,0.9875099857648214,0.09128788113594055,0.37928008288145065,1.0827924807866414,0.4136093705892563,-3.0354756712913513,0.8325925469398499,0.8566778103510538,0.5595827698707581,0.22674914201100668,0.2453657165169716,1.7323784430821736,-0.05191109577814738,-2.714030146598816
34.0,0.30184011658032733,1.100251426299413,0.2811012665430705,0.7103159228960673,0.037905784944693245,1.0100915630658467,1.450069506963094,0.14759496847788492,0.6666732529799143,1.1658271650473278,0.6397333393494288,1.8529243071873982,0.7630777657032013,1.1523356636365254,0.8984001080195109,0.2693939805030823,0.4579928418000539,1.339154452085495,0.3247361108660698,-0.09279004732767741
35.0,0.7046772936979929,0.18784376978874207,0.4287862281004588,0.6829087485869726,0.5903886755307516,0.2977164189020793,0.21536288658777872,0.6100091983874639,0.8550144135951996,0.9905713796615601,0.8782419959704081,-3.8365986347198486,0.3057319124539693,0.3151469826698303,0.5475892821947733,0.5519100775321325,0.740378220876058,0.9329994519551595,0.6478813091913859,-5.005326350529988
36.0,-0.5196694880723953,0.6979120075702667,0.10660741354028384,0.36631760001182556,-0.7347852289676666,0.4891093174616496,0.7225570877393087,-0.11232380817333858,-0.01332165797551473,0.16041900714238486,-0.4903449018796285,-2.775210311015447,0.36964162190755206,0.5556883613268534,0.44427578647931415,0.1378636360168457,-0.7591890692710876,0.7789889176686605,-0.8017023007074991,-3.6329220136006675
37.0,-0.46576668818791706,1.6521668831507366,0.30642691006263095,0.5099073797464371,-0.5856474240620931,1.2765714526176453,1.411614219347636,-0.23207506289084753,-0.014618784189224243,0.4164908727010091,-0.38870275020599365,-0.8339844942092896,0.8514482329289118,1.2590247988700867,0.8164154576758543,0.20696855833133063,0.6631465951601664,0.601177009443442,-0.5541743040084839,-0.2716875672340393
38.0,-0.2518676469723384,0.9617840250333151,0.355036402742068,0.789466381072998,-0.4625506599744161,0.7576080560684204,1.300515353679657,0.19722338765859604,0.37828367948532104,0.5707326531410217,-0.5394239326318105,-3.48913304011027,0.6203950842221578,0.8805338939030966,0.8953109383583069,0.40450215339660645,0.37392525871594745,0.7720891535282135,-0.916587233543396,-4.354299227396647
39.0,0.7490687668323517,0.9807693759600321,0.8043309350808462,1.0707650383313496,0.588573137919108,0.9549445708592733,1.330633242925008,0.701955258846283,0.9659074991941452,1.4423190255959828,0.9361451864242554,-6.110995213190715,0.7814746499061584,1.0991849700609844,1.075329065322876,0.8492236137390137,-0.009029467900594076,2.4411528507868447,0.7034225861231486,-5.378561337788899
40.0,-0.1937122493982315,0.5388432840506235,0.11876834432284038,0.3155219554901123,-0.1509013200799624,0.42695963631073636,0.5315043280522028,-0.05402815590302149,-0.05875093241532644,0.04741382598876953,-0.3993089199066162,-2.734211285909017,0.25607646505037945,0.4331508030494054,0.3670701285203298,0.13290441036224365,-0.1779602567354838,0.6375267455975214,-0.21223215758800507,-3.086531122525533
41.0,1.1980770826339722,1.632523387670517,1.4095588723818462,1.9220519463221233,0.7026987125476202,1.451424057284991,1.3056022226810455,1.491885205109914,2.113767226537069,2.2583929896354675,1.4800098935763042,0.9926081697146097,1.445583422978719,1.3908088604609172,1.6294665932655334,1.5490307410558064,0.7410165071487427,1.884804258743922,0.8928542137145996,0.8641401330629984
42.0,-1.4524581829706829,-0.17621095975240073,-1.1792891869942348,-1.3594610293706257,-1.5403403043746948,-0.6472368737061819,-0.8378196458021799,-1.3927821119626362,-1.3630690177281697,-1.345136930545171,-1.4500648578008015,-2.5725462436676025,-0.7432427505652109,-0.8535952270030975,-1.2536601622899373,-1.3269572456677754,-0.06962680319945018,-1.5055182774861653,-1.5302517016728718,-2.108705202738444
43.0,-1.0723769863446553,0.7584286431471506,0.12265002727508545,0.31103098889191944,-1.2839493056138356,0.5481962586442629,0.6365190744400024,-0.30627840757369995,-0.37253214915593463,-0.5488695104916891,-1.3889602025349934,-0.7064984639485677,0.42975594600041706,0.5213135282198588,0.431191548705101,0.149049311876297,0.0603766938050588,-0.6379987398783366,-1.6683863798777263,-1.8820468187332153
44.0,-0.051032476127147675,-0.256618191798528,-0.13359960913658142,0.03740280866622925,-0.30199923117955524,-0.3340877791245778,-0.46619882186253864,-0.04362526535987854,0.17715169489383698,0.1526656150817871,0.35306041439374286,-0.7270620663960775,-0.19490965207417807,-0.41349246104558307,-0.16825594504674277,0.008091787497202555,0.14858033756415048,-0.03494497140248617,0.1611501524845759,-0.21417882045110068
45.0,-1.0008946309487026,1.32462743918101,0.18864629666010538,0.2976737419764201,-1.2038273612658184,1.123548964659373,1.5716078877449036,-0.5717604756355286,-0.4773710370063782,-0.38399704297383624,-1.0174823602040608,-4.967508316040039,0.6052722930908203,1.2406184077262878,0.7543661197026571,0.15512704849243164,-0.3809922933578491,-0.38020118077596027,-1.2900266697009404,-3.901622772216797
46.0,0.8544324040412903,2.9927424589792886,1.4922906359036763,2.0711633761723838,0.5433531602223715,2.76841147740682,3.117795387903849,1.0615793665250142,1.5496784051259358,1.8963925739129384,0.710887630780538,-3.164091169834137,2.0405490398406982,2.8753376801808677,2.392903208732605,1.5512747168540955,1.0423605839411418,2.2764643331368766,0.43816518783569336,-0.0369266668955485
47.0,-0.4575563073158264,-0.4242512385050456,-0.4406243215004603,-0.5509717663129171,-0.42506711184978485,-0.4772001306215922,-0.7402377525965372,-0.4757945239543915,-0.28545037905375165,0.04565457503000895,-0.38326869408289593,0.5086474617322286,-0.5822546730438868,-0.5827105641365051,-0.600489596525828,-0.5004199941953024,-0.4489875038464864,-0.19053731362024942,-0.6641308466593424,0.44500746329625446
48.0,-0.22913471857706705,0.45636798938115436,0.26953035593032837,0.5494720650215944,-0.23183000087738037,0.3882931023836136,0.5548348774512609,0.17932995657126108,0.12519668539365134,0.180790384610494,-0.36985741058985394,-0.05422687530517578,0.2845800668001175,0.46601952115694684,0.5848275075356165,0.3782360553741455,0.23843703667322794,0.4916972319285075,-0.31597842772801715,-1.3404615918795268
49.0,-1.7186283270517986,-0.6034412135680517,-1.0574786166350048,-1.5412529706954956,-1.555927832921346,-0.759645919005076,-0.7920920650164286,-1.717604358990987,-1.789928714434306,-1.5744388550519943,-1.6629639466603596,-6.66091775894165,-0.6084734400113424,-0.8681092361609141,-1.2167911529541016,-1.4203048745791118,-0.8883310556411743,-1.3054383099079132,-1.544873317082723,-3.255280534426371
50.0,0.25758783022562665,-0.07384554545084636,-0.569444090127945,-0.11120895544687907,0.02268018325169881,-0.2562379837036133,0.19443349043528238,-0.15921634435653687,0.40217769145965576,1.097767452398936,0.8132110238075256,-5.357922792434692,-0.4429435034592946,-0.1858960489432017,-0.2021390994389852,-0.4348875880241394,-0.3082687060038249,1.549891988436381,0.14100744326909384,-6.018593788146973
51.0,-0.34953365723292035,-0.0393569270769755,0.18848884105682373,-0.1475096344947815,-0.22031828264395395,0.26062701145807904,-0.029779478907585144,-0.13050872087478638,-0.4663013815879822,-1.0363057429591815,-0.5184873019655546,-1.7075378894805908,0.1549746791521708,0.2418560783068339,0.017591392000516255,0.18004545072714487,0.2050025686621666,-1.455702890952428,-0.17638560011982918,-1.9680129686991374
52.0,-1.2437372108300526,-0.12507952253023782,-0.24642608563105264,-0.6688599983851115,-1.0813502073287964,-0.06946464379628499,-0.4096499904990196,-1.0024533371130626,-1.1797742197910945,-1.3680944393078487,-1.3858883778254192,1.0866364638010662,0.11848962306976318,-0.2172673543294271,-0.3916333119074504,-0.5523090759913126,0.3764011512200038,-1.7598143219947815,-1.0317065318425496,-1.064860761165619
53.0,2.708423097928365,2.295514980951945,1.6998725334803264,2.150745073954264,2.2649464209874473,2.22406796614329,2.180458982785543,1.9773176511128743,2.808145523071289,3.3663531144460044,3.769266446431478,0.3371448914210002,1.922396977742513,2.227083404858907,2.064526398976644,1.839413086573283,1.3073111772537231,3.0853527386983237,3.392908493677775,2.2226264079411826
54.0,1.025859038035075,2.836618661880493,1.9337580998738606,2.1410449544588723,0.7397798796494802,2.8382925987243652,3.0966827074686685,1.3002560933430989,1.5254076719284058,1.889138142267863,1.1032024224599202,-1.4956518014272053,2.2661046187082925,2.955836375554403,2.5508590737978616,1.9127408862113953,1.583441694577535,2.317214608192444,0.782306590427955,-2.206873893737793
55.0,-0.882390022277832,0.3736467162768046,-0.5924931367238363,-1.1335135499636333,-0.6870699524879456,0.1116853008667628,-0.030193517605463665,-0.9534933467706045,-1.2752411365509033,-1.5955501993497212,-0.970770259698232,-0.7031732400258383,-0.21793590982755026,-0.025905584295590717,-0.8084201514720917,-0.8312778274218241,-0.2722136477629344,-2.2373181680838266,-0.7085322365164757,-0.8841894815365473
56.0,-0.04747267564137777,1.1305288871129353,0.25914108753204346,1.431602934996287,-0.8409694035847982,0.8248767852783203,1.6929611066977184,0.4009922544161479,1.2372173170248668,1.8210310538609822,0.15006824334462485,-0.05984139442443848,0.29976653556029004,1.112164855003357,1.284945418437322,0.611964742342631,-0.1651512881120046,2.220572829246521,-0.8555531104405721,-1.3007436593373616
57.0,0.24657011032104492,1.3463961780071259,0.5318566958109537,0.5643088420232137,0.21023003260294595,1.2708310037851334,1.3050474127133687,0.1338130235671997,0.29652227958043414,0.3987419605255127,0.2579312324523926,0.01926235357920329,1.0469931562741597,1.2379687527815502,0.8835550546646118,0.4150436719258626,0.15830594301223755,0.23589285214742026,0.23609580596288046,-0.2838803132375081
58.0,-0.132004181543986,1.4078133900960286,0.7077223658561707,1.1629611253738403,-0.3784487048784892,1.2194686730702717,1.3174112439155579,0.44149845838546753,0.6969114318490028,0.8389981190363566,-0.43906303991874057,-3.5585161447525024,0.8127638523777326,1.270663817723592,1.2231382330258687,0.7436892688274384,0.5217074354489645,0.385012408097585,-0.7160437802473704,-1.8365264733632405
59.0,-0.4674053092797597,0.5944450000921885,-0.43296344578266144,-0.6111816763877869,-0.5196890433629354,0.3597176671028137,0.18164720137914023,-0.7520516936977705,-0.5010625422000885,0.24542143940925598,-0.12353151043256123,-2.159479777018229,-0.02420360843340556,0.24440139532089233,-0.32566659649213153,-0.5960987408955892,0.6127878992507855,0.7060543696085612,-0.5126068592071533,-3.050278345743815
60.0,-1.1839624643325806,-0.8851852218310038,-1.386016885439555,-1.3203773101170857,-1.1019490361213684,-1.0837844510873158,-1.107975423336029,-1.341254989306132,-1.207891047000885,-1.0388299226760864,-1.2717719475428264,-1.790098786354065,-1.2287419040997822,-1.1359115441640217,-1.3025442759195964,-1.4453060229619343,-0.5806089440981547,-0.8624426672856013,-1.1318392356236775,-1.3813090920448303
61.0,0.3082248767217,2.8143383661905923,0.6936829189459482,1.4901949415604274,-0.22597573200861612,2.058351308107376,2.8493246833483377,0.5837773755192757,1.2851467529932659,1.9478187039494514,0.38502007722854614,-1.9799675941467285,1.4103270868460338,2.169362803300222,1.6823494732379913,0.7491538921991984,-0.09511678417523702,2.541162128249804,-0.4880032142003377,-2.223025321960449
62.0,0.3177480697631836,-0.06285823384920756,0.13154545426368713,0.5358973542849222,0.23756492137908936,0.02614666521549225,0.10320489605267842,0.20301606257756552,0.5011776487032572,0.6669755776723226,0.4072151978810628,0.6735933224360148,-0.0008696615695953369,0.10532132784525554,0.4596764047940572,0.27315885821978253,-0.3529798686504364,0.09864950676759084,0.5119624535242716,0.7301563421885172
63.0,0.014478017886479696,2.172595421473185,1.031024346748988,1.5855278372764587,-0.6861631001035372,1.9287948211034138,2.2078908681869507,0.607731560866038,1.3393452564875286,1.8501054048538208,0.2705887705087662,-1.125734567642212,1.5199283758799236,1.9870200157165527,1.6993105014165242,1.0795863370100658,-0.6670941909154257,2.1255671183268228,-0.8351048727830251,0.00609596570332845
64.0,0.33086226383845013,2.574138561884562,0.9798048535982767,1.1259815692901611,-0.061823186775048576,2.004202723503113,2.1529268821080527,0.6883642276128134,1.031072974205017,1.4050254027048747,0.27992069721221924,-3.016982595125834,1.6864711840947468,1.8613889614741008,1.2480411926905315,0.8216442068417867,-0.03701874862114588,2.040799299875895,-0.3373137538631757,-5.118527412414551
65.0,-0.42438735874990624,0.20478671789169312,0.2755497793356578,0.27336499094963074,-0.5748422841231028,0.24533635067443052,0.268241951862971,-0.046897570292154946,-0.06921532191336155,-0.05897153913974762,-0.49268271525700885,-3.552398443222046,0.3479921321074168,0.27752459049224854,0.3392459948857625,0.23881465196609497,-0.3004276504119237,0.12033480405807495,-0.6426775939762592,-3.7232228914896646
66.0,0.46521923939387005,1.7006663084030151,1.1253105401992798,1.2567877173423767,0.17337467273076376,1.4157535632451375,1.4675904115041096,0.8341142733891805,1.0303518176078796,1.2820176283518474,0.5857690473397573,-3.7821380297342935,1.3088792165120442,1.3728423118591309,1.2378584742546082,1.1102824012438457,0.24240902562936148,1.3628941774368286,0.09600381056467693,-3.014963070551554
67.0,1.2192031145095825,1.5190271139144897,0.9310404062271118,1.6468332012494404,1.0048698484897614,1.5647759437561035,1.7261604070663452,1.0367844899495442,1.6608526706695557,2.2648411194483438,1.356372594833374,-2.2938798367977142,1.0614540179570515,1.7252480189005535,1.7540953010320663,1.1771018703778584,0.44336644808451336,2.565219819545746,0.9576403896013895,-2.1417580048243203
68.0,-0.9682714144388834,-0.3880368669827779,-0.5569882492224375,-0.6164612770080566,-0.8798300822575887,-0.3265051643053691,-0.24256591002146402,-0.8659782807032267,-1.0033693114916484,-1.292303482691447,-0.9103545943895975,-1.1961302558581035,-0.5009747793277105,-0.24714593092600504,-0.3682986895243327,-0.5182911505301794,-0.03966869910558065,-1.7731435298919678,-0.6932558889190356,0.3471047580242157
69.0,-0.6864221096038818,-1.2459334929784138,-0.9578397671381632,-0.5770854552586874,-0.7937440276145935,-1.2290967106819153,-0.9139405488967896,-0.5725797017415365,-0.4677951733271281,-0.48293793201446533,-0.8893789450327555,1.7897628744443257,-1.19447727004687,-1.11629714568456,-0.7876217365264893,-0.7732659180959066,-0.3883138597011566,-0.4069291353225708,-1.090814232826233,0.5223044554392496
70.0,-0.22883782784144083,1.8130289415518444,0.6707205573717753,0.8459289272626241,-0.5071912606557211,1.5275293191274006,1.7076504230499268,0.29388676087061566,0.3294265667597453,0.09459455808003743,-0.5333112080891927,-4.639406402905782,1.200618584950765,1.5144093831380208,1.0688836574554443,0.6118752757708231,-0.5964491367340088,-0.33049142360687256,-0.618599017461141,-2.8803181250890098
71.0,-0.20124640067418417,0.619484027226766,0.775227963924408,0.594240645567576,-0.21403445800145468,0.8219999472300211,0.8586013317108154,0.1742717127005259,0.10743536179264386,0.41228018204371136,-0.12576148907343546,-1.958161989847819,0.968758150935173,0.8501177132129669,0.8327089548110962,0.627152144908905,0.31629983087380725,0.9580943385759989,-0.3124372934301694,-1.0349663496017456
72.0,-0.4546212355295817,0.32714442660411197,-0.007088725765546163,0.24558219561974207,-0.5669338429967562,0.28769444456944865,0.7903052965799967,-0.2765129705270131,-0.1865320603052775,0.1183345119158427,-0.4597679575284322,1.6663546562194824,0.07895802458127339,0.49479225277900696,0.46456021070480347,0.058504184087117515,0.17538394530614218,0.8166503955920538,-0.5037028193473816,0.17068556944529215
73.0,-0.5733476827541987,-0.09777657439311345,-0.38828492164611816,-1.7015108664830525,-0.20762832959493002,-0.34845688690741855,-1.3398100932439168,-0.8038304845492045,-1.3135215044021606,-1.6912424961725872,-0.5660175134738287,-1.9586622317632039,-0.022551198800404865,-0.8190506398677826,-1.6109651724497478,-0.869782825311025,0.803545335928599,-1.9743470350901287,-0.14406508207321167,-2.511187752087911
74.0,1.2866943677266438,1.6243867079416912,0.7963351557652155,1.12198805809021,1.203315019607544,1.4726502100626628,1.9542262504498165,0.8564854661623637,1.1608455975850422,1.5795238216718037,1.4985705216725667,0.3551138639450073,1.003650705019633,1.65029838681221,1.3747026125590007,0.8897189696629842,0.6438139826059341,1.9972416361172993,1.2804629405339558,-1.271586298942566
75.0,0.2989368836085002,1.6796427468458812,0.30056790510813397,1.1421098510424297,-0.13152300318082175,1.1176307996114094,1.6678905089696248,0.3345104455947876,1.1059381365776062,2.033905307451884,0.8871709903081259,1.2070114215215046,0.7540716727574667,1.1957719723383586,1.1446320414543152,0.45620248715082806,0.3351070284843445,2.6602954467137656,0.20061516761779785,-1.1396419803301494
76.0,-1.0937808255354564,-1.515620271364848,-1.1850470006465912,-1.8399312098821003,-0.6760471065839132,-1.3117555131514866,-1.8381742437680562,-1.51185009876887,-1.8249704937140148,-1.8757632573445637,-1.2610632578531902,-0.2792520523071289,-1.168728192647298,-1.4301145287851493,-1.6322700083255768,-1.5067873100439708,0.04933280994494756,-1.8872682849566143,-0.5246252218882242,0.49357010920842487
77.0,-1.4071701367696126,-0.2954527512192726,-0.9610655705134074,-1.0644479393959045,-1.2784367799758911,-0.5104452073574066,-0.476517657438914,-1.2603040138880413,-1.4395507176717122,-1.5530575513839722,-1.5649391810099285,2.3896562258402505,-0.6479958941539129,-0.541064461072286,-0.84280959268411,-1.0240152478218079,-0.77585369348526,-1.6428597768147786,-1.2624112367630005,0.01953202486038208
78.0,-0.5494667490323385,-0.27039005359013873,-0.8674459656079611,-0.5828184088071188,-0.575421671072642,-0.5278785427411398,-0.15456835428873697,-0.7189060052235922,-0.5617755154768626,-0.22604223961631456,-0.603633185227712,0.5946040650208791,-0.7767911677559217,-0.4539454181989034,-0.5118885089953741,-0.8668769598007202,-0.11551814774672191,-0.547734851638476,-0.8230084677537283,0.03575160106023153
79.0,-1.4877246618270874,0.04786407947540283,-0.7275590896606445,-0.9758980919917425,-1.254919946193695,-0.17078291376431784,-0.15862737596035004,-1.2463534275690715,-1.5280999143918355,-1.6426032756765683,-1.930059274037679,-4.46599821249644,-0.38671069343884784,-0.2606230080127716,-0.6711397469043732,-0.9020842909812927,-0.13608785470326742,-1.573579837878545,-1.6681870619455974,-5.619681676228841
80.0,0.7082878152529398,2.05802583694458,1.5880335172017415,2.0125379959742227,0.3469015806913376,1.8890600601832073,2.3057778676350913,1.4761039813359578,1.47276371717453,1.3161809394756954,0.2775826007127762,1.4543911616007488,1.6724408864974976,2.025616407394409,2.020654042561849,1.7551952203114827,-0.05228453874588013,1.4578566551208496,-0.20668134093284607,-1.5848441521326702
81.0,-0.5777431676785151,0.5714873895049095,-0.14488336443901062,0.032767925411462784,-0.6795388783017794,0.3218965580066045,0.4110538363456726,-0.2666139304637909,-0.19022545342644057,-0.0340309739112854,-0.8322612593571345,-0.35199564695358276,0.09866953889528911,0.25772984822591144,0.0802126129468282,-0.18293364842732748,-0.14120363195737204,0.07262388865152995,-1.0887385408083599,-3.8880669275919595
82.0,-1.8050774335861206,-0.7990327204267184,-1.0559654235839844,-1.2865508596102397,-1.7424020568529766,-0.9274289210637411,-1.0057608683904011,-1.3084096908569336,-1.5705785353978474,-2.0737860202789307,-2.2855916817982993,0.21137118339538574,-0.8534549276034037,-1.0476024945576985,-1.2504900693893433,-1.202401618162791,-0.4208538581927617,-2.599340041478475,-2.1153049866358438,0.3295149505138397
83.0,-0.04234417279561361,-0.7359435160954794,-0.14058910061915716,-0.20603739221890768,0.042301187912623085,-0.5360541443030039,-0.5729049021999041,-0.09953240056832631,-0.18239168326059976,-0.3401124527057012,0.03823701043923696,-3.2380173206329346,-0.4195403258005778,-0.46779457728068036,-0.24390856424967447,-0.05061923464139303,0.2607637643814087,-0.7453970710436503,0.21499519112209478,-3.39794921875
84.0,1.2751843730608623,1.2502224842707317,1.0672240555286407,1.130272388458252,1.179922600587209,1.30905948082606,1.4294907649358113,1.0710718631744385,1.137176275253296,1.150326410929362,1.6304893493652344,-1.3981146017710369,1.1983103553454082,1.3840798139572144,1.2594473361968994,1.1493202447891235,0.3327046645184358,0.8245783646901449,1.4518070220947266,-1.3040864864985149
85.0,0.45556225379308063,0.6121110121409098,-0.0820988267660141,0.5287284652392069,0.4284895360469818,0.4467472235361735,0.8137863079706827,0.20535465578238168,0.48761539657910663,0.6461983670790991,0.3821482037504514,-1.5285411675771077,0.1459351678689321,0.5607555309931437,0.6073356767495474,0.04958780606587728,0.541724423567454,0.34330566227436066,0.460314338405927,2.6552675118048987
86.0,1.1278977543115616,1.5761249562104542,1.374740719795227,1.601710279782613,1.0017793575922649,1.642867162823677,1.6672331094741821,1.1289669672648113,1.3385603427886963,1.3311530947685242,1.0732341607411702,-3.1159139474232993,1.6503833590541035,1.6933194001515706,1.7277919054031372,1.3518989086151123,0.9732815083116293,1.0799037218093872,1.0629814863204956,-2.500933607419332
87.0,-0.1026538610458374,-0.13887518644332886,-0.2585624059041341,-0.3845364103714625,-0.05864839752515157,-0.4146920641263326,-0.7404121359189352,-0.08121058344841003,-0.14314845204353333,-0.34115822116533917,-0.1890618602434794,-2.222159206867218,-0.2049402246872584,-0.6036871373653412,-0.5556223491827647,-0.2744017541408539,-0.025030796726544697,-0.4460608859856923,-0.14758630593617758,-2.411723474661509
88.0,-0.25261906286080676,0.6112137238184611,0.25091421604156494,0.0646255686879158,-0.27864885826905567,0.5850950131813685,0.3242240349451701,-0.15586282312870026,-0.09902434671918552,0.15213937560717264,-0.06735063592592876,-0.462187925974528,0.5512815018494924,0.4617011547088623,0.17306671539942423,0.09361853326360385,0.2290590504805247,0.35507335265477497,-0.17070755859216055,0.9085024197896322
89.0,1.0181865592797597,1.4855019847551982,0.9095693429311117,1.4272999068101246,0.7237368226051331,1.347818339864413,1.676844699929158,0.9361099600791931,1.3634814023971558,1.6850107312202454,1.2619285484155018,-4.527514616648356,1.1351123998562496,1.4629261295000713,1.4656476477781932,1.0188292066256206,0.32708825667699176,1.8969574769337971,1.1255692938963573,-3.405385285615921
90.0,-0.5199008385340372,1.6722819805145264,0.46595080693562824,0.559496154387792,-0.7504035731156667,1.3207594752311707,1.1960650434096654,-0.048165480295817055,0.0952184796333313,0.19256587823232016,-0.7656673987706503,-0.5890435377756754,1.054476926724116,1.1845877021551132,0.7377874056498209,0.3508002373079459,0.1154484252134959,0.5473243494828542,-1.1308841705322266,-0.08596606055895488
91.0,1.2826928496360779,2.3396162192026773,0.9851201772689819,2.371916338801384,0.6839347630739212,1.959835300842921,3.195674697558085,1.189557286600272,2.3113495310147605,3.5714683532714844,1.9278069337209065,-4.845540285110474,1.09121369322141,2.4091094930966697,2.4292486955722175,1.4371617635091145,-0.022100428740183514,4.6749749183654785,0.958953191836675,-3.9731396436691284
92.0,0.18727376063664755,1.3434494336446126,0.5594392021497091,0.791131317615509,-0.06626310447851817,1.1767222583293915,1.2597286055485408,0.3444637556870778,0.6059658738474051,0.8739389379819235,0.31520294149716693,-1.2014312744140625,0.9467193186283112,1.175070896744728,0.9182626605033875,0.5431154469648997,0.8220138649145762,1.0529855291048686,0.008237242698669434,-0.43778427441914874
93.0,-1.9643864432970684,-0.9451733355720838,-1.3798445860544841,-1.3917809128761292,-1.8762596249580383,-1.0579109986623128,-0.8393253882726034,-1.699669599533081,-1.766284704208374,-1.9295622905095418,-2.2519963681697845,-3.2043658097585044,-1.1699360609054565,-1.0388493488232295,-1.2719345192114513,-1.5266433556874592,-0.3807535767555237,-2.3626386721928916,-2.0070101618766785,-3.357815901438395
94.0,-0.11180401096741359,0.7824045817057291,0.4725772738456726,0.2205569346745809,-0.2672865440448125,0.6833989222844442,0.48024362325668335,0.07847592731316884,0.03233051300048828,-0.08921722571055095,-0.07783102989196777,-1.7237660884857178,0.7504198551177979,0.5708480874697367,0.2892110347747803,0.31489354372024536,-0.09097633759180705,-0.05503278970718384,-0.14492395023504892,-2.827495257059733
95.0,0.43380512793858844,0.7414128084977468,0.4947160134712855,0.21440106630325317,0.3111283481121063,0.7040333350499471,0.4610782265663147,0.2016379435857137,0.4403348962465922,0.7708643674850464,0.8507409989833832,-2.1403054197629294,0.7726001441478729,0.5677381952603658,0.2723528742790222,0.2812795639038086,0.4554867446422577,0.9246509075164795,0.685539960861206,-3.536806344985962
96.0,-0.06027050316333771,-0.1661741683880488,-0.24701701601346335,-0.16489875813325247,-0.033274099230766296,-0.05959745744864146,-0.14426037669181824,-0.23029973482092223,-0.1592679371436437,-0.2212343911329905,-0.007019311189651489,-3.5487960974375405,-0.29047377904256183,-0.029575064778327942,-0.09636253118515015,-0.17215345799922943,0.6783016324043274,-0.44623833894729614,0.07002462943394978,-2.521881421407064
97.0,1.1561013503621023,1.0487720146775246,1.5048983196417491,1.6991756297647953,0.8556939760843912,1.0255863989392917,1.034125804901123,1.6210058132807414,1.7158629298210144,1.5372989972432454,1.1992366015911102,-1.763802374402682,1.2659855782985687,1.0470540920893352,1.3379809260368347,1.596901575724284,0.702822744846344,1.7813071409861247,0.9263495318591595,-2.1987769305706024
98.0,-0.39810598889986676,1.757796088854472,0.3985367814699809,0.6181570688883463,-0.24616273244222006,1.523088812828064,2.14808988571167,-0.21510933339595795,-0.1964259147644043,-0.04640495777130127,-0.6326163212458292,1.852488120396932,1.0099858442942302,1.706956406434377,1.2154206534226735,0.3354377622405688,-0.22190614541371664,0.2644745111465454,-0.5467714866002401,1.090981662273407
99.0,-0.8633380730946859,0.5635566711425781,-0.1342709263165792,-0.4681892891724904,-0.9137101670106252,0.5352069139480591,0.5436992446581522,-0.8243512660264969,-0.7126965876668692,-0.4982008934020996,-0.8740027149518331,-1.6130750179290771,0.22003390515844026,0.5083714723587036,-0.08796115716298421,-0.4244178533554077,0.1349127342303594,-0.4134821693102519,-1.0047857165336609,-2.7801233927408853
100.0,-0.34829724828402203,-0.32363738616307575,-0.2992943326632182,-0.32814137637615204,-0.23992750545342764,-0.2876916726430257,-0.44574958086013794,-0.5084280570348104,-0.393315131465594,-0.20378722747166952,-0.16164450347423553,-0.8178768952687582,-0.11691887180010478,-0.34378371636072796,-0.29329821467399597,-0.4030056397120158,0.2503688658277194,-0.09390672047932942,0.07155193388462067,-1.540337234735489
101.0,0.7839890321095785,1.6724608341852825,1.0324103633562725,1.8765647411346436,0.37096281349658966,1.4102178017298381,2.312753518422445,1.0648523171742756,1.619871973991394,2.2917084296544394,1.022416576743126,-2.4396942257881165,1.1276609301567078,1.687445084253947,1.8691766262054443,1.2689286073048909,0.2742233872413635,3.101470490296682,0.36669546365737915,-2.135657548904419
102.0,0.7972263892491659,0.15184144179026285,0.41658886273701984,0.6627636750539144,0.7385271191596985,0.24471072355906168,0.34539053837458294,0.5978385806083679,0.8847875197728475,1.22641721367836,0.97056911389033,-1.6831458459297817,0.28690704703330994,0.3306547999382019,0.5656559020280838,0.4874762296676636,0.35060936212539673,1.7836320499579112,0.7499943971633911,0.8989540537198385
103.0,0.6834315458933512,0.3847869833310445,0.8942485849062601,0.6031351288159689,1.048217495282491,0.697919229666392,0.41876693566640216,0.5553215742111206,0.2782817135254542,0.14515225092569986,0.8106469511985779,-0.8146865367889404,0.7858837644259135,0.7008881171544393,0.817866841952006,0.7948524951934814,0.4265114367008209,-0.3240818977355957,1.5222552021344502,-0.6388567288716634
104.0,-1.3745007117589314,0.7281102339426676,-0.7872075041135153,-0.79787544409434,-1.6498046418031056,0.2820111811161041,0.12169776360193889,-1.4591297507286072,-0.9775700569152832,-0.37517082691192627,-1.0941061576207478,-2.733404795328776,0.06200908621152242,0.06730807324250539,-0.5479046106338501,-1.0734152793884277,0.1033378541469574,0.08280253410339355,-1.291021505991618,-2.0145556926727295
105.0,0.1826190153757731,0.6126234841843446,0.16906001170476279,0.5310676097869873,-0.13262131810188293,0.35555421312650043,0.5122216194868088,0.3123949368794759,0.5638214349746704,0.6947428385416666,0.293658971786499,0.32626410325368244,0.3219541509946187,0.3573220868905385,0.4248294035593669,0.2569385568300883,-0.8799357414245605,0.09857467810312907,-0.09354912241299947,-0.7197502056757609
106.0,-0.8137779831886292,0.19824635982513428,-0.532207210858663,-0.9138229389985403,-0.692134032646815,-0.003629624843597412,-0.11340086162090302,-0.8849623302618662,-0.9480872551600138,-0.6955767671267191,-0.8659619887669882,0.2380413015683492,-0.12633128960927328,-0.14828003446261087,-0.7088907659053802,-0.811466691394647,-0.19231775278846422,-0.4930073594053586,-0.9507383306821188,-1.2986854712168376
107.0,-1.2349257866541545,-1.1838593383630116,-1.6914665301640828,-1.5728389024734497,-1.3361732562383015,-1.457645018895467,-1.40183158715566,-1.5290997823079426,-1.2356139421463013,-0.8265824516614279,-0.8583834071954092,1.4165220657984416,-1.6253308057785034,-1.5220558643341064,-1.6379445791244507,-1.6783305009206135,-0.38731197516123456,-0.7396562695503235,-0.9177012046178182,0.10202014446258545
108.0,0.47376634180545807,0.5841317350665728,0.8521952629089355,1.0822757184505463,0.18881778419017792,0.7338521084748209,0.7410523059467474,0.8356890479723612,1.0780072510242462,1.0016093390683334,0.3433279792467753,0.5995936393737793,0.6496138374010721,0.8046824112534523,0.9554537236690521,0.9246245423952738,0.678106447060903,0.33071204523245495,-0.057149022817611694,-2.2679547468821206
109.0,-0.02726579209168752,0.5097838242848715,0.11420313517252605,-0.05612413088480631,-0.029971987009048462,0.34627075990041095,0.34687507152557373,0.01733346904317538,-0.07319410641988118,-0.18519103527069092,0.003721952438354492,0.2847170829772949,0.31600741545359295,0.2805642286936442,-0.01745895544687907,0.03367312749226888,0.29276129603385925,-0.1492840051651001,0.06522055466969807,0.672785739103953
110.0,1.129146933555603,3.583082358042399,1.637353817621867,2.402460257212321,0.4525587086876233,3.254918416341146,4.098015944163005,1.2344862818717957,2.0085098346074424,2.9410948355992637,1.6492878993352253,-0.8862883249918619,2.3286167780558267,3.4982033570607505,2.8650500774383545,1.733310580253601,1.3522554486989975,3.4250805377960205,0.622234795242548,-2.150351663430532
111.0,0.6225278526544571,1.0266222556432087,0.5229775011539459,0.3235464816292127,0.6500091850757599,0.9825282494227091,0.7899922629197439,0.24333322079231343,0.3960909421245257,0.6522818778951963,0.7981679737567902,-1.6413905421892803,0.819903552532196,0.911475787560145,0.5338644435008367,0.3394889036814372,-0.023082564274470013,0.503106047709783,0.8070531686147054,-0.7045900225639343
112.0,0.3660282989343007,2.0054992039998374,0.26701056957244873,1.1288555065790813,0.04317172368367513,1.6313864290714264,2.218758225440979,0.21564334630966187,0.877554309864839,1.584086316327254,0.7478607495625814,-5.8497622807820635,0.7411183615525564,1.8400583167870839,1.4387628038724263,0.4801231523354848,0.5383277920385202,1.9247880180676777,0.3568207124869029,-4.374690095583598
113.0,0.47058316071828205,0.044210806488990784,-0.1346799631913503,0.2178474242488543,0.5513285597165426,0.00828045109907786,0.17317811648050943,0.02333115041255951,0.35913724700609845,0.5882007280985514,0.7813785672187805,0.9528824885686239,-0.048665245374043785,0.10538069407145183,0.27906250953674316,0.01030139128367106,0.36503580460945767,0.4924466013908386,0.8370319803555807,2.578043301900228
114.0,0.8822587331136068,1.2776902914047241,0.4576512972513835,0.6751482486724854,0.7425897717475891,0.998431921005249,1.0006733338038127,0.47299087047576904,0.8127603729565939,1.195731724301974,1.2586984038352966,-2.059362510840098,0.6816129088401794,0.9670144865910212,0.7129268695910772,0.4772145276268323,0.5630441159009933,1.3850504507621129,1.1740045448144276,-1.1968806584676106
115.0,-0.21282135446866354,1.9025465647379558,0.43971656014521915,1.2443871696790059,-0.8527283668518066,1.4514840642611186,2.109314481417338,0.21958604454994202,0.846111516157786,1.4233332872390747,0.19409637649854025,-4.594298720359802,0.8748805572589239,1.5910400748252869,1.396624743938446,0.6289519270261129,0.8273336390654246,1.684211532274882,-0.5437118510405222,-6.596367756525676
116.0,-0.7318371931711832,0.15495318174362183,-0.6606326897939047,-0.3765729268391927,-0.840635339419047,0.13910426696141562,0.5274737377961477,-0.9542669852574667,-0.4989372094472249,0.0013036330540974934,-0.5059951941172282,-4.004850784937541,-0.22094003359476724,0.23754040400187174,-0.0005412101745605469,-0.7016313870747884,0.11353743573029836,-0.0923940638701121,-0.7608023881912231,-5.1833062171936035
117.0,-0.3775564630826314,0.16045618057250977,-0.3283868034680684,0.2728448708852132,-0.4922224283218384,0.07039495309193929,0.6661218404769897,-0.23618808637062708,0.08104309439659119,0.757957379023234,-0.21677140394846597,-2.055886169274648,-0.3559684157371521,0.29755862553914386,0.3235054810841878,-0.1241449515024821,0.2730707377195358,1.3093098799387615,-0.71875,-3.0403846899668374
118.0,0.2201471527417501,0.6049105127652487,0.2625320057074229,0.5875134070714315,0.2007699211438497,0.5347572068373362,0.8524311780929565,0.37118523319562274,0.43286187450091046,0.45414628585179645,0.058276096979777016,-1.5475711822509766,0.18399536609649658,0.6505531867345175,0.5726232926050822,0.4188971022764842,0.022174311180909474,0.9525990684827169,-0.07077230016390483,-1.9380356868108113
119.0,-1.5438494682312012,-0.8266592423121134,-1.4777301053206127,-1.7964802583058674,-1.2149658203125,-1.0183945496877034,-1.0044582684834797,-1.9081109762191772,-1.9434513648351033,-1.7880336443583171,-1.4024024208386738,-4.169366439183553,-0.9735026806592941,-1.0949023167292278,-1.475434422492981,-1.7224624156951904,-0.10479198892911275,-1.6620829105377197,-0.9921876763304075,-3.1815001467863717
120.0,-0.3882501423358917,0.9929080406824747,-0.037462376058101654,0.08155887325604756,-0.7946210304896036,0.6297632257143656,0.527082641919454,-0.29066893458366394,0.0391980508963267,0.10780162364244461,-0.26614924023548764,-3.9148557980855307,0.36210160454114276,0.5061616649230322,0.13494817912578583,-0.10073464115460713,-1.0455137491226196,-0.04152429600556692,-0.6144833167394003,-7.622955163319905
121.0,1.8054742018381755,3.193615198135376,2.015611231327057,2.561962366104126,1.3414504925409954,2.7805357774098716,3.009369452794393,1.8967830936113994,2.603909651438395,3.3277557690938315,2.178490241368612,-2.692706515391668,2.428428530693054,2.755486249923706,2.5182294050852456,2.059445043404897,0.6276437342166901,4.054349700609843,1.43837837378184,-4.023908197879791
122.0,-0.48454904556274414,-0.32892940441767377,-0.5458594163258871,-0.7484144767125448,-0.3202215830485026,-0.46003373463948566,-0.7612646420796713,-0.5569130678971609,-0.7036158442497253,-0.9233382940292358,-0.5562536120414734,0.5029793580373129,-0.38750718037287396,-0.6033704280853271,-0.8019144932428995,-0.5903908014297485,-0.4936230480670929,-0.8183976809183756,-0.23297202587127686,-1.1464972496032715
123.0,-0.4711410899957021,0.625220537185669,-0.42064544558525085,-0.11879843970139821,-0.6995722005764643,0.32362304131189984,0.9813354810078939,-0.6592071851094564,-0.17104213188091913,0.31586503982543945,-0.2854866683483124,-2.192824681599935,0.025335301955540974,0.46783800919850665,0.18328344325224558,-0.5018813709417979,-0.18073145548502603,0.20476873715718588,-0.6934890498717626,-2.2911473910013833
124.0,0.2750950666765372,0.5120999825497469,0.5458831290404002,0.778112510840098,0.2339145690202713,0.5337442656358083,0.414368415872256,0.490103875597318,0.5998264153798422,0.7024296994010607,0.0786706954240799,1.2770328323046367,0.6279942492643992,0.5122033754984537,0.7553529540697733,0.555864562590917,0.5757487515608469,0.3185660044352214,-0.014644702275594076,0.0036173462867736816
125.0,0.80240931113561,0.29131980240345,0.5087565332651138,0.810373475154241,0.742424468199412,0.36987575391928357,0.5767506758371989,0.5902415476739407,0.8865039398272833,1.263882537682851,1.0440525611241658,0.23422489563624063,0.46266160657008487,0.4878493348757426,0.8178585519393285,0.5896959404150645,0.5878337969382604,1.3518713315327961,0.8822543621063232,0.753104160229365
126.0,-0.6920515298843384,0.40955180923144024,0.2549946705500285,-0.051731506983439125,-0.5642828543980917,0.6966233253479004,0.7312305768330892,-0.5722582737604777,-0.743067463239034,-0.8083620468775431,-0.6314670244852701,-3.606752792994181,0.4322460889816284,0.7980227867762247,0.4341951608657837,0.10916304588317871,0.45061542838811874,-1.1098470787207286,-0.3288367787996928,-1.719003717104594
127.0,0.22653728723526,0.6835189859072367,0.3845854004224141,0.6406764686107635,0.04703660806020101,0.40060217678546906,0.3656704028447469,0.4647783736387889,0.7004412710666656,0.8770340283711752,0.2797570327917735,-5.026026010513306,0.3965306480725606,0.35542813936869305,0.4893069416284561,0.4304666916529338,0.08462674419085185,0.661749800046285,-0.12842677036921182,-3.588798681894938
128.0,-0.14665834108988443,1.6691131343444188,0.43077004204193753,0.4094645877679189,-0.1615024209022522,1.2711918372660875,1.406861498951912,-0.03696793814500173,0.054930622378985085,0.3571900799870491,-0.2695462505022685,-3.1219735940297446,1.0716322561105092,1.1805386481185753,0.7196650492648283,0.24531732499599457,0.8206444631020228,0.5084341342250506,-0.29388819138209027,-4.669123570124309
129.0,-0.42734013001124066,0.68227752049764,-0.013875762621561686,-0.10793606440226237,-0.3311621348063151,0.46248940626780194,0.5636860926946005,-0.33077874034643173,-0.4406757553418477,-0.23533972104390463,-0.4352679733807842,-1.491189827521642,0.3106239239374797,0.4355726440747579,0.11003629366556804,-0.13937296470006308,0.27041732768217724,0.1269372304280599,-0.3689408302307129,-1.4400166273117065
130.0,0.350779930750529,2.0072362820307412,1.093437244494756,0.9893204172452291,0.09429589907328288,1.6826471090316772,1.6713435153166454,0.9188887054721514,0.8514173626899719,0.6680363416671753,-0.04029796520868937,-1.104535274207592,1.5384984413782756,1.5630067785580952,0.966552754243215,0.9258954624334971,0.26701963941256207,0.7546604871749878,-0.38630830744902295,-1.8339118957519531
131.0,-1.488847513993581,-0.4877987702687581,-1.2140796581904094,-1.259337067604065,-1.3219907383124034,-0.7302980422973633,-0.8759788672129313,-1.5391315321127574,-1.4972029626369476,-1.1205303569634755,-1.8448203206062317,-3.312546491622925,-0.8923825224240621,-0.8632656137148539,-1.0584372878074646,-1.419084628423055,-0.7204442818959554,-1.3677332401275635,-1.7460102041562398,-3.4372658332188926
132.0,-1.110048532485962,0.6926193038622538,-0.5859152873357137,-0.5613410671552023,-1.4583731492360432,0.24324106176694235,0.5158793230851492,-0.8886471192042033,-0.529171864191691,-0.26671576996644336,-0.9602571924527487,-0.20640133817990622,-0.2463956226905187,0.22344102462132773,-0.4028042256832123,-0.6850319504737854,-0.13583085189263025,-0.22121702631314596,-1.5024385452270508,0.2903534124294917
133.0,-0.5955874224503835,-0.2961303691069285,-1.0573133478562038,-1.1558377544085185,-0.5697651306788126,-0.6902482708295187,-0.6995195299386978,-0.8652970393498739,-0.8296595414479574,-1.008284091949463,-0.658641537030538,-2.8285885651906333,-0.7836571484804153,-0.8124952614307404,-1.1820856928825378,-1.1183875600496929,-0.3493400613466899,-1.3043230175971985,-0.47570181886355084,-2.227015475432078
134.0,-0.9217036763827006,-1.3991743673880894,-1.032908521592617,-1.0802349299192429,-0.986925999323527,-1.4913968046506245,-1.7524995108445485,-0.7308323159813881,-0.8160870596766472,-1.0679462452729542,-1.2898523807525635,-5.058186968167623,-1.1421976486841838,-1.6446311076482136,-1.4004093607266743,-1.0330210501948993,-0.6962862188617388,-1.3513254076242447,-1.2570228974024455,-5.368782083193461
135.0,-1.441115140914917,0.39271682500839233,-0.43166035413742065,-0.8846137126286825,-1.1541287700335185,0.14080657561620077,0.08554197351137798,-1.063514252503713,-1.5908560454845428,-2.0308712323506675,-1.81947922706604,-0.6221189896265665,0.002091209093729655,0.06082684298356374,-0.4616536498069763,-0.6267143686612447,0.07634550829728444,-2.0501869122187295,-1.35811048746109,0.02520849307378133
136.0,-1.2774798721075058,-1.7167242268721263,-1.363557477792104,-1.550355076789856,-0.9166267663240433,-1.6338000545899074,-1.9262419641017914,-1.212529480457306,-1.6500041286150615,-1.9795444806416829,-1.7126883268356323,-6.625179131825765,-1.5266152669986088,-1.7229738930861156,-1.6077545881271362,-1.3393623034159343,-1.667116403579712,-2.0202306509017944,-1.1859629452228546,-6.794663111368815
137.0,-0.5040778120358785,0.025980194409688313,-0.22313537200291952,-0.6617742578188578,-0.2428117791811625,-0.007232467333475749,-0.13570968310038248,-0.5455296436945597,-0.7526301145553589,-1.1843751668930054,-0.7064628998438517,0.7809920807679495,0.041445126136144005,-0.1105675498644511,-0.44221043586730957,-0.42784510056177777,-0.1893484528797368,-1.8987195094426472,-0.31379103660583496,1.1775254408518474
138.0,-0.46735620001951855,0.6185255348682404,0.4307700792948405,0.6367685993512472,-0.7580293715000153,0.5008898476759592,0.511931449174881,0.26046133786439896,0.17105025798082352,-0.10802815357844035,-0.8097999170422554,-2.5909900665283203,0.46574647227923077,0.47172775864601135,0.552343932290872,0.5427126785119375,-0.476113220055898,-0.5688133239746094,-1.118699699640274,-1.7757474581400554
139.0,0.0896724263827006,0.40930132071177167,-0.24169796705245972,0.2213642473022143,-0.16363314787546793,0.08945449193318684,0.2672065893809001,-0.01385172208150228,0.45667128761609393,0.8706416028241316,0.03953826427459717,-1.2708353996276855,-0.11357246836026509,0.06780078013737996,0.12698484460512796,-0.14772137999534607,0.5981878836949667,0.8130265474319458,-0.47260157267252606,-1.600077708562215
140.0,0.4856564750274022,0.9815752307573954,0.8761674960454305,1.03769784172376,0.294722318649292,1.0659858584403992,0.9597428242365519,0.5188909967740377,0.7926728427410126,1.171172817548116,0.5657744109630585,-5.368550340334575,1.0771948496500652,1.0923845171928406,1.1552555958429973,0.809174840648969,0.5898249571522077,1.3049164017041524,0.28537972768147785,-2.4953136444091797
141.0,0.557886024316152,0.9628457824389139,0.28380870819091797,0.8866763909657797,0.39092133442560834,0.840279221534729,1.5130962530771892,0.34476250410079956,0.8558276096979777,1.5478758017222087,0.7279782692591349,-2.0274568796157837,0.4192492961883545,1.100803256034851,1.0952575206756592,0.43543914953867596,0.12951014439264932,1.9868213037649791,0.3261634111404419,-1.4892673393090565
142.0,-0.23780041436354318,2.8959855238596597,1.1678066750367482,0.6642889777819315,-0.4972833494345347,2.2831851641337075,2.0872789223988852,0.26506049434343976,0.2850688298543294,0.4436755379041036,-0.34427857398986816,0.16980576515197754,2.0362263520558677,2.0257163047790527,0.9966290021936098,0.739103098710378,0.2932695218672355,0.9213970620185137,-0.7833482772111893,-2.3585878908634186
143.0,1.5560272137324016,2.0511754353841147,1.7632685502370198,1.7466434041659038,1.3071817358334858,2.0620696942011514,1.688192089398702,1.4030909935633342,1.8714560667673747,2.288937966028849,1.8799814780553181,-0.47662325700124103,2.1253817876180015,1.9341545899709065,1.8278424938519795,1.6223232348759968,0.49378953377405804,2.4044074416160583,1.398759086926778,0.765866756439209
144.0,0.7275388836860657,1.0267901321252186,0.3102558453877767,1.0437071323394775,0.39815133810043335,0.8279690146446228,1.295557826757431,0.5661876598993937,1.1933982968330383,1.9203384319941204,1.0964394410451253,-0.7580369412899017,0.569175973534584,0.9985345353682836,1.0199796954790752,0.5014875729878744,-0.2652431974808375,2.4851342837015786,0.5026025921106339,0.07237887382507324
145.0,-1.1632564067840576,-0.20829172929128012,-0.790376345316569,-0.6731147766113281,-1.32981072862943,-0.3174397150675456,-0.2243117888768514,-1.1091256340344746,-0.8371186256408691,-0.6972630818684896,-1.1978675524393718,-1.7896877924601238,-0.45255398750305176,-0.34623487790425617,-0.4862523873647054,-0.8891395330429077,-0.8416112263997396,-0.9858716328938802,-1.3647000789642334,-2.376708368460337
146.0,-0.23344557483990988,1.1920692722002666,0.5584800044695536,0.6194836695988973,-0.634088342388471,0.8928301731745402,0.694896916548411,0.46590850750605267,0.42474408944447833,-0.1399980535109838,-0.3312005549669266,0.2098624308904012,0.7887352705001831,0.7812292774518331,0.4639548063278198,0.6603297392527262,0.8170852065086365,-0.4951673746109009,-0.6967405478159586,-1.9022010167439778
147.0,-1.2164702812830608,0.5825618306795756,-0.6470478276411692,-1.0887508193651836,-1.1148232817649841,0.29730600118637085,-0.06447830299536388,-1.3444924354553223,-1.328341801961263,-1.0701802962770064,-1.1326672633488972,-3.4666348099708557,0.029624571402867634,0.054843321442604065,-0.6736656626065572,-0.9498873551686605,0.16344672441482544,-1.1780391136805217,-0.9612302184104919,-2.977920712903142
148.0,-0.00857515757282575,1.8836145798365276,1.1526307662328084,1.254850059747696,-0.5107380648454031,1.6898665415743988,1.8075462977091472,0.5219154121975104,0.9735142886638641,1.2711018522580464,0.1680829388399919,-4.768780628840129,1.5896294713020325,1.6566662341356277,1.391012042760849,1.0819610357284546,0.8602306246757507,1.5884792804718018,-0.6723463435967764,-4.966954787572225
149.0,1.0071865320205688,0.25095120072364807,0.23574737707773843,0.9257140358289083,0.8829583326975504,0.15578695138295492,0.8640730778376261,0.8328323165575663,1.0242980519930522,1.1558743516604106,1.1034477551778157,1.981658895810445,-0.03245858351389567,0.4236379663149516,0.7687201102574667,0.521609346071879,0.9845224618911743,1.1094833413759868,0.8829315503438314,0.5700521220763525
150.0,-0.6333262324333191,1.339500069618225,0.07433098616699378,0.10818956295649211,-0.7256305317083994,1.0415249864260356,1.4290232062339783,-0.5605748097101847,-0.4107617537180583,0.0011322498321533203,-0.5124855041503906,-0.5906697909037272,0.6011664072672526,1.1060903072357178,0.5887485345204672,-0.030280858278274536,-0.6377740303675333,0.5243653357028961,-0.7670428355534872,-1.6543437168002129
151.0,0.07556332151095073,0.2495679259300232,-0.056246223549048104,-0.04512027899424235,0.2247614065806071,0.15791810552279154,0.34341728687286377,-0.14618363852302232,-0.1444901923338572,-0.046449740727742515,0.20617528756459555,-3.8531452814737954,0.3029160040120284,0.16319147745768228,0.07670440276463826,-0.1490616872906685,-0.4920472502708435,-0.08867645263671875,0.300290326277415,-4.118762771288554
152.0,-0.9719126895070076,-0.11442147692044576,-0.6160669028759003,-1.115558500091235,-0.7280313683052858,-0.25463321308294934,-0.7362645367781321,-0.9709345971544584,-1.2585924963156383,-1.2996858358383179,-1.270728091398875,1.1307050387064617,-0.30498576164245605,-0.47822344303131104,-0.9254191244641939,-0.8668626273671786,0.20988323291142783,-1.1088987588882446,-0.9617891609668732,1.5658003091812134
153.0,1.643189509709676,3.1195318698883057,1.7979587614536285,2.150131324927012,1.0503196120262146,2.6730192502339682,2.777780512968699,1.4613287448883057,2.3937092224756875,3.6831816037495932,2.812715927759806,-1.1680976152420044,2.2668631275494895,2.642102758089701,2.272898773352305,1.7935407062371571,0.4647463324169318,4.616420030593872,1.5794813831647236,-0.7922495206197103
154.0,0.4554986159006755,2.3265989224116006,0.9601423541704813,1.301156908273697,0.245958149433136,1.889944573243459,2.174203872680664,0.5568097829818726,1.0639068881670635,1.6563923036058743,0.5479994217554728,-3.4512301683425903,1.5325023730595906,1.9086125095685322,1.5540772179762523,0.8733476003011068,0.9784974207480749,1.9340952634811401,0.08929729461669922,-1.7650800148646038
155.0,-0.94619948665301,-1.0758725603421528,-1.5577778220176697,-1.354394217332204,-0.9366939812898636,-1.2352657516797383,-0.7767613877852758,-1.2395195364952087,-1.0672928889592488,-0.8961018969615301,-0.835768441359202,-4.560991525650024,-1.3455811540285747,-1.1790651281674702,-1.384454866250356,-1.497344434261322,-0.7115731450418631,-0.7187616527080536,-0.8907380898793539,-5.772237797578176
156.0,-0.4331113000710805,1.7045730749766033,1.1959412495295207,1.0117873748143513,-0.6346110800902048,1.5334421793619792,1.5050819665193558,0.4825551509857178,0.302779088417689,0.13116702437400818,-0.5755380094051361,1.8295412162939708,1.413275678952535,1.483160952727,1.1807236174742382,1.1121281385421753,-0.1856997807820638,0.28135764598846436,-0.8443224231402079,1.430811882019043
157.0,-0.35055431723594666,0.6138457109530767,0.05074232816696167,-0.22953349351882935,-0.2739280176659425,0.470571905374527,0.45114077627658844,-0.3374509612719218,-0.43292152881622314,-0.11423823237419128,-0.05355424185593923,1.3966095447540283,0.3106192350387573,0.4181125859419505,-0.03606103857358297,-0.07724736134211223,-0.2865858276685079,0.48135121663411456,-0.06534382204214732,3.4354107777277627
158.0,-0.3666696548461914,0.9189831217130026,0.14394227663675943,0.09271844228108723,-0.6483208388090134,0.5635031461715698,0.5422618190447489,-0.026102701822916668,0.05982200304667155,0.08360493183135986,-0.45395737886428833,-0.09060255686442058,0.467703382174174,0.4396035671234131,0.08281397819519043,0.06741833686828613,-0.2288049062093099,0.23523879051208496,-0.82628200451533,0.8929483642180761
159.0,-1.3027011454105377,-0.9203322132428488,-1.1813778728246689,-0.9889432589213053,-1.3188771804173787,-1.1725085179011028,-1.3281979163487752,-0.9681384488940239,-1.0897811849912007,-1.3870406448841095,-1.7576431433359783,-2.338401138782501,-1.0270171860853832,-1.3376777172088623,-1.1807283560434978,-1.1436303357283275,0.21275589863459268,-1.8763606051603954,-1.6648162603378296,-1.2911677360534668
160.0,0.9580251077810923,1.9647061030069988,1.7679671843846638,2.4355681339899697,0.4494923452536265,1.9954907496770222,2.4728856881459556,1.6420715649922688,1.9870617787043254,1.8683713674545288,0.923834224541982,-2.9332906007766724,1.6966978311538696,2.2441253662109375,2.44079860051473,2.0396337111790976,0.8941899538040161,1.4231181343396504,0.3442550301551819,-1.0225471059481304
161.0,-0.2862074871857961,0.1747144895295302,0.43683187166849774,0.5332184334595998,-0.7340320150057474,0.37519295513629913,0.2782077391942342,0.1424263616402944,0.6236560642719269,0.884558230638504,0.08696411053339641,-1.9299583832422893,0.4414982149998347,0.36318857471148175,0.43680568039417267,0.4340941707293193,-0.5173176030317942,0.8411691586176554,-0.5999589661757151,-0.2969312071800232
162.0,-1.3352429469426472,0.4668315251668294,-0.5852827032407125,-0.26470890641212463,-1.4070823987325032,0.33563433090845746,0.734571248292923,-1.1190746625264485,-0.8705384532610575,-0.2792244454224904,-1.3873717784881592,-3.5986680587132773,-0.2358057995637258,0.4806601752837499,0.12395757933457692,-0.6028438607851664,-0.12450751413901646,0.064493993918101,-1.6477455298105876,-4.285419583320618
163.0,-0.6257040525476137,0.11431426306565602,-0.30410411457220715,-0.1610777626434962,-0.9231082201004028,-0.02807500958442688,0.21373869478702545,-0.5780626287062963,-0.2526457707087199,0.149889866511027,-0.37469712893168133,-0.14178061485290527,-0.145733172694842,0.043917566537857056,-0.07000151773293813,-0.33997530738512677,-0.947798510392507,0.5078103939692179,-0.732457677523295,-1.656562517086665
164.0,0.05497480432192484,0.9485512375831604,0.4690093199412028,0.657726009686788,-0.257531334956487,0.8410353660583496,0.9349045753479004,0.23560595512390137,0.4259377320607503,0.7228442629178365,0.18859779834747314,0.7067898909250895,0.7124670346577963,0.8455118338267008,0.7302575906117758,0.4375661214192708,-0.26886512835820514,0.9271875967582067,-0.2152327299118042,0.08264253536860149
165.0,0.4051869586110115,1.753440022468567,0.7006600201129913,1.1537765264511108,0.11458370089530945,1.370731274286906,1.9563902219136555,0.7039646903673807,1.01742821931839,1.2769174873828888,0.499620462457339,1.5936463475227356,0.9123388131459554,1.500223159790039,1.2381523450215657,0.7931357820828756,0.016073649128278095,1.6440324584643047,-0.011855661869049072,-0.2368530680735906
166.0,-0.1397391359011332,0.46179624398549396,0.24708101153373718,0.33663269877433777,-0.3695326050122579,0.26080723603566486,-0.03560978174209595,0.35479432841142017,0.34178727865219116,0.1472700834274292,-0.4812658627827962,-2.358375390370687,0.22473851839701334,0.12186167637507121,0.12843537330627441,0.2526076138019562,-0.7934585014979044,-0.32818394899368286,-0.8398172756036123,0.6222584048906962
167.0,-0.1782677173614502,0.15664045015970865,0.17967506249745688,0.34421928723653156,-0.43620728453000385,0.11485981941223145,-0.12327460447947185,0.07838409145673116,0.35420437653859455,0.5282542705535889,-0.2761329809824626,-2.2323140700658164,0.15127197901407877,0.0477363665898641,0.2035826047261556,0.14074069261550903,-0.4086809108654658,0.19279849529266357,-0.6707391142845154,-2.145561615626017
168.0,0.3290768265724182,0.8422211011250814,0.3402642160654068,0.5946415687600771,0.27312520146369934,0.7071179747581482,1.0512868762016296,0.3628232975800832,0.4436075786749522,0.4059281349182129,0.2953506310780843,0.2535164455572764,0.39414944251378375,0.8070710798104604,0.6788169766465822,0.4776475131511688,0.5258162766695023,0.49264228343963623,0.29441702490051586,2.7744502425193787
169.0,1.197842945655187,1.7227624257405598,1.193342387676239,1.7108474175135295,0.9718813598155975,1.7256433963775635,2.220357139905294,1.181117574373881,1.5831738313039143,1.816034197807312,1.4167610605557759,-0.2134392261505127,1.243329107761383,1.9672290484110515,1.8614899317423503,1.4184946616490681,0.24273412426312765,1.4434731006622314,1.1116789343456428,-0.6422970294952393
170.0,1.0169501701990764,1.57969735066096,1.0822663108507793,1.424160321553548,0.6705841223398844,1.2602678537368774,1.348062515258789,1.1963437000910442,1.4968095620473225,1.7269273201624553,1.0746922890345256,-3.1963356733322144,1.186281184355418,1.2457621097564697,1.2949374516805012,1.1646424929300945,0.5116002857685089,1.9351269404093425,0.46088196337223053,-3.136119936903318
171.0,0.9162337382634481,1.7809548377990723,1.4663261075814564,1.684628148873647,0.7792397538820902,1.6220604479312897,1.7064692576726277,1.3063887159029643,1.3341436982154846,1.247382824619611,0.5992506146430969,1.5206805070241292,1.6006730099519093,1.6387831568717957,1.7115456660588582,1.5218559900919597,0.6081384122371674,1.362845927476883,0.40939714511235553,-1.1589762369791667
172.0,-0.9495893021424612,-0.09451037645339966,-0.7588514685630798,-0.7975601355234782,-1.1785574952761333,-0.3174332417547703,-0.5416877766450247,-0.9367210467656454,-0.6146725465854009,-0.3540446062882741,-0.7707435886065165,-3.3041411638259888,-0.5467432960867882,-0.4509758750597636,-0.7741009977956613,-0.8462148904800415,-0.7795131305853525,-0.4527500619490941,-1.0393361449241638,-4.490021189053853
173.0,-0.7629792888959249,0.8477944880723953,-0.1522057056427002,-0.1676049828529358,-0.839784562587738,0.5960932771364847,0.7642487287521362,-0.663340059419473,-0.49369698762893677,-0.010438998540242514,-0.5365120967229208,-0.8081466754277548,0.23239623506863913,0.6101654469966888,0.12731621662775675,-0.26550813515981037,-0.009155802428722382,0.855913003285726,-0.731303890546163,-2.017397165298462
174.0,-1.6820147236188252,-0.34726084272066754,-0.11595819393793742,-1.2597191606958706,-1.2983402808507283,-0.21586448947588602,-0.9236707588036855,-1.1398884057998657,-1.9101869861284893,-2.4686320225397744,-2.1337329546610513,-0.6376036902268728,-0.0232905646165212,-0.4931093578537305,-0.9592407705883185,-0.5916485786437988,-0.158260648449262,-2.880864759286245,-1.7679477731386821,0.5486781994501749
175.0,0.35246126850446063,1.5226552585760753,0.9753927315274874,1.33106396595637,-0.09429951508839925,1.299243837594986,1.2565309305985768,0.7912777364253998,1.1549434959888458,1.4586685995260875,0.522662341594696,-1.2457157870133717,1.200459157427152,1.225111871957779,1.28756682574749,1.0332511886954308,0.0633596380551656,1.1165093978246052,-0.17887040227651596,0.32021135091781616
176.0,0.34553225835164386,2.0212246676286063,1.4142590736349423,1.5523754358291626,0.1765254537264506,1.842045158147812,1.9445714751879375,0.8064937591552734,0.9580576022466024,1.0880524317423503,0.2239691217740377,-1.0553218523661296,1.9070656498273213,1.819568892319997,1.7357199986775715,1.3023426334063213,0.7024500966072083,1.040463129679362,-0.05638410337269306,-1.2927862306435902
177.0,-0.2333775262037913,0.5562416712443033,-0.3910619517167409,0.12714914480845133,-0.6406589150428772,0.1591323216756185,0.4226587613423665,-0.27394912640253705,0.2791800598303477,0.7293930053710938,-0.05515037477016449,0.590237577756246,-0.028842449188232422,0.1246728499730428,0.07120883464813232,-0.2906263396143913,-0.05584275722503662,0.7909430662790934,-0.5200423995653788,0.4894200364748637
178.0,-1.0290108645955722,0.4071555932362874,-0.6584076546132565,-0.8091449936230978,-1.19791183869044,0.02074516812960307,0.044844985008239746,-1.017578899860382,-0.778194802502791,-0.589746872584025,-1.1233014861742656,-3.432495673497518,-0.18099239965279898,-0.10445633033911388,-0.6483706931273142,-0.9110953137278557,0.22157241900761923,-0.36372049649556476,-1.3721491719285648,-4.3608754475911455
179.0,-0.31346631050109863,1.3214569290479024,0.44352394342422485,0.5289406677087148,-0.5850999553998312,1.045477310816447,1.012552539507548,0.07410594820976257,0.1977731535832087,0.26962268352508545,-0.37650567293167114,0.3397121826807658,1.012237509091695,0.9461887081464132,0.6974608600139618,0.33585859338442486,-0.29490221478044987,-0.022896567980448406,-0.7196301023165385,-0.22716784477233887
180.0,-0.24383194744586945,1.2027698308229446,-0.37002166112263996,0.03282827387253443,-0.7245416243871053,0.7097702423731486,0.8861768196026484,-0.3902328163385391,0.223975021392107,0.8080385526021322,0.16874618331591287,1.9218304355939229,0.16983968019485474,0.6454090178012848,0.10000004371007283,-0.3675607641537984,-0.6524501244227091,0.8695350686709086,-0.30660470326741535,0.9094885687033335
181.0,-0.7535035908222198,0.8746654987335205,0.41771405935287476,-0.16575615542630354,-0.5748035311698914,0.7897812724113464,0.4816594918568929,-0.08360296736160915,-0.7450320919354757,-1.566412130991618,-1.6234752436478932,-5.366355737050374,0.7442196408907572,0.6094350218772888,0.05462882916132609,0.19755783677101135,-0.4292425066232681,-2.106002231438955,-1.2485176126162212,-5.049115180969238
182.0,0.772379865248998,1.7406648794809978,1.7772813240687053,2.368839383125305,0.415269340078036,1.7523232499758403,2.1077611446380615,1.5607009927431743,1.865939438343048,2.3147648498415947,0.6642433802286783,-1.0188055435816448,1.7940871715545654,1.9045459826787312,2.282250165939331,1.9170804421106975,0.5503556032975515,2.8384820918242135,-0.07302110890547435,-0.5900591611862183
183.0,1.0818671385447185,1.722348928451538,0.7674606442451477,0.8356406490008036,0.6708936293919882,1.3211938738822937,1.162249763806661,0.7829683224360148,1.302412748336792,1.4807675778865814,1.7160379489262898,-1.9305275281270344,1.165100892384847,1.1679277420043945,0.7852829496065775,0.7181285818417867,0.5730911148712039,0.6943786144256592,1.1838389535744984,-1.8291610479354858
184.0,-0.4164363543192546,0.9638805190722147,0.11413045227527618,0.13032640516757965,-0.45144134759902954,0.8248652766148249,0.8012498766183853,-0.25741761922836304,-0.1626200278600057,-0.2282837231953939,-0.6073373158772787,-2.1619622310002646,0.5567217171192169,0.7688222130139669,0.38340171178181964,0.023074631889661152,0.6146786610285441,-0.727069248755773,-0.6359038551648458,-3.487541993459066
185.0,0.0039883653322855634,0.9904893636703491,0.38377102216084796,0.8682678540547689,-0.4463055009643237,0.7299213806788126,0.9747600555419922,0.48021094004313153,0.750078002611796,0.683399518330892,0.06809053818384807,-3.7168804009755454,0.505471666653951,0.7796494166056315,0.7550609111785889,0.6304344733556112,-0.15172187487284342,0.514028271039327,-0.5262387990951538,-4.230441967646281
186.0,-0.5185403823852539,0.14300799369812012,-0.43460144599278766,-0.43431293964385986,-0.6765755414962769,-0.1357929209868113,-0.07565494378407796,-0.4366494119167328,-0.33250483870506287,-0.3325340499480565,-0.5119954744974772,-7.4585747718811035,-0.11001833528280258,-0.22547636926174164,-0.4267628788948059,-0.5221163829167684,0.1139650543530782,-0.47123128175735474,-0.7278683185577393,-4.842958211898804
187.0,0.009544516603151957,-0.1837190588315328,-0.3384066770474116,-0.6083480740586916,0.22267765551805496,-0.408845925082763,-1.0132589576145012,-0.2348230481147766,-0.30267587304115295,-0.3304079622030258,0.008020530144373575,-0.4919479290644328,-0.24853232502937317,-0.6944946944713593,-0.7858832019070784,-0.47312339146931964,0.17607811590035757,-0.28807346026102704,0.33614660302797955,-0.35219589869181317
188.0,1.3454808592796326,3.3440900643666587,2.0686330000559487,2.8716208934783936,0.9434354081749916,3.0349342823028564,3.7082289854685464,1.7137863238652546,2.3310533563296,3.1905283530553183,1.5029249489307404,-5.023178736368815,2.499216397603353,3.2335286140441895,3.0978636741638184,2.186801234881083,0.6399538616339365,3.885490655899048,0.6730363120635351,-3.447830637296041
189.0,-1.0271830757459004,-1.990551511446635,-1.0653719107309978,-1.5977198282877605,-0.9109395345052084,-1.7258659998575847,-2.413067022959391,-0.8706777493158976,-1.2488726774851482,-1.9981094598770142,-1.3814291556676228,2.5986393292744956,-1.230176528294881,-1.96368674437205,-1.8627052704493205,-1.1533310214678447,-0.5880381998916467,-2.94401482741038,-1.0436589121818542,2.204190810521444
190.0,-1.2598356703917186,-0.31456278761227924,-0.5020969112714132,-0.9939203684528669,-1.2555198967456818,-0.5392963215708733,-1.2253554066022236,-0.7867021063963572,-1.0841257274150848,-1.4709612727165222,-1.488406002521515,-2.4672000805536904,-0.17944160103797913,-0.8982530732949575,-1.1089509228865306,-0.7313103899359703,-0.3073054452737172,-1.8150466680526733,-1.472086509068807,-4.647451400756836
191.0,0.12268318732579549,0.7152615388234457,-0.18642024199167886,-0.2279480298360189,0.0242358793814977,0.4551417827606201,0.4107676347096761,-0.2040177881717682,0.039648632208506264,0.13871367772420248,0.25476722915967304,-1.4958888292312622,0.1555864413579305,0.36193795998891193,-0.09801950057347615,-0.2938991089661916,-0.20721649999419847,0.01693516969680786,0.03737338383992513,-0.42417748769124347
192.0,-0.6613036592801412,0.8777312239011129,-0.1543054779370626,0.0015586415926615398,-0.7635294000307719,0.7156861424446106,1.0881094137827556,-0.6720418830712637,-0.3727228343486786,-0.16754810015360513,-0.5977239012718201,-2.563295046488444,0.3077854911486308,0.8207809527715048,0.3913106520970662,-0.2747485438982646,-0.2450652221838633,-0.5206400553385416,-0.5810486078262329,-1.454153577486674
193.0,0.42411855856577557,1.514239509900411,1.1139204601446788,1.181434894601504,0.20268279810746512,1.4256325761477153,1.1958021720250447,0.8196707318226496,0.9399405966202418,1.058177649974823,0.3765030801296234,-1.0173571109771729,1.3364766836166382,1.334438681602478,1.2223654687404633,1.060776059826215,0.3580573896567027,0.9513254563013712,-0.05979665368795395,-1.9259877999623616
194.0,-0.4566337664922078,-0.5236773093541464,-0.711955135067304,-0.38563817739486694,-0.3503277699152629,-0.5601267615954081,-0.5257648726304373,-0.4242820640405019,-0.3538581083218257,-0.5332841674486796,-0.891881008942922,-2.4448135693868003,-0.6963232159614563,-0.5457212130228678,-0.4530875285466512,-0.605243444442749,-0.78695776561896,-1.1117684245109558,-0.7363837336500486,-2.245621919631958
195.0,-0.7624720384677252,-0.150529146194458,-0.23372133076190948,-0.5733338296413422,-0.4605396290620168,-0.0842707355817159,-0.29302410284678143,-0.7065246005853018,-0.9512169547379017,-0.7455867926279703,-0.9507139474153519,1.782723108927409,-0.05425864706436793,-0.1221648280819257,-0.2732547124226888,-0.4221569895744324,-0.2843212882677714,-0.4199063355724017,-0.7854805588722229,-0.109943687915802
196.0,0.25789723296960193,1.1984666685263317,0.9802536964416504,1.0743341445922852,-0.048022190729777016,1.0312892645597458,0.9216763973236084,0.8998012244701385,0.9274657766024271,0.7014459570248922,0.13353542611002922,-1.1724378267923992,1.009374588727951,0.9593950609366099,0.9497299591700236,1.029274543126424,0.48474906509121257,0.30351587136586505,-0.4048090875148773,0.5200741291046143
197.0,-0.08110669255256653,1.4299867128332455,0.33039148648579914,0.7956761916478475,-0.4936295598745346,0.905703087647756,1.1460668841997783,0.3820143938064575,0.6106087962786356,0.935711274544398,-0.2192944884300232,0.2740272084871928,0.647579550743103,0.8945150772730509,0.7408197323481241,0.3928864200909932,-0.3288060228029887,1.5522606770197551,-0.9039299289385477,0.7747322916984558
198.0,0.2283288836479187,1.247058928012848,0.3244747519493103,0.328416774670283,0.16865612318118414,0.9800953467686971,0.7534952163696289,0.08478327592213948,0.2921987920999527,0.5490219394365946,0.4011187156041463,-1.5728692064682643,0.6514280637105306,0.835430771112442,0.4431879719098409,0.29010360439618427,0.7154492835203806,0.7002324263254801,0.33916189273198444,-0.8481832146644592
199.0,-1.0075071503718693,1.5657004515329997,0.28609752655029297,-0.19065892696380615,-0.9086652994155884,1.2161571383476257,1.2122676769892375,-0.708998958269755,-0.860651433467865,-0.6516863902409872,-0.9739101131757101,2.9227675199508667,1.070115735133489,1.0998578468958538,0.3266527056694031,-0.15374231338500977,-0.9515684197346369,-0.23727675278981528,-0.9960591395696005,1.310813268025716
200.0,1.1907888054847717,2.1134145259857178,1.3341831763585408,2.802509307861328,0.7841921746730804,1.9225870370864868,3.0001588265101113,1.7364635666211445,2.1671815713246665,2.682365894317627,1.1266746123631795,1.1958794593811035,1.1475117603937786,2.4162608782450357,2.775291681289673,1.9013112386067708,1.0110704104105632,3.276155392328898,0.45812926689783734,-2.314589341481527
