item_id,9479,19040,21133,59362,86440,86441,86442,86444,99846,111768,111769,111770,123043,123044,132699,132703,132706,157003,157004,157007
1.0,2.99075315395991,1.2946297923723857,2.4494021435578666,1.6089661717414856,2.763388884564241,3.230702037612597,4.160455614328384,3.866410811742147,3.238942782084147,2.511779318253199,2.846793611844381,2.9232871532440186,1.1534332036972046,1.51349937915802,2.1173439025878906,3.0875662167867026,2.5420649449030557,2.1199201742808023,2.812784989674886,3.094438314437866
2.0,0.8175723925232887,0.3297234773635864,0.8226315031449,0.24854334195454916,0.8581178387006124,1.8841739495595295,1.8110583225886028,1.1757226785024006,0.41749635835488635,0.5704813202222189,0.6482804343104362,0.5805194427569708,0.5800086657206217,-0.11880425612131755,0.8863365848859152,0.7318920791149139,1.469602147738139,0.38091667244831723,0.4412252902984619,0.8060760895411173
3.0,2.306666135787964,1.131398340066274,2.280695562561353,0.978424072265625,2.4300021727879844,2.885101318359375,2.65881085395813,2.4255168437957764,2.0487544933954873,1.2537848949432373,1.8444982369740803,1.908846656481425,1.1696258584658306,1.1143505175908406,0.8291211128234863,2.2330124775568643,1.744977871576945,1.3630111614863079,2.0140669345855713,1.8483176628748577
4.0,1.6689439217249553,0.658994143207868,0.8802960415681204,0.17913309733072916,1.2560997928182285,1.4044113804896672,2.187270482381185,2.4309165477752686,1.4162936011950176,0.882239818572998,0.9527817368507385,0.6870527267456055,0.0507174680630366,0.8847422997156779,1.220026175181071,1.7425790379444759,1.3712180356184642,0.011771989365418753,1.2693140854438145,2.3975602984428406
5.0,-0.061087568600972496,-0.7877281904220581,0.01496736208597819,-1.3568754593531291,-0.13528007765611014,-0.06744591395060222,-0.4299383560816447,-0.1514359712600708,-0.4670859972635905,-0.3850927750269572,-0.5514631023009618,-0.6964433292547861,-1.179525355497996,-1.0128756364186604,0.5761748552322388,-0.680032213528951,0.03192827105522156,-0.6797899156808853,-0.2881834904352824,0.15042144060134888
6.0,1.3831569353739421,0.18168020248413086,0.896755576133728,-0.8025447726249695,1.0825339953104656,2.0948012272516885,2.156165897846222,1.8575032949447632,0.7716567615667979,0.4572277069091797,0.41720640659332275,0.16493586699167886,-0.3649984697500865,-0.37096067269643146,0.9679641326268514,1.1296221365531285,1.8251209606726964,-0.22475431362787882,0.752548615137736,1.3847206036249797
7.0,0.1260474274555842,-0.039216319719950356,0.6128456642230352,0.762946089108785,0.2153434455394745,0.19910762707392374,-0.10160988569259644,-0.37928567330042523,-0.33770638704299927,0.07250104347864787,0.1293084273735682,0.19944923122723898,0.1564378341039022,0.3996172348658244,-0.049727032581965126,-0.6440982023874918,-0.45023004213968915,0.20326973994572958,0.7014646530151367,-0.19025559226671854
8.0,2.9445106188456216,1.2253403067588806,2.970796505610148,0.9344211419423422,3.1040029525756836,3.603835344314575,3.3618394335110984,2.529157340526581,2.6268456180890403,2.5704476833343506,2.86164919535319,2.7855774561564126,0.5764313141504923,1.3554040988286336,2.164847453435262,2.881054719289144,2.035503625869751,2.235887289047241,2.4455972810586295,2.3236783544222512
9.0,1.181470255057017,0.6139256954193115,1.3712282578150432,0.6153761943181356,1.2609841624895732,2.2089035908381143,1.4983194867769878,0.8679501215616862,1.631650318702062,0.9009104271729788,0.9795597742001215,0.9351871609687805,0.7511632839838663,0.7959703902403513,0.8979382912317911,1.4694800575574238,1.0155988931655884,0.6683072249094645,0.8746446967124939,0.47922507921854657
10.0,1.9975398580233257,1.438077449798584,1.0760331948598225,1.8128244479497273,1.6797918478647869,1.6107093890508015,1.4983592629432678,1.6743082602818806,2.6643205086390176,1.204833020766576,1.7411857843399048,1.8820069630940754,2.002827843030294,0.9964473644892374,2.8714278737703958,2.3195080757141113,3.2925931016604104,1.2074175278345745,1.9264229933420818,1.7586095730463664
11.0,2.9333329995473227,0.9788003365198771,1.6894506216049194,0.253655344247818,2.5947221517562866,3.343939781188965,3.834700266520182,3.2606205145517984,1.8773070176442463,1.4388818939526875,2.1274921894073486,2.055858095486959,0.5805078744888306,0.6110726793607076,0.9329027334849039,1.902972936630249,1.5097452799479167,0.976108729839325,2.2957530419031777,2.3877191146214805
12.0,3.2495266596476235,1.925964117050171,2.4882535139719644,1.9664754470189412,3.1044400135676065,3.737966080506643,3.346849670012792,2.644841752946377,2.58980925877889,1.673162857691447,2.1946913252274194,2.1236802140871682,2.0586558977762857,1.5812218238910039,2.4132747848828635,2.090478591620922,2.9000489314397178,1.5465912818908691,2.914215167363485,2.6034996112187705
13.0,4.53594183921814,3.337129751841227,3.3343214988708496,3.548957904179891,4.391258875528972,5.399932146072388,4.900011698404948,4.284296989440918,5.286645730336507,2.4280722935994468,3.5164111455281577,3.452025373776754,3.4833168983459473,3.1989563703536987,3.213256279627482,4.778262615203857,3.545003890991211,2.314240058263143,3.540597597757975,3.730844418207804
14.0,4.8018514315287275,2.5675244331359863,3.9935174783070884,2.5102662642796836,4.745851198832194,5.213792165120442,5.558427015940349,4.7199374834696455,4.353607177734375,3.3701488971710205,4.06389856338501,3.6960166295369468,2.821769674619039,2.081674098968506,2.937929391860962,4.585811456044515,4.272985299428304,2.595606724421183,3.7055261929829917,4.002419153849284
15.0,1.4549861351648967,0.8616468906402588,1.0364633599917095,0.4865321417649587,1.0757520198822021,1.06271231174469,1.695379336675008,1.6848162810007732,2.1087404092152915,0.8699395060539246,0.9850928882757822,1.088559865951538,0.5404980182647705,0.8398644725481669,0.5596917072931925,1.8010788957277934,1.349887619415919,0.7095088760058085,1.8870588938395183,1.7248136202494304
16.0,1.5214155515034993,1.4461066126823425,1.2572911183039348,1.0053330858548482,1.6228365798791249,1.9386056065559387,1.2465084592501323,0.8350685040156046,-1.5058255592981975,1.0454630454381306,1.3855482737223308,1.3219700455665588,1.1498773594697316,1.0453646580378215,0.30534345904986065,-1.8495485881964366,-1.3780863881111145,0.603915219505628,1.1276226441065471,0.8998581965764364
17.0,2.7077647844950357,4.155697584152222,3.1140831311543784,3.303235908349355,2.7386106699705124,2.948695103327433,3.0959134101867676,3.2254582246144614,4.435352444648743,2.680648922920227,2.6623751322428384,2.531968037287394,3.486626704533895,3.58086966474851,4.586179773012797,3.8024442195892334,4.08673636118571,1.8257447878519695,2.5486888736486435,2.9321665366490683
18.0,0.526681532462438,1.0094499190648396,0.7526098589102427,0.544899066289266,0.553734133640925,1.1816966533660889,0.9825859268506368,0.5684451485673586,1.8664775292078655,0.35190220673878986,0.36992281675338745,0.3506738642851512,0.7027714649836222,0.6369256873925527,1.1682885885238647,1.928975780804952,1.1110595266024272,0.17254656553268433,0.3770827651023865,0.2649813840786616
19.0,1.122492457429568,1.4684176842371623,1.2681079283356667,1.4617105722427368,1.158339038491249,1.3189887404441833,0.873431404431661,0.7413926124572754,1.0908822019894917,1.0056631763776143,1.0992816984653473,1.3562482396761577,1.4695407549540203,1.4048141638437908,0.8637821873029073,1.279234806696574,0.8246026833852133,1.401140828927358,1.3622442483901978,0.6351077258586884
20.0,0.8096996943155924,0.36263813575108844,0.8136889934539795,0.683468222618103,0.7913119395573934,0.47404854496320087,0.24698846538861594,0.09952709078788757,0.4157222906748454,0.8213554620742798,0.7876307964324951,0.8687237103780111,0.23042084773381552,0.6444112062454224,2.0538979371388755,0.4780119260152181,0.6150448024272919,0.5969790617624918,0.8756354649861654,0.25832263628641766
21.0,3.5776551564534507,0.5842829545338949,2.4751511414845786,0.7218646705150604,3.2375866572062173,3.7842349211374917,3.9675327936808267,3.501483599344889,1.1267656087875366,2.2459570169448853,2.8379515012105307,2.8409957885742188,0.355369766553243,0.6484728554884592,2.1569146315256753,1.0905721584955852,1.7412889401117961,1.9574098189671834,3.288536310195923,3.259407122929891
22.0,3.5617458820343018,2.244109272956848,3.145966370900472,1.7554571231206257,3.4651501973470054,3.8868203163146973,3.6099294821421304,3.466036796569824,3.5585242907206216,3.134388049443563,3.4051713943481445,3.3444251219431558,1.4870479106903076,2.2138606309890747,3.031804839769999,2.838009516398112,3.3996073802312217,2.5884538491566977,3.4329872926076255,3.453874111175537
23.0,3.1916096210479736,1.5456592937310536,2.168476422627767,1.7737043102582295,2.865295728047689,3.539481004079183,4.160080591837565,3.8745714823404946,3.013063987096151,2.1086503664652505,2.7122186024983725,2.7680601278940835,1.7300370534261067,1.2214646538098652,1.671624332666397,3.1210596164067588,2.2125890254974365,1.983778715133667,3.0386545658111572,3.453378359476725
24.0,0.8553453286488851,1.2144804348548253,0.0421407421429952,0.2272065281867981,0.6982836325963339,0.4549744923909505,0.09817532698313396,0.33070679505666095,2.075051466623942,0.14883347352345785,0.6313471794128418,0.5834366083145142,0.5451500117778778,0.9241803834835688,1.3537233074506123,1.5095226963361104,1.2548333903153737,-0.32897329330444336,0.6910450458526611,0.6068208950261275
25.0,3.5994449456532798,1.3924843768278758,3.3614792029062905,1.3797589888175328,3.641556183497111,4.239859104156494,3.905358155568441,3.4643431504567466,1.9048916498819988,2.6503589948018393,3.1295838356018066,2.908952077229818,1.22103355328242,1.2901968657970428,0.5870679219563802,1.6196477214495342,0.32089340686798096,1.9079026381174724,3.0102599461873374,3.075159947077433
26.0,2.4967054526011148,2.7803611755371094,2.2160600423812866,2.923154870669047,2.5094730854034424,3.6988226572672525,3.143676002820333,2.077022989590963,2.499242901802063,2.0147221883138022,2.344490647315979,2.360760768254598,2.9368688662846885,2.563154379526774,2.4668588439623513,2.3599102099736533,2.495075742403666,1.6291153033574421,2.283856749534607,1.957290252049764
27.0,3.342325131098429,3.000653028488159,2.67280912399292,2.9576168855031333,3.221790393193563,3.2127246856689453,2.612753132979075,1.9570976793766022,3.3933987617492676,2.5428284804026284,2.96610426902771,3.0450948079427085,2.650965929031372,3.0972973505655923,3.2759639422098794,2.7528406778971353,2.699456214904785,2.443500598271688,3.249213139216105,2.313188592592875
28.0,2.0795459151268005,2.369412660598755,2.5416991114616394,2.0297331313292184,2.433691163857778,2.490298589070638,2.612298011779785,2.0560763676961265,1.9927721818288167,2.426703770955404,2.586737851301829,2.3068285981814065,2.0354908605416617,1.9343395829200745,1.914942701657613,2.1772952874501548,1.880825122197469,1.4290467699368794,1.491673469543457,1.2810155699650447
29.0,3.470385948816935,3.0087437629699707,3.1591037114461265,2.9772372245788574,3.185404817263285,3.958677132924398,4.233296235402425,4.032346725463867,1.4105756084124248,2.1833836138248444,2.270824134349823,1.9258839786052704,2.7860732078552246,2.9403557777404785,2.2331586678822837,0.9486745397249857,1.6689149339993794,1.236544410387675,2.7855559984842935,3.4136432806650796
30.0,2.183831741412481,1.1130189895629883,1.4731237490971882,2.138404607772827,2.077319676677386,2.4645529439051947,2.9739596048990884,2.5987117687861123,3.040482521057129,1.3732696374257405,1.909660165508588,1.8695873667796452,1.6086469292640686,1.6217182874679565,2.231586972872416,3.060399651527405,2.148145834604899,1.2371849219004314,2.074881593386332,2.262938380241394
31.0,1.1776333550612132,-0.31302698453267414,1.858525961637497,-0.7537095546722412,1.4892595609029133,2.0553503135840097,1.2815194924672444,0.8537684430678686,0.9423962235450745,1.052337408065796,0.9880106747150421,0.7448112964630127,-0.713279108206431,-0.22122802337010702,1.9790801306565602,0.456229289372762,0.8467271327972412,0.4060329695542653,0.9456670681635538,0.804898127913475
32.0,3.3698875506718955,1.6614952832460403,2.0415570437908173,0.9105569124221802,2.9629953503608704,2.717954471707344,3.020852009455363,3.013486663500468,1.7025920152664185,2.088310112555822,2.7412641644477844,2.900923569997152,1.1599904298782349,1.2761046687761943,2.5980891784032187,2.0278860926628113,2.611412525177002,2.2204355001449585,3.3332292238871255,3.2587180932362876
33.0,3.01617693901062,1.147849718729655,2.7035487492879233,0.9330220619837443,2.9426355759302774,4.094826062520345,3.8536502520243325,3.6614553133646646,1.046297589937846,2.2916512986024222,2.620813488960266,2.2912560204664865,1.1857985258102417,0.7897174755732218,2.5421142578125,0.9140686591466268,2.0760414203008017,1.4006286611159642,2.225410242875417,3.198236068089803
34.0,1.150304247935613,0.7309388369321823,1.4794599215189617,0.9532317717870077,1.2572148044904072,0.7428738474845886,0.4931952158610026,0.43150784571965534,-0.04407240947087606,1.2550848921140034,1.1486076215902965,1.0271981557210286,0.8242135730882486,0.7501097110410532,1.3260778387387593,0.2026969095071157,0.6066655516624451,0.41909748191634816,1.097870334982872,0.3798479239145915
35.0,5.251304944356282,3.3603229920069375,3.2414820194244385,4.294333219528198,4.426173766454061,5.29654328028361,5.336695512135823,5.306213617324829,6.231849114100139,2.7896618843078613,3.6883440017700195,3.672006289164225,3.7972240447998047,3.4901665846506753,4.859942475954692,6.253459294637044,5.868673165639241,2.4774782061576843,4.566630045572917,5.254586855570476
36.0,0.5477117200692495,0.9714160164197286,0.6289915243784586,1.0672179460525513,0.7080525780717531,0.8818920875589052,0.03996778527895609,-0.3190846840540568,-0.28430084387461346,0.8236149350802103,0.8273280560970306,0.9191946486632029,0.657538448770841,0.9098317623138428,0.9326595378418764,-0.3165899912516276,0.1061684787273407,0.7096340556939443,0.7039560129245123,-0.07265682021776836
37.0,2.0768640836079917,2.080487767855326,1.648007611433665,1.3062323033809662,1.9259206851323445,1.786573886871338,2.0583378871281943,2.1582033236821494,4.048063039779663,1.923164467016856,2.112402935822805,2.187340259552002,1.7166253924369812,1.4522192577521007,3.0024447043736777,4.176008701324463,4.412838776906331,1.6873789727687836,2.152644157409668,2.0633398294448853
38.0,4.156949361165364,2.6782413721084595,4.666104714075725,2.0842103958129883,4.986629962921143,4.113962650299072,3.697561184565226,3.202495574951172,4.076349099477132,4.398435990015666,4.884228706359863,4.273738622665405,2.5863524278004966,1.9083774089813232,1.5987079242865245,4.29927400747935,3.244983156522115,2.5821210543314614,2.7852609554926553,2.606324076652527
39.0,1.6869945923487346,0.08406818906466167,1.0656935622294743,-0.2217887838681539,1.6998668710390727,2.064793030420939,1.0421688159306843,0.7056700189908346,0.21551766991615295,0.9235430558522543,1.412185808022817,1.2847309907277424,-0.27918397386868793,0.020387843251228333,-0.1844742794831594,-0.24810757239659628,-0.26529157161712646,0.5275756617387136,0.9614705443382263,0.7868994275728861
40.0,2.6123776038487754,3.363888998826345,2.1236918767293296,2.813542236884435,2.2305524051189423,2.8370869209369025,3.544236660003662,3.9009788831075034,3.1393476178248725,1.6945891976356506,1.914387047290802,1.8355652888615925,3.0855745474497476,2.6584265430768332,3.080032467842102,2.974187652269999,3.3149704337120056,1.1643193165461223,2.6771135727564492,3.5201923847198486
41.0,0.9565182129542033,0.42678167422612506,0.44893622895081836,-0.07278361916542053,0.825661321481069,0.7033410420020422,0.6122442285219828,0.8062892158826193,0.8394234975179037,0.7152898609638214,1.0792312026023865,1.2190025647481282,0.2142892082532247,0.06327892343203227,1.7985727389653523,0.5819014112154642,0.7838802933692932,0.6844321216146151,1.3283387025197346,1.2399992619951565
42.0,3.3357012271881104,2.062730153401693,2.0835450887680054,1.9726036389668782,2.703143278757731,3.2393502394358316,3.149854222933451,3.404287815093994,1.4411123196283977,1.4180117050806682,1.969616174697876,2.0393938620885215,1.8843401670455933,1.8875445127487183,1.5030908584594727,1.4053564469019573,1.888696203629176,1.2355578243732452,2.9543445905049643,3.6609522501627603
43.0,3.5175181229909263,1.4610249598821003,2.0940802097320557,1.512479692697525,2.926996032396952,3.3041356404622397,4.325427293777466,4.332026322682698,2.3376640478769937,2.1896223227183023,2.6512267192204795,2.521515448888143,1.3192050407330196,1.7541071722904842,1.8196001450220745,2.1682775020599365,1.8299800554911296,1.17780868212382,2.823016107082367,3.8199572563171387
44.0,2.151127407948176,0.9136985590060552,1.4562283953030903,1.036806543668111,1.6881372953454654,1.900039255619049,2.3471922973791757,2.7136452396710715,2.4308666388193765,1.6224822054306667,1.6638010690609615,1.6627847949663799,0.7861510316530863,1.445024053255717,0.9065293272336324,2.1185851097106934,1.642066975434621,1.0162957111994426,2.2050269146760306,2.778109605113665
45.0,1.6588656504948933,1.393154541651408,2.351295073827108,1.614314079284668,2.0296712716420493,2.032431205113729,1.0671117380261421,0.69395379225413,1.5387558937072754,1.9280659755071003,2.069882392883301,1.8409213225046794,0.8742307275533676,1.7691495418548584,1.3228762944539387,1.88945734500885,0.93476469318072,0.8677921891212463,1.54511562983195,0.9966723223527273
46.0,1.9954350690046947,1.5425061881542206,0.7928182681401571,1.2440158029397328,1.409212589263916,1.44693124294281,2.051253914833069,2.5453348954518638,1.0441346168518066,0.8282616138458252,1.170211911201477,1.31061057249705,1.6095486283302307,1.2121322353680928,0.928305963675181,1.4143832127253215,1.691966950893402,0.7529271841049194,2.0880134999752045,2.599009354909261
47.0,2.226907253265381,1.0678846041361492,0.8870551437139511,1.0078218777974446,1.6340369830528896,2.460175116856893,2.915420095125834,2.968110427260399,1.744919776916504,0.7407670617103577,1.219976137081782,1.3459777136643727,1.0699291229248047,1.0089256763458252,0.6496554613113403,1.947565237681071,0.9514369964599609,0.8409178753693899,1.846540629863739,2.5116868019104004
48.0,4.1043985684712725,3.0572477181752524,3.6979180177052817,3.0487106243769326,4.211580594380696,3.665151675542196,3.103249500195185,2.7650569081306458,4.429308891296387,3.6355411211649575,4.1666483879089355,4.029312610626221,2.8959075609842935,2.8972884813944497,2.953989585240682,4.035236835479736,3.464037378629049,2.666218360265096,3.6968867778778076,3.0442553758621216
49.0,2.8713572025299072,1.89431527753671,2.346362888813019,1.9086781442165375,2.7582879066467285,2.612542152404785,2.988788922627767,3.188858469327291,2.5300230582555137,2.208893140157064,2.5124666690826416,2.3623507022857666,1.9075120588143666,1.9461461702982585,2.798915386199951,2.1912830670674643,2.684687539935112,1.3978011707464855,2.170288642247518,2.627157231171926
50.0,4.785298903783162,3.678764979044596,3.1985605160395303,3.3888163566589355,4.643605629603068,4.333624680836995,4.215620597203572,3.8797863324483237,4.8592209815979,2.7426206469535828,3.749689976374308,3.515374263127645,3.645827531814575,3.0019317865371704,2.9292596578598022,4.814719041188558,4.1168293952941895,2.2390121618906655,3.464790105819702,3.36478328704834
51.0,1.5594244400660198,2.3494921127955117,0.08422730366388957,2.4814228216807046,0.8421478569507599,1.0660549675424893,1.6071651577949524,1.9703452785809834,1.484498289724191,0.3466302951176961,0.6939846922953924,0.8278134862581888,2.5950344800949097,1.9696238438288372,2.070009750624498,1.3526721398035686,1.7449663976828258,0.15899687508742014,1.5060325662295024,1.7543572783470154
52.0,4.0149679978688555,2.901456077893575,2.3437949419021606,2.4128403464953103,3.2059317032496133,4.32330306371053,5.407804489135742,5.587508996327718,3.6091151237487793,1.4488789240519206,2.172966639200846,2.068639854590098,2.3865922888120017,2.842313011487325,2.730488936106364,3.3326756159464517,3.2185176809628806,1.4646387497584026,3.4803581635157266,4.769890149434407
53.0,3.262320597966512,1.5319409569104512,1.5975278615951538,1.9147223631540935,2.927103042602539,3.357106844584147,2.5825483004252114,1.7820411523183186,-1.1330731113751729,1.8012748161951702,2.5423566500345864,2.5635173320770264,1.6281148046255112,1.3890016476313274,-0.42409714063008624,-1.1512676974137623,-1.2705923318862915,1.4755505522092183,2.4259374539057412,2.027296702067057
54.0,3.858934005101522,2.445507566134135,3.263015031814575,2.2221351166566214,3.5789266427357993,3.7436561981836953,4.594006220499675,4.602552572886149,4.183595101038615,2.9702451626459756,3.268543084462484,3.0400497118631997,2.4110622902711234,2.0478094021479287,3.7394776940345764,3.822747270266215,4.598657925923665,2.127885123093923,3.5491382280985513,4.394808530807495
55.0,3.5733888149261475,4.165664434432983,3.210307995478312,3.8804358641306558,3.67281707127889,3.702681382497152,3.8772422472635903,3.5222860177357993,3.275158405303955,3.2180381615956626,3.5455177625020347,3.326065460840861,4.2839094797770185,3.009806752204895,1.9241727590560913,3.1095641056696572,2.644460837046305,2.420332113901774,3.0790785948435464,3.084482987721761
56.0,3.6877779960632324,1.7943775653839111,2.4371277491251626,1.6215994755427043,3.256052255630493,3.0778403282165527,3.4073193073272705,4.081760406494141,3.335800131162008,2.687230666478475,3.294011950492859,3.3078781366348267,1.4563804467519124,1.6439959208170574,2.6487017472585044,3.5732105573018393,2.765125254789988,1.9810791214307149,3.175735274950663,4.023649454116821
57.0,1.679585615793864,1.5631670355796814,0.8789627949396769,2.1419571240743003,1.4461673746506374,2.1699548165003457,1.889673888683319,1.6321531335512798,0.920794685681661,0.8729970753192902,1.1919844051202138,1.3822621951500575,2.1883618036905923,1.6120882232983906,1.4456887046496074,1.1579062541325886,1.851468230287234,1.3286617957055569,1.6393331897755463,1.6630093653996785
58.0,1.7744802633921306,2.349247674147288,1.9295488993326824,1.0222320159276326,2.203142444292704,1.6506294409434001,1.011318325996399,0.5467116932074229,3.0168797175089517,2.3368659814198813,2.537348429361979,2.3299479881922402,1.4017530878384907,1.7996602207422256,1.5659948885440826,2.958297769228617,2.690556357304255,1.46755317846934,1.2757701873779297,0.41483787695566815
59.0,1.7016022205352783,1.1864554087320964,1.5049676994482677,1.0185261368751526,1.4619642943143845,2.1376288731892905,1.7869566679000854,1.9844643672307332,2.0619932214419046,0.7492809891700745,0.8547336657842001,0.7143878738085429,1.0299469530582428,1.1973680903514226,1.7403237024943035,2.2548516591389975,2.191021998723348,0.20072205861409506,1.4349454641342163,1.9671608606974285
60.0,2.2131018241246543,1.9450266361236572,1.5007668336232503,1.8377214074134827,2.1542365153630576,2.065010646979014,1.777670641740163,1.84080974260966,1.6952243844668071,1.2164728045463562,1.7106369733810425,1.584642767906189,2.0124894777933755,1.5109043916066487,1.7305242419242859,1.3915239870548248,1.5891178448994954,0.9240043958028158,1.748813549677531,2.1272559563318887
61.0,1.9828739166259766,0.4990282952785492,1.831760048866272,-0.3328084548314412,1.891180435816447,2.7003840605417886,2.9932408332824707,2.5578920046488443,2.320215110977491,1.4821883837382,1.6829388936360676,1.580999453862508,-0.3892229000727336,0.19433516015609106,2.12693985303243,2.8336254755655923,2.9668546120325723,1.089046597480774,1.7315558592478435,2.095991293589274
62.0,3.2422779401143393,0.929109255472819,2.1694607734680176,1.186504065990448,2.9296268622080484,3.2170254389444985,2.785332123438517,2.657929261525472,2.255826855699221,1.8728314240773518,2.558901786804199,2.5826743046442666,1.1124927004178364,0.6532039841016134,1.5696779787540436,1.7694141864776611,1.5352093776067097,1.656382883588473,2.9277665615081787,2.7881507873535156
63.0,3.483630418777466,2.3554429610570273,2.777812878290812,2.4118803342183432,3.429753621419271,3.595012664794922,3.2517550388971963,2.6410702069600425,3.7809786200523376,2.7100701332092285,3.4839980602264404,3.550942341486613,2.06829833984375,2.455456813176473,3.8441644509633384,3.7597289085388184,4.798993666966756,2.1395407716433206,3.509706974029541,2.555416723092397
64.0,0.7615033785502116,1.3906702200571697,1.9300378561019897,1.840364138285319,1.1806269884109497,1.5318525234858196,0.38853804270426434,0.17804386218388876,-0.1639836629231771,1.3056579033533733,1.0859498977661133,0.9088108340899149,1.5086864233016968,1.6515567700068157,1.1099627017974854,0.08372104167938232,0.3753683964411418,0.5648465752601624,0.6241701245307922,0.4981697003046672
65.0,6.837671756744385,5.9811709721883135,5.949752966562907,5.361550569534302,7.0016835530598955,6.550511519114177,7.008248170216878,6.530673185984294,8.002565066019693,5.270857810974121,6.363332748413086,6.192972183227539,6.2028225262959795,4.422983646392822,6.590534369150798,8.268247763315836,7.775612831115723,4.461178461710612,6.031356652577718,5.709239482879639
66.0,1.4066438674926758,1.1529995923240979,0.4085044860839844,0.65705939133962,0.7064124047756195,1.9205742677052815,1.9932760000228882,1.83168363571167,2.0695897539456687,0.3377034018437068,0.5479234457015991,0.8249320487181345,0.857913076877594,0.9764143029848734,1.8163772026697795,1.8408084710439045,1.881972352663676,0.7033969958623251,1.832426945368449,2.139516512552897
67.0,2.478121598561605,2.19321342309316,2.010493000348409,2.2323938409487405,2.5326013962427774,2.430444677670797,2.8660091559092202,2.430388847986857,4.099613110224406,1.909631609916687,2.41692324479421,2.3155083656311035,2.097863351305326,2.058479924996694,4.163390159606934,4.260234832763672,4.526484727859497,1.5458699067433674,2.2640727361043296,2.2060582637786865
68.0,4.373934110005696,2.5667478243509927,2.9137430985768638,2.6047072807947793,3.9022504488627114,5.0768468379974365,4.714788834253947,4.56121293703715,5.308371941248576,2.1499379873275757,3.0572338104248047,3.024696469306946,2.410527547200521,2.5464955965677896,4.099874337514241,4.6879353523254395,3.4891781012217202,2.2093587517738342,3.6270548899968467,4.4761966069539385
69.0,2.3382147947947183,2.1366702914237976,1.4854187369346619,1.2020042737325032,1.9033269633849461,2.584600845972697,2.3626637061436973,2.1669089794158936,3.4285897413889566,1.4106920560201008,1.7068969706694286,1.8538876970609028,1.2456112305323284,1.7399081587791443,2.1992889841397605,3.085967699686686,2.405637264251709,1.3171127239863079,2.466664652029673,2.1914285818735757
70.0,4.689438343048096,1.9906495809555054,2.952833414077759,2.7527164220809937,4.272839228312175,4.241000811258952,5.049040953318278,4.688610394795735,4.797479788462321,3.2726023197174072,3.989105701446533,3.8959712187449136,1.4235684374968212,3.0320492585500083,4.840679327646892,4.180968284606934,4.204990069071452,2.95922589302063,3.9452850818634033,4.280319372812907
71.0,5.782759348551433,3.951183636983236,4.09363849957784,3.6228394508361816,5.252944628397624,6.742787679036458,6.417142868041992,5.8963623046875,5.597631136576335,3.6826024651527405,4.641486247380574,4.716827313105266,3.706128795941671,3.8327799638112388,4.3269050518671675,5.364063421885173,4.710130373636882,3.780749956766764,5.112423022588094,5.507541179656982
72.0,1.185044248898824,1.0800786018371582,1.1672988682985306,0.7092422743638357,0.9657478729883829,1.413766344388326,1.285954753557841,1.2599957982699077,2.2018009424209595,0.7308237105607986,0.7858443011840185,0.8868345220883688,0.8355502486228943,0.8799050450325012,1.2842894196510315,1.8118246495723724,1.9114588697751362,0.7922387619813284,1.411435842514038,1.442656546831131
73.0,3.4953389167785645,2.1234095891316733,3.003567020098368,2.4359782536824546,3.600696007410685,3.3827923933664956,2.5607234636942544,2.4967635671297708,5.677854537963867,3.1845994790395102,3.6334381898244223,3.598417361577352,2.398884574572245,2.1373300552368164,3.132224758466085,4.8338914314905805,4.013301392396291,2.7966880400975547,3.1103358268737793,2.693060060342153
74.0,2.182339608669281,0.2891443471113841,1.1865101059277852,1.011613925298055,1.8155257801214855,2.581910729408264,2.4808732668558755,2.6308947006861367,0.584205724298954,0.7048704127470652,1.1497851361831029,1.166568639377753,0.5201636155446371,0.654050370057424,0.4983292619387309,0.5102094188332558,0.6566688617070516,0.6021198829015096,1.7219661970933278,2.275369038184484
75.0,3.4295972188313804,0.19334463278452554,1.8039616346359253,0.9220695892969767,2.482296586036682,3.711256742477417,4.605294386545817,5.0411726633707685,2.8319971164067588,1.3926680833101273,1.852080225944519,1.8903292814890544,0.4908878008524577,0.34469906489054364,1.7568106055259705,3.431573828061422,2.8092435002326965,1.1451199849446614,3.212074597676595,4.620594580968221
76.0,2.160031716028849,2.000037650267283,1.8224482933680217,1.9365392525990803,2.063031554222107,1.5836942394574482,1.515836959083875,1.6626855830351512,1.4719452460606892,1.5237099329630535,1.8336814244588215,1.6524010300636292,1.7767728169759114,1.7965131004651387,0.676867683728536,0.9279113610585531,0.23180023829142252,0.5988733967145284,1.8252685864766438,1.8480175733566284
77.0,2.0846890608469644,0.6391727129618326,1.3538100719451904,0.6612671415011088,1.755570888519287,2.0650917092959085,2.551775415738424,2.722664055724939,2.6539413034915924,1.332285185654958,1.624646782875061,1.7476764917373657,0.8078669706980387,0.5258024136225382,1.3113865852355957,2.816153441866239,1.3840306202570598,0.9040687878926595,2.4190197189648948,2.616514418584605
78.0,0.938058098157247,1.2800403783718746,0.7905999720096588,1.4643364350001018,0.9209508299827576,1.3739481767018635,0.9025714993476868,0.8983910083770752,2.6908225218454995,0.4745204920570056,0.8384707892934481,0.8696028689543406,1.5012384255727131,0.9650153120358785,2.1826502084732056,2.0423711935679116,2.452235778172811,0.46249247590700787,1.1641314029693604,1.2188639243443806
79.0,1.7013278131683667,1.6700262626012166,1.830600341161092,1.185814122358958,1.7498285360634327,2.9590885241826377,2.367431362469991,1.9832285046577454,2.3641797304153442,1.4973392188549042,1.4983279307683308,1.3362144629160564,1.6259922782580059,1.0934379597504933,3.1295901934305825,2.2245080967744193,2.702226400375366,0.9533215972284476,0.9235959351062775,1.4822802642981212
80.0,3.2393612066904702,0.9224429925282797,2.9345560868581138,1.3252989252408345,3.0891016324361167,3.871241887410482,3.806586424509684,3.4719266096750894,2.813916653394699,2.3648590743541718,2.796294331550598,2.6823230584462485,0.6922353506088257,1.6013830105463664,1.728445569674174,2.8220873276392617,1.8342718680699666,1.4226546436548233,3.182718833287557,3.1997472842534385
81.0,0.45108524958292645,0.3393494288126628,1.7403173645337422,-0.11657253404458363,0.8394104639689127,1.3107081651687622,0.6404151519139608,0.12436145792404811,0.7386782566706339,1.0865193357070286,0.8827819476524988,0.8025448520978292,-0.05549092094103495,0.2100086212158203,1.9806001981099446,0.7582682371139526,1.5570488373438518,0.7078334937493006,0.7625706990559896,0.15399874250094095
82.0,1.76935609181722,1.1378908157348633,0.8679466545581818,1.2980977694193523,1.6714974443117778,1.5647257566452026,1.4893566767374675,1.3711558977762859,1.7070229426026344,0.7880282724897066,1.3141356706619263,1.181935727596283,1.3890864849090576,1.114296317100525,2.3718643436829248,1.2680027683575947,1.9906826416651409,0.4075156052907308,1.2792075673739116,1.325521171092987
83.0,4.760751485824585,3.4912660916646323,3.552109400431315,3.281774401664734,4.212582906087239,5.79604705174764,6.982119878133138,6.632982889811198,4.5202804406483965,2.527482787768046,3.1718197663625083,2.7851681311925254,2.897510588169098,3.539505203564962,3.2183621724446616,4.676681756973267,3.611088236172994,1.3281498750050862,3.6281463305155435,5.387100060780843
84.0,1.4098284244537354,1.6734429399172466,1.718643844127655,1.5200120011965434,1.4944707949956257,1.7930830319722493,0.6561164061228434,0.6338275671005249,1.3103326956431072,1.4103271961212158,1.301642636458079,1.3016161521275837,1.838619073232015,1.1151617119709651,0.20153328279654184,1.5089339315891266,0.9031026164690653,1.2591806252797444,1.2927154898643494,1.1894440402587254
85.0,3.5187105337778726,4.537846485773723,3.0734736919403076,4.6187489827473955,3.5282274087270102,3.5966545740763345,3.3986902236938477,3.3988591035207114,3.605123519897461,2.8686978816986084,3.2126216888427734,2.9975301027297974,4.50112787882487,4.104803482691447,3.1291398207346597,3.568422238032023,3.7521021366119385,1.9565628170967102,2.732032855351766,3.2530006965001426
86.0,2.3271665573120117,1.0503517985343933,2.453368385632833,1.1162770589192708,2.264491935571035,3.0263113180796304,2.71726123491923,2.596752921740214,1.8756441275278728,1.7828282515207927,1.8154154618581135,1.6140634914239247,1.3735746542612712,0.6142908458908399,0.7815467665592829,1.873576283454895,1.667780299981435,1.102955977121989,1.8079200585683186,2.3057459394137063
87.0,3.1205453077952066,1.668140172958374,4.033545970916748,1.4474824915329616,3.6028576691945395,3.64407487710317,3.9489028453826904,3.505471626917521,2.2527061899503074,3.1139446099599204,3.2594717343648276,2.762868563334147,1.4056841830412548,1.3081926107406616,2.2047987580299377,2.403654153148333,1.7310640811920166,1.7196842829386394,2.5970396598180137,3.073813279469808
88.0,3.0845064719518027,1.4866095781326294,3.3423093954722085,1.1019591689109802,3.300365765889486,3.9236807823181152,3.723577857017517,3.0484943787256875,2.556671977043152,2.6568852265675864,2.88310976823171,2.592891494433085,1.402057707309723,1.2559887568155925,1.5654276410738628,2.8402108351389566,1.7706365585327148,1.978929917017619,2.588178515434265,2.4440764586130777
89.0,3.135063807169596,1.3298427263895671,2.6784752209981284,1.032415121793747,2.976672967274984,2.8771551897128425,3.273819367090861,3.3714869022369385,1.7770060300827026,2.137936313947042,2.5253494580586753,2.2634092569351196,1.2803345918655396,1.0261996785799663,1.0328425640861194,1.8370845119158428,1.544601211945216,0.9997308850288391,2.642205238342285,3.030193249384562
90.0,1.2268079618612926,0.08707670370737712,1.033821960290273,0.16922450562318167,1.3900018632411957,0.7424921194712321,0.2378722776969274,0.75852104028066,-0.06489315629005432,0.5953217546145121,0.9095249970753988,0.5596473713715872,-0.015357439716657003,0.3397533694903056,0.023454442620277405,0.30701948205629986,-0.6478026111920675,-0.2176783780256907,0.5787737419207891,0.7243183851242065
91.0,4.508886893590291,4.283132314682007,3.251293102900187,3.7032946745554605,4.023982842763265,4.143748998641968,4.84592326482137,5.099400997161865,4.922741254170735,3.2885144551595054,3.7359623114267984,3.5744730631510415,4.053004662195842,3.9241804281870523,3.955300728480021,4.618014494578044,4.068964799245198,2.056544542312622,3.793619950612386,4.273338794708252
92.0,2.0292386412620544,0.3582768440246582,2.3494320710500083,-0.0056261420249938965,2.2282633682092032,2.1806942224502563,2.7712836066881814,2.7702778577804565,-1.1752136945724487,2.38804562886556,2.3608841001987457,2.0058941344420114,-0.15819938977559408,0.5482233862082163,0.8727688590685526,-1.3765189250310261,-1.1117534240086873,1.2629256844520569,1.310649534066518,2.503549655278524
93.0,6.08850638071696,5.566267649332683,4.900446891784668,5.313248157501221,5.8697560628255205,6.587059497833252,7.189401626586914,6.77268918355306,5.834035396575928,4.411891937255859,5.181096235911052,4.881663163503011,5.529629627863566,4.439999421437581,5.714268287022908,4.925982236862183,5.527271827061971,3.5797788302103677,4.86081075668335,5.770016988118489
94.0,4.6749536991119385,2.9980506896972656,2.834797223409017,3.622624476750692,4.161374092102051,4.7761185963948565,3.8665831089019775,3.5740641752878823,3.9626375834147134,1.7859513560930889,2.802311738332113,2.7420668999354043,3.3902692397435508,2.7868574062983194,4.3419599533081055,3.7313289642333984,4.62392528851827,1.753016511599223,3.9997595945994058,3.897367318471273
95.0,3.4691952069600425,1.9037150144577026,2.5680062770843506,1.3510659138361614,3.3177751700083413,2.7574933767318726,2.605538288752238,2.4560927549997964,3.1726815700531006,2.523025631904602,3.0694735050201416,2.9260149002075195,1.4312790632247925,1.5432165265083313,3.1972734928131104,3.1856954097747803,3.3713533878326416,1.7714730501174927,3.269778251647949,2.7337111632029214
96.0,2.8492623964945474,2.784646908442179,2.6187484661738076,1.6861870686213176,2.9160914421081543,2.6776705384254456,2.780469278494517,2.3612447579701743,2.853697101275126,2.015419602394104,2.587801973025004,2.5303261280059814,2.2396406332651773,1.9457224607467651,2.139547348022461,3.1536899407704673,2.456433892250061,1.5588435729344685,2.6578537623087564,2.0039603312810264
97.0,1.8992566267649333,2.448330521583557,1.9830294450124104,1.9617000023523967,1.6657885511716206,2.3379222253958383,2.1321836709976196,1.9981198112169902,1.925973931948344,1.1811931133270264,1.200038065512975,1.1148518919944763,2.3499200344085693,1.9856172402699788,0.9775829712549845,2.2258227268854776,2.0582609375317893,0.6208355153600374,1.8881552616755168,2.195947209993998
98.0,2.1108233531316123,2.3599787950515747,1.5029800633589427,1.8400724331537883,1.890977720419566,2.3567708333333335,2.265270988146464,2.2074509461720786,0.5728025039037069,1.1407367587089539,1.5697651108105977,1.513071318467458,2.5371174812316895,1.6873927116394043,0.868074357509613,0.9867546757062277,0.05674819151560465,0.7761801704764366,1.9211464325586955,2.217909574508667
99.0,3.0474902788798013,2.320908268292745,2.464960296948751,2.001287817955017,2.742721597353617,2.6797391176223755,2.978236198425293,3.044895609219869,0.5416620175043741,1.5603557030359905,1.974195420742035,1.8522099653879802,2.2038398583730063,1.9708379904429119,0.3364431858062744,0.9039274454116821,0.4113897879918416,0.9694401522477468,2.8447996775309243,3.1603830258051553
100.0,2.187367637952169,0.4626738006869952,2.1224867403507233,0.5818837583065033,2.1233620246251426,1.9516212940216064,2.000749801596006,1.8649610330661137,0.7027671734491984,1.7786529064178467,1.9819543759028118,1.9737035830815632,0.8463341395060221,0.1954459585249424,0.1774156093597412,0.3187220295270284,1.0606108432014782,1.5371113146344821,2.284247020880381,2.028115173180898
101.0,2.3796260555585227,1.2437946895758312,1.6421990990638733,1.3762824138005574,2.269843856493632,2.6099027395248413,2.514582792917887,2.394983490308126,2.1317710876464844,0.7756717602411906,1.403349866469701,1.2461447417736053,1.0478731195131938,1.54395987590154,0.9326899101336797,2.2874395847320557,0.9021733204523722,0.5647120028734207,1.6193246593077977,2.083865463733673
102.0,2.1187982161839805,0.9987128525972366,1.7049214839935303,0.35399385293324787,1.749875823656718,2.45028547445933,2.918877363204956,3.09282652537028,2.3953701655069985,1.506700038909912,1.5568711757659912,1.477788766225179,0.6284461418787638,0.6305266618728638,1.6565937797228496,2.2833698292573295,1.936951329310735,0.9984579881032308,2.005725145339966,2.7866435845692954
103.0,3.7565521001815796,3.128859361012777,3.3797343174616494,3.228843371073405,3.712934692700704,4.031601031621297,4.225997686386108,3.785637060801188,2.154424170653025,2.7818403442700705,3.0644014477729797,2.695430596669515,3.1696800788243613,2.7786425352096558,3.580683430035909,2.299830694993337,3.4858395755290985,1.6569345990816753,2.8203568855921426,3.222477436065674
104.0,2.0679280757904053,-0.030771027008692425,2.586239298184713,0.02253146966298421,2.36784835656484,1.3983432054519653,0.827743281920751,1.0125715831915538,3.180049479007721,2.4703572591145835,2.432496746381124,2.220130076011022,-0.01276893417040507,0.0329283078511556,2.7008833487828574,3.039971133073171,3.9400175412495932,1.5897607803344727,1.640650525689125,1.3808938066164653
105.0,2.3026859362920127,1.8232762217521667,2.780459592739741,1.7263766924540203,2.381410320599874,2.4916626612345376,2.5548903942108154,2.5465709567070007,2.9707866609096527,2.328716297944387,2.3110214273134866,1.9838512738545735,1.3409486214319866,2.0227739016215005,2.5001275539398193,2.9077316919962564,2.179444372653961,1.124609112739563,1.9147422909736633,2.4830216616392136
106.0,2.789473215738932,0.4829586942990621,2.599587380886078,1.0334275960922241,2.8007075786590576,3.091407895088196,3.1561508576075235,2.9045855502287545,2.202391932408015,2.4665119647979736,2.754804015159607,2.669461170832316,0.7990392049153646,0.5023863514264425,-0.5516444146633148,2.139773632089297,0.6366618076960245,1.6716644565264385,2.377792716026306,2.428544362386068
107.0,2.466946522394816,0.7827465732892355,2.211210938791434,1.1558529734611511,2.460885683695475,3.032128016153971,2.659103592236837,2.266088455915451,3.023087978363037,2.4379672606786094,2.690791646639506,2.6872692902882895,1.1861287951469421,0.7768567204475403,2.7846959034601846,3.209298014640808,3.3031259377797446,1.6647226413091023,2.496994058291117,2.12993922829628
108.0,3.874540090560913,1.6276270945866902,2.8922623793284097,1.0150272250175476,3.737512191136678,4.003157615661621,3.490281581878662,3.3199318250020347,1.3202718396981556,2.2413369019826255,3.0226328372955322,2.9103344281514487,1.368619163831075,1.067049069950978,1.4658383851250012,1.591284155845642,1.1658379236857097,1.65024995803833,3.4495484828948975,3.358154296875
109.0,3.7419180075327554,3.0271476109822593,3.365440845489502,3.185399293899536,3.7918097178141275,4.295287609100342,3.815789779027303,3.3632003466288247,1.9366204341252644,2.6976281801859536,3.2093726793924966,3.0359211365381875,3.5995864073435464,2.5202152729034424,1.2584633827209473,2.2032803297042847,1.5896076957384746,2.2209083835283914,3.0075531800587973,3.157369613647461
110.0,5.21849250793457,2.333555301030477,3.6354791720708213,2.2990010380744934,5.0361221631368,5.222194751103719,5.538030942281087,4.944902420043945,3.1755642692248025,2.749148885409037,4.018440246582031,3.6247530778249106,2.080521543820699,2.4674706061681113,2.759490743279457,3.4705022970835366,3.3761544475952783,1.4850293795267742,3.95877997080485,4.381222565968831
111.0,4.124825080235799,2.4782087008158364,1.7413485050201416,2.4661476612091064,3.146994630495707,2.8029817740122476,3.082327047983805,3.9215190410614014,2.703395128250122,1.7992243766784668,2.7627906799316406,2.920156995455424,2.9593425194422402,2.025019884109497,2.6309821605682373,2.7184811433156333,3.241202195485433,1.5568124055862427,3.811123847961426,4.223223686218262
112.0,5.106401999791463,4.54355001449585,4.467142581939697,4.560316721598308,4.939217249552409,5.94700026512146,6.165567715962728,5.304941972096761,5.841266473134358,3.9455275535583496,4.644821882247925,4.553485155105591,4.387111822764079,4.23356564839681,5.772368272145589,5.681398868560791,6.396575450897217,3.241128126780192,4.561567862828572,4.5620527267456055
113.0,2.1551364262898765,2.8056238492329917,1.6072601477305095,2.28587543964386,1.910894552866618,2.7969940503438315,2.242827574412028,2.0010518232981362,2.2071726322174072,1.3811705907185872,1.6512194474538167,1.8297280470530193,2.6661659479141235,2.346854050954183,1.3953205744425456,2.136681834856669,1.496670166651408,1.6940593719482422,2.062726855278015,2.0520086685816445
114.0,2.2493584156036377,1.0896817197402318,1.8727164268493652,1.155321662624677,2.2431787649790444,3.1924819151560464,3.2953406969706216,2.411575118700663,0.5739381064971288,1.0553208490212758,1.4742426872253418,1.325842022895813,1.4465880393981934,0.8754573464393616,0.7732292314370474,1.0147329072157543,0.8059570093949636,0.7845040249327818,1.7003008127212524,1.6030574192603428
115.0,2.285569667816162,1.026558756828308,1.265079935391744,0.5099822382132212,1.8317752679189045,2.2568685561418533,2.5778492093086243,2.7757041652997336,0.6062714929382006,1.2158637444178264,1.5613141854604085,1.4629343748092651,0.7898643811543783,0.868131048977375,1.7471084569891293,0.8189079364140829,1.3066966732343037,0.6193718214829763,1.8322676221529643,2.4147843420505524
116.0,5.941549460093181,3.914433479309082,4.031623363494873,3.574201782544454,5.297305266062419,5.452365875244141,6.691125869750977,6.5454325675964355,5.499359607696533,3.2576080163319907,4.073309580485026,3.7844870885213218,3.8479907512664795,3.5433286825815835,4.774748802185059,5.0355485280354815,5.5989460945129395,2.427795648574829,4.826397736867269,5.812344233194987
117.0,2.1015195349852243,2.7819993098576865,2.5155882835388184,2.4427490631739297,2.397702177365621,2.3251037001609802,2.4102872411410012,2.1357112924257913,2.3492955366770425,2.1561484932899475,2.270395835240682,2.0927700102329254,2.5522326628367105,2.2957895199457803,1.6744384765625,3.0916252930959067,2.3483991225560508,1.3917982081572216,1.6865966419378917,1.5879111588001251
118.0,2.5609215100606284,0.7268474499384562,2.686746597290039,1.0975873072942097,2.6305503845214844,2.7843387126922607,2.2141937812169394,2.1326829195022583,1.1585741837819417,2.408128579457601,2.784207503000895,2.7771379947662354,1.0889896949132283,0.7367711365222931,1.713804304599762,1.5642559727032979,1.1446026961008708,1.9067700703938801,2.4703948497772217,2.2288745244344077
119.0,6.169720490773519,6.0761081377665205,4.396564324696858,5.705385605494182,5.9454372723897295,7.2276387214660645,6.948241233825684,5.8701558113098145,7.261662006378174,3.550541877746582,4.778389930725098,4.650691191355388,5.640964190165202,5.566230138142903,6.37951135635376,6.97872797648112,6.291398525238037,3.3682982126871743,4.8352376619974775,5.014835198720296
120.0,3.379317839940389,4.449927965799968,3.0854995250701904,3.531029383341471,3.304949680964152,4.566061655680339,4.2862928708394366,3.5535247723261514,3.2730968793233237,2.6414523124694824,2.996555050214132,2.9622495969136557,4.334956248601277,3.389586925506592,4.023170232772827,2.3946959575017295,2.80436901251475,2.386645793914795,2.9752379258473716,3.130341053009033
121.0,4.199930667877197,2.510836124420166,2.6043573220570884,2.1743757724761963,3.6678945223490396,4.881962696711223,6.3203989664713545,5.844990094502767,2.496648589769999,2.0132567485173545,2.789962371190389,2.7029632727305093,2.128688097000122,2.172490040461222,1.9127157926559448,2.666353225708008,2.019115765889486,1.7870600819587708,3.438121795654297,4.634283463160197
122.0,1.8971688350041707,3.613628625869751,1.8053343892097473,2.477023124694824,1.7517240444819133,2.825174937645594,3.071741203467051,2.9976605623960495,2.7737714449564614,1.5024660130341847,1.5136367479960124,1.3517705996831257,2.9710994561513266,2.962361494700114,3.6103310585021973,2.421666701634725,3.579389731089274,0.8302233219146729,1.3920353253682454,2.7150851686795554
123.0,5.641894817352295,4.6917089621226,4.475128173828125,4.110582590103149,5.541244983673096,5.30034859975179,6.3453443845113116,6.27140744527181,6.227533022562663,4.642093817392985,5.523496309916179,5.492041269938151,4.87156065305074,3.6711544195810952,5.460799694061279,6.191601276397705,6.240857124328613,4.46088719367981,4.811471303304036,5.3867081006368
124.0,2.1204089323679605,1.2528564383586247,2.665279316405455,1.1860296726226807,2.425585369269053,2.6413288513819375,2.2158016661802926,1.7441902458667755,3.545132637023926,1.8136894305547078,2.065026601155599,1.9609305063883464,1.3662524508933227,0.8669129014015198,1.4956717491149902,4.2350650032361346,2.35213832060496,1.386893371740977,1.955754001935323,1.4437710419297218
125.0,3.9647532304128013,1.9740537802378337,3.387068033218384,2.0391823053359985,3.8391847610473633,3.9864068826039634,3.713096857070923,3.4708595275878906,4.3579831918080645,3.2176501750946045,3.6332907676696777,3.374973773956299,1.564452052116394,2.031165520350138,3.153328021367391,4.997135241826375,4.107982953389485,2.1678494612375894,3.205279588699341,3.2282490730285645
126.0,1.8977667490641277,2.047862261533737,1.5248081684112549,1.358785092830658,1.6641403039296467,1.3041219810644786,2.178730527559916,2.3208442529042563,2.8504230976104736,1.8109786907831829,1.7476581533749898,1.6749794880549114,1.4042127033074696,1.8607455690701802,2.1749132871627808,2.87804114818573,2.2385698755582175,1.217753529548645,1.869657317797343,2.205362598101298
127.0,3.81467142701149,2.8247931400934854,3.554252862930298,3.072821537653605,3.8027149563034377,3.2438763777414956,3.587223847707113,3.47569473584493,3.498118758201599,2.7892744143803916,3.0808914502461753,2.7448180516560874,2.8957212766011557,2.5226335922876992,2.462154189745585,3.7349485953648887,3.515549977620443,1.8442767982681592,2.855443855126699,3.014526049296061
128.0,1.3156920870145161,1.534149428208669,1.1596996784210205,0.9875187476476034,1.3695138891537983,1.8717530568440754,1.3619444370269775,1.212742308775584,0.859158476193746,0.9239548047383627,1.3953811923662822,1.411230742931366,1.0118852456410725,1.3266459306081135,1.903876543045044,0.8691590229670206,1.901838223139445,0.5785011549790701,1.2784443298975627,1.2999400893847148
129.0,2.173947731653849,1.0129452794790268,2.103106031815211,1.5860681136449177,2.3195155262947083,2.3215341567993164,2.5306278069814048,2.437800963719686,0.44536558787027997,2.05078332622846,2.4362489581108093,2.3507780184348426,1.1945760399103165,1.1226267317930858,1.205754856268565,0.8066788911819458,0.6959375143051147,1.4827727302908897,1.9412747025489807,2.1835477352142334
130.0,4.058979908625285,3.626277526219686,3.264026403427124,2.498955488204956,3.9198774099349976,4.042070547739665,4.3553089300791425,4.000447591145833,5.284257411956787,3.236370086669922,3.8346312443415322,3.8329642613728843,3.2345447540283203,2.832538644472758,3.038341204325358,4.994315306345622,5.180725574493408,2.984746297200521,3.860663334528605,3.5962724685668945
131.0,6.043486754099528,4.2835352420806885,5.021037737528483,4.578698794047038,5.750796000162761,7.18023157119751,7.123742580413818,6.169275442759196,6.290201663970947,4.849220593770345,5.366356372833252,5.242550690968831,4.20167350769043,4.514161427815755,6.323580265045166,5.819163004557292,6.15126911799113,3.9640443325042725,5.350826422373454,5.530709266662598
132.0,0.9179893334706625,0.4330934484799703,1.0683779219786327,0.994627058506012,1.1202216744422913,2.0195180078347525,0.7298657894134521,0.5877444247404734,0.11411343018213908,0.5018686652183533,0.6787949800491333,0.5724774450063705,0.5875969727834066,0.889500359694163,-0.4970787713925044,-0.29115437467892963,-1.0383678277333577,0.0964201291402181,0.5039787391821543,0.4816333403189977
133.0,3.2469258308410645,1.687852104504903,3.2403069337209067,1.7125969131787617,3.4713799158732095,3.6509756247202554,3.188112278779348,2.811693305770556,4.282400409380595,2.782142440478007,3.196337183316549,2.895649512608846,1.9052573839823406,1.5754462480545044,4.288586695988973,4.245082875092824,4.586021025975545,1.7817794879277546,2.6544646422068277,2.6435370445251465
134.0,6.856761296590169,3.5860764185587564,5.3745911916097,3.470343033472697,6.401485443115234,6.292595386505127,6.83140230178833,6.802538553873698,5.954040050506592,4.9150824546813965,5.919582843780518,5.80343500773112,3.5604569911956787,3.5437113444010415,4.363341808319092,5.762269020080566,6.245524883270264,3.676415046056112,6.3955888748168945,6.622546831766765
135.0,3.8145362536112466,3.9005564053853354,3.079841216405233,3.58309014638265,3.77386466662089,4.110899130503337,4.419411102930705,3.7368361552556357,4.0583334763844805,2.2534414529800415,2.796833594640096,2.493842879931132,3.6742746035257974,3.414624730745951,3.391415596008301,4.146254301071167,4.276708443959554,1.8759230772654216,2.815852165222168,3.0120060443878174
136.0,5.948482672373454,5.3553299109141035,3.6535581747690835,5.505916754404704,5.232333501180013,5.424056847890218,6.5140964190165205,6.072912693023682,7.41610050201416,4.026596387227376,5.04362678527832,5.229883035024007,5.320525010426839,5.131368398666382,6.542581399281819,7.332865873972575,7.559846083323161,4.122591018676758,5.789509455362956,5.53002389272054
137.0,1.8536526759465535,2.079264998435974,1.8031413356463115,1.3787730137507122,1.6955507198969524,2.1690309097369513,2.6630258162816367,2.6226738641659417,4.508400996526082,1.794851581255595,1.7545605103174846,1.75547194480896,1.2805483986934025,1.9585824807484944,2.8767763872941337,4.3536611795425415,3.793290992577871,1.1242987910906475,2.023577173550924,2.4649445215861
138.0,0.6020554304122925,0.9701301803191503,1.053566614786784,0.7828808228174845,0.5234029293060303,1.4056107600529988,1.458969235420227,1.1657615701357524,1.7971497376759846,0.5028854409853617,0.3189063270886739,0.4634169141451518,0.7665846993525823,0.9856244424978892,2.1802937984466553,1.5102831919987996,1.9483702182769775,0.7586839497089386,0.7502975588043531,0.6688107252120972
139.0,3.3664964040120444,3.601613759994507,3.4768754641215005,3.20930814743042,3.6738905906677246,3.4381696383158364,3.231825073560079,2.9872649113337197,3.596169948577881,2.7557920614878335,3.353525002797445,2.9681729873021445,3.6090977986653647,2.8857229550679526,3.936265150705973,3.2067455848058066,3.60445773601532,1.6327493985493977,2.7302366892496743,2.953145901362101
140.0,2.0586663484573364,0.2501148184140523,2.160987655321757,0.38695534070332843,2.1029903093973794,2.8757726351420083,2.474585215250651,1.794137716293335,1.2096645087003708,1.3458494941393535,1.517926295598348,1.1890256603558857,0.29163479804992676,0.42330888907114667,0.6508066256841024,1.1860039432843525,0.9908064901828766,0.25216283400853473,1.4780890941619873,1.7619789838790894
141.0,2.4199690024058023,0.9144360621770223,1.8136144876480103,0.40441858768463135,2.174932320912679,3.3473943869272866,3.125558058420817,2.656883478164673,1.9778437813123066,1.0876257320245106,1.5620299776395161,1.4981934825579326,0.06265769402186076,1.0720922549565632,1.234855830669403,2.340210199356079,1.7791726390520732,0.7167414625485738,2.134089549382528,2.312501907348633
142.0,0.8815918664137522,0.8631746371587118,0.301273117462794,0.8117741992076238,0.6904701987902323,0.9122033764918646,0.4255530846615632,0.5857722957928976,2.001033445199331,-0.07718752821286519,0.19837604959805807,0.05884929001331329,0.9970928877592087,0.6759998003641764,1.005233605702718,2.1379429499308267,2.178261404236158,-0.2637333075205485,0.6207379897435507,1.0285132924715679
143.0,1.6828832427660625,0.5426383018493652,1.393204852938652,1.336664338906606,1.4739844799041748,1.5218980709711711,1.3068719704945881,1.255951811869939,0.6274518767992655,1.4828123152256012,1.541221797466278,1.4823996623357136,0.9397186040878296,0.8247087150812149,0.8235899408658346,0.44142545262972516,1.4058773517608643,0.7123569051424662,1.7774021824200947,1.6522560516993205
144.0,4.274755080540975,3.5754071871439614,3.47867751121521,3.2720444202423096,4.255025863647461,3.9845659732818604,4.327682574590047,4.0832037925720215,4.606978098551433,2.9850595792134604,3.618654648462931,3.3200621604919434,3.4344674746195474,3.2363545099894204,4.317909916241963,4.675256649653117,5.219063679377238,2.2926467855771384,3.3329147895177207,3.5492945114771524
145.0,2.5588812232017517,2.3955432176589966,1.8788780967394512,2.909273942311605,2.0146312514940896,2.813553214073181,3.5142612854639688,3.482397715250651,4.27085526784261,1.7207588652769725,1.8829794079065323,1.9343878130118053,2.2066529989242554,2.5451642274856567,3.231522560119629,4.311065276463826,3.528069575627645,1.6923931365211804,2.5797372659047446,3.2683221101760864
146.0,1.1124571164449055,-0.20432726542154947,1.145466212183237,-0.19230660796165466,1.3850168387095134,1.0797624091307323,0.563762754201889,0.3268759250640869,-0.9607452948888143,0.8236819505691528,1.1269153753916423,0.8361121614774069,-0.43261480579773587,-0.06963506837685902,-0.1550543705622355,-1.4537437359491985,-1.4159111281236012,0.08380309740702312,0.7077022517720858,0.27331434190273285
147.0,3.365580677986145,2.2686423858006797,3.2942944864432016,1.5871346592903137,3.472274978955587,3.23478094736735,3.047427535057068,2.7941751976807914,1.496867299079895,2.2355639909704528,2.7488136726121106,2.416022111972173,1.8682915767033894,1.6469546556472778,1.1508775154749553,1.5661526123682659,1.2475169102350872,1.1362474858760834,2.3602598905563354,2.246631900469462
148.0,3.5752686659495034,1.3613837361335754,3.0804457664489746,0.3360979954401652,3.5388333002726235,4.3895517985026045,3.780712445576986,3.2448039054870605,1.090437690416972,2.298644741376241,3.003145972887675,2.9267279307047525,0.9314794937769572,0.7641166920463244,1.7045134703318279,1.3599959711233776,1.7620497544606526,1.9526308576265972,3.1793613036473594,2.9471607208251953
149.0,2.5411126613616943,1.017332690457503,1.3167589902877808,1.195318619410197,2.0848792791366577,2.32004714012146,2.2967112064361572,2.4844539960225425,0.946704313158989,0.9272255202134451,1.3928445378939311,1.3474271098772685,0.7020226611445347,0.8977382965385914,0.5980963905652364,0.6181079149246216,0.7103682359059652,0.7525288065274557,1.858420769373576,2.425288200378418
150.0,3.193053046862284,3.5652483701705933,2.6917478243509927,3.9557364781697593,3.034326155980428,3.3867314656575522,3.0709922313690186,3.3388611574967704,3.8118104537328086,2.133473555246989,2.5024526913960776,2.281448562939962,3.4342986742655435,3.689773440361023,3.562381466229757,3.5405906041463218,3.785893658796946,1.5480370720227559,2.6053925355275473,3.244564965367317
151.0,5.7961961428324384,5.147096633911133,3.9245967070261636,5.078699588775635,5.200151522954305,5.653985977172852,6.571253935496013,6.445501486460368,6.429797490437825,3.856165568033854,4.664971828460693,4.613857348759969,5.07403031984965,4.9079445997873945,5.741489251454671,5.835491021474202,5.741779088973999,3.639239947001139,5.032519817352295,5.9428331057230634
152.0,3.5928953488667807,2.4628790616989136,2.0346384048461914,2.5068124532699585,3.1301713784535727,3.7395103772481284,3.897926171620687,3.6189679304758706,2.2138442595799765,1.6016141027212143,2.4626765648523965,2.5736887057622275,2.7182257572809854,2.2246121962865195,1.462224284807841,1.6814878384272258,1.7926313479741414,1.888920545578003,3.1366611321767173,3.228213310241699
153.0,0.6816486815611521,0.3556325038274129,0.9417256812254587,0.6502403716246287,0.714850959678491,1.264999734858672,0.8177736500898997,0.3829098530113697,0.5319456259409586,0.09613075852394104,0.2786887288093567,0.2171474645535151,0.41456998387972516,0.5248237699270248,-0.44243313868840534,0.16586132844289145,-0.7400168577829996,0.06974481046199799,0.8960447907447815,0.6615011692047119
154.0,2.161744713783264,2.675489087899526,1.7562079032262166,3.161661227544149,1.9107633034388225,3.1543667316436768,3.324547052383423,2.6754392782847085,4.5625336567560835,1.397390643755595,1.5430546601613362,1.5767008066177368,2.7986254692077637,2.5228997071584067,2.794854164123535,4.857985814412435,3.7012365261713662,1.3080912828445435,1.9964289267857869,2.22734797000885
155.0,2.583937962849935,2.6983774503072104,2.277068297068278,3.4688714345296225,2.4584745168685913,2.5676299333572388,3.1807914574941,3.471127986907959,5.239167849222819,2.480573892593384,2.5758708318074546,2.6059627135594687,3.2829411029815674,2.5669642289479575,3.9049816131591797,5.039575735727946,5.167858839035034,2.4850481351216636,2.396231989065806,3.3392998377482095
156.0,2.9510556856791177,2.1814781030019126,2.508157173792521,1.90742826461792,2.6949249505996704,2.7635209560394287,2.9778733253479004,3.282567262649536,2.6121946573257446,2.014967163403829,2.233473022778829,2.03188955783844,1.9884512821833293,1.9883873860041301,2.4145323435465493,2.4466603497664132,3.150656819343567,1.2132880687713623,2.381290912628174,3.209418455759684
157.0,4.863591988881429,1.824527661005656,2.6392608880996704,1.706349531809489,4.447004795074463,3.900700648625692,3.531743844350179,3.28021240234375,4.599081516265869,2.9539327224095664,4.030921618143718,4.088298479715983,1.6443275014559429,2.0391721725463867,4.4071041742960615,4.206324418385823,4.243043581644694,2.9962639013926187,4.367642720540364,3.6121243635813394
158.0,1.5752209822336833,0.34720616539319354,0.9313832322756449,0.12212920188903809,1.4302113056182861,1.7272910674413045,1.2375876009464264,0.841001033782959,2.1013376315434775,0.9890325864156088,1.3818755149841309,1.4548126061757405,-0.44960792859395343,0.7498444318771362,2.0983862479527793,1.9664298295974731,2.6264766852060952,0.4871271252632141,1.7171874046325684,0.9488389094670614
159.0,3.2861936887105307,1.4752798875172932,2.2478038469950357,1.0920885006586711,3.265119711558024,2.4952263832092285,1.991292953491211,1.5600351095199585,1.9005101124445598,2.4928977489471436,3.232758641242981,3.3109050591786704,1.1091990272204082,1.0848557154337566,0.8680875897407532,1.7334154049555461,1.213717410961787,2.618713061014811,3.0122629006703696,2.0338813861211142
160.0,2.9591437180836997,2.2043601473172507,2.402019282182058,1.8322932720184326,2.768670638402303,3.1591780185699463,3.0763161977132163,3.0728031396865845,3.162665327390035,1.780784696340561,2.013977607091268,1.6957516471544902,1.9338873028755188,2.0940776069959006,3.124493658542633,2.8329755067825317,3.286675214767456,1.061325654387474,2.0305694142977395,2.8317564328511557
161.0,2.724264224370321,2.749940017859141,2.4429210424423218,1.657117744286855,2.8739543358484902,2.2426151037216187,2.0500754018624625,2.0728684465090432,2.7378912766774497,2.456502119700114,2.8554853598276773,2.624970038731893,1.9209952751795452,2.069486896197001,2.5167212883631387,2.4238588015238443,2.20256869494915,1.1796160737673442,2.1122902631759644,1.8717161019643147
162.0,3.6172099908192954,2.2950039406617484,3.163120746612549,2.6150622765223184,2.9834639628728232,4.704711119333903,4.845163504282634,4.746914068857829,3.551499843597412,2.0897108713785806,2.3475138346354165,2.271458109219869,2.0338116884231567,2.484782874584198,2.689323306083679,3.3237202962239585,3.0121378898620605,1.4887366493542988,3.5744431813557944,4.695515155792236
163.0,1.1919432481129963,0.6208371619383494,0.9990456104278564,0.6335500379403433,0.8058194716771444,1.6955017646153767,1.0676917831103008,0.9490735828876495,0.2286152703066667,0.261890172958374,0.24952165285746256,0.3608098030090332,0.8216481556495031,0.531741331020991,0.014718482891718546,0.012577831745147705,0.029913663864135742,0.3162523110707601,1.4224905123313267,1.1049585143725078
164.0,2.917062679926554,2.526110569636027,1.9663517475128174,1.5850363572438557,2.52651309967041,2.9188993771870932,3.3590522607167563,3.064104159673055,2.140803257624308,2.149501403172811,2.3972944021224976,2.361543377240499,1.9213743607203166,1.9232020378112793,0.5968596140543619,2.581556797027588,1.4270368814468384,1.8085203170776367,2.3903022607167563,2.6652300357818604
165.0,0.16140347719192505,1.1365540027618408,-0.24681629985570908,1.3620735704898834,-0.14323191344738007,0.5522243132193884,0.790369987487793,1.248712380727132,0.31461675961812335,0.09121161699295044,0.14596686760584512,0.3054039676984151,1.0054372747739155,1.4137590924898784,0.7174951682488123,-0.17094888786474863,0.12590192755063376,0.3194308876991272,0.5778794338305792,1.3155121604601543
166.0,3.6298934618631997,3.5574187437693277,2.875091075897217,3.3511428038279214,3.3402198950449624,3.9632355372111,4.003062804539998,4.079522132873535,4.543597221374512,2.2226369778315225,2.7036682764689126,2.5863322416941323,3.361056407292684,3.365196784337362,3.916070063908895,4.11267352104187,3.909180839856466,1.781675934791565,3.1444994608561196,3.829980452855428
167.0,4.549482663472493,5.263437589009603,3.50355855623881,5.545768737792969,4.319719314575195,4.3613448937733965,4.874766190846761,4.635775168736775,6.646756807963054,3.5794436931610107,4.0285360018412275,3.855268955230713,5.253178437550862,5.153357028961182,5.521092653274536,6.3849671681722,6.951807975769043,3.01063871383667,3.76461394627889,3.97519858678182
168.0,2.6384180386861167,1.3003260691960652,1.580705722173055,0.6190224587917328,2.106850743293762,2.949129025141398,3.3990279038747153,3.1941932837168374,4.551884015401204,1.6823449631532033,1.9727696577707927,2.0838571588198342,0.7024855663379034,1.0086758136749268,1.7072068055470784,4.21289587020874,2.923000772794088,1.4742016593615215,2.541387756665548,3.0052064259847007
169.0,3.321088194847107,2.883199771245321,2.6524039109547934,2.6888518730799356,2.891956329345703,3.1573187510172525,4.31445837020874,4.801360289255778,3.758617510398229,2.399528384208679,2.579648415247599,2.484368006388346,2.813300450642904,2.3037316600481668,2.0726242462793985,3.6198068956534066,3.7455071012179055,1.7102445562680562,2.7203455368677774,4.133838931719462
170.0,4.7298658688863116,2.9757395585378013,3.0477061669031777,3.062729517618815,4.160314877827962,4.601283470789592,5.654619216918945,5.608593940734863,4.8536536693573,2.956287384033203,3.627174139022827,3.434067646662394,2.8194634914398193,2.493692954381307,3.4492246309916177,4.853006839752197,4.981690724690755,2.241382360458374,3.829618215560913,4.893286387125651
171.0,2.0041269063949585,0.6708448727925619,2.624519944190979,1.4329421321551006,2.2531922260920205,2.2585604985555015,2.01369579633077,1.9268362124760945,3.2436903715133667,1.8963476816813152,1.94717542330424,1.7024234135945637,0.8999870618184408,1.230559527873993,2.980341831843058,2.8245416482289634,3.284317215283712,1.092722753683726,1.7696400880813599,1.8564238548278809
172.0,3.36658509572347,3.4813450972239175,2.5040112336476645,4.0019950071970625,3.2040406862894693,3.100502093633016,3.028332988421122,2.9046088059743247,3.7384546995162964,2.4872235854466758,3.070927063624064,3.103957017262777,3.443209091822306,3.7306440671284995,3.384039560953776,4.0756228764851885,4.365108489990234,2.1172372500101724,3.1318980058034263,2.9275896549224854
173.0,5.031301657358806,3.240936835606893,3.7030491828918457,2.7639889319737754,4.862430413564046,3.853792985280355,4.058721860249837,4.109460910161336,4.755719979604085,3.865159511566162,4.6552785237630205,4.431918938954671,2.879740556081136,2.8367437521616616,4.113353331883748,4.991618792215983,4.750809510548909,2.8766300280888877,4.275632222493489,4.213921944300334
174.0,3.535387714703878,3.7430986960728965,2.922670006752014,4.018681327501933,3.2854644060134888,4.377916971842448,4.578740119934082,4.338961124420166,3.481686512629191,2.386085112889608,2.7736676136652627,2.805162250995636,3.9491124947865806,3.65109392007192,3.980416456858317,3.1151868104934692,3.6083433628082275,2.3279966910680137,3.222235361735026,3.797766367594401
175.0,2.5377084016799927,2.8660017251968384,2.5887879530588784,2.5610282818476358,2.9548727671305337,1.9173609813054402,1.4616549462080002,1.277950942516327,2.8566904067993164,2.622575521469116,2.9165472984313965,2.670295516649882,2.8584983348846436,2.1656607389450073,3.0720698833465576,3.1047352155049643,3.3613900343577066,2.031064987182617,1.8913687268892925,1.2260499596595764
176.0,2.827863931655884,2.433180848757426,2.795374035835266,2.183788781364759,2.923282007376353,3.073155959447225,2.620196302731832,2.57606303691864,3.272387067476908,2.125038464864095,2.4487813264131546,2.199574717630943,2.2172766625881195,1.8979887962341309,3.8027994632720947,3.2409982681274414,3.3021289507548013,1.0366017421086628,2.2023392717043557,2.332326809565226
177.0,0.7550990581512451,0.9976295630137125,1.1786069124937057,1.305869181950887,0.878071924050649,0.7321477731068929,1.1202326615651448,0.6115081707636515,0.839675227801005,1.4031702478726704,1.1520315557718277,0.9599214543898901,0.827900250752767,1.3601167599360149,0.937990645567576,0.8896504218379656,1.0900497287511826,0.47697147727012634,0.6550706624984741,0.404060701529185
178.0,5.62624994913737,4.018707195917766,4.620505174001058,3.6766374905904136,5.59545103708903,5.434288024902344,6.861180941263835,6.272027810414632,5.750534375508626,4.588805596033732,5.389337698618571,4.958186785380046,4.002389828364055,3.406623045603434,4.174854834874471,6.424561500549316,5.778385082880656,3.114596684773763,4.501618067423503,5.149905204772949
179.0,2.454967180887858,2.6659370263417563,1.9724808136622112,2.1900709867477417,2.288882335027059,2.7202181816101074,3.404701550801595,2.9525790214538574,1.8009986480077107,1.3186610142389934,1.640134374300639,1.5237979491551716,2.4697830279668174,2.094837268193563,1.1529357731342316,1.8214215834935505,1.6365008354187012,1.0370436211427052,2.051388144493103,2.262202819188436
180.0,0.0045341551303863525,-1.4415283401807149,-0.37859466671943665,-1.9934765895207722,-0.35529834032058716,-0.29660279552141827,-0.44926805297533673,-0.03838238616784414,-1.7340384423732758,-1.0942748337984085,-0.9681730071703593,-0.8742852210998535,-1.748626579840978,-1.6313201983769734,-1.5669392943382263,-1.7005628943443298,-2.0422385732332864,-0.4794147312641144,0.1823469599088033,0.2906716863314311
181.0,3.387796719868978,1.7893970211346943,2.082889993985494,1.7141846319039662,2.828756411870321,3.623222827911377,3.844325224558512,3.7604602177937827,2.811139702796936,1.6934583286444347,2.328324258327484,2.234509527683258,1.9010744492212932,1.2281598250071208,1.8757086793581645,2.659884770711263,1.9272865255673726,0.9615480403105418,2.9030248721440635,3.48502724369367
182.0,1.9476324717203777,0.8611353238423666,2.4856740633646646,0.9727731943130493,2.1001795132954917,3.0100489457448325,2.1157633860905967,1.5213915904362996,0.7191219006975492,1.7059192260106404,1.6935412883758545,1.4987915754318237,0.7806622982025146,0.9828731020291647,0.6178357203801473,0.229999045530955,0.2491918553908666,0.9249890844027201,1.7410051027933757,1.411142925421397
183.0,3.242032448450724,2.828463077545166,2.8294315735499063,2.0819268226623535,2.9953879515329995,3.218579649925232,3.3669315179189048,3.392160693804423,4.903323809305827,2.425233562787374,2.5523668130238852,2.3823997577031455,2.575272480646769,2.3392242987950644,4.109450896581014,4.6086850961049395,5.240729014078776,2.2063820362091064,2.817055821418762,3.1993438005447388
184.0,1.2364743947982788,1.440420260032018,1.024091124534607,1.4132189949353535,1.2134465376536052,0.8036194245020548,1.0929156144460042,1.301221065223217,0.6034444570541382,1.1038960715134938,1.2649409770965576,1.1850896279017131,1.1760033865769703,1.4803967500726383,0.8194603150089582,1.2981980244318645,0.6526401042938232,0.6994539896647135,0.9652955134709676,1.042771617571513
185.0,3.4670588970184326,1.5330693920453389,1.7736758788426716,1.5365384022394817,2.94162654876709,2.569246490796407,2.2869438330332437,2.853984276453654,2.5634021162986755,1.4724718729654949,2.276653448740641,2.3900473515192666,1.2754856050014496,1.3198603267470996,1.3729183276494343,1.8055931131045024,0.3881287972132365,1.6117679278055828,3.1111841201782227,3.2489558855692544
186.0,3.4755099614461265,0.4401927590370178,2.651066859563192,0.28384929895401,3.343646844228109,3.6339248021443686,3.9066197077433267,3.376089652379354,3.3622538248697915,2.556267182032267,3.125192403793335,2.955509821573893,0.4967758357524872,0.16144619385401407,2.5794549187024436,2.9376467068990073,2.7114972273508706,1.7958582242329915,2.8658328453699746,2.8834484418233237
187.0,1.8403296569983165,1.5193369338909786,1.8414019544919331,2.1478084921836853,1.7177502016226451,2.288645346959432,2.089665333429972,1.686250368754069,2.62296986579895,1.2371258984009426,1.5094363043705623,1.5229370445013046,1.9673381447792053,1.4482261339823406,2.268105705579122,2.165221691131592,2.7482643922170005,0.9625313977400461,2.134740948677063,1.857465147972107
188.0,2.902431011199951,3.2365686098734536,2.4394245545069375,2.8873136043548584,3.0086979071299234,2.922125260035197,2.413435439268748,2.279209166765213,2.113642474015554,2.273699243863424,2.744683106740316,2.577479124069214,3.224124232927958,2.7557684580485025,2.7026350498199463,1.2484544515609741,2.3902590572834015,1.7076464494069417,2.3214483658472695,2.5568058093388877
189.0,2.081457495689392,2.7264676491419473,1.8983211914698284,2.301451007525126,1.9314878185590107,2.147508422533671,1.7675383885701497,1.9085580507914226,2.7108556429545083,1.2947097793221474,1.5305085877577465,1.4082484543323517,2.3009172280629477,2.267255942026774,1.8519806464513142,2.601051171620687,2.7466110785802207,0.685210237900416,1.8333540956179302,2.2557760874430337
190.0,3.343986431757609,2.219400703907013,2.9179722468058267,2.8088943560918174,3.001654307047526,3.293896198272705,3.74460498491923,3.7905773321787515,4.276060740152995,2.635821501413981,2.913379669189453,2.796679417292277,2.2159496943155923,2.431874910990397,2.652733087539673,4.3134996096293134,4.328551212946574,1.8724364042282104,3.2071664333343506,3.4700902303059897
191.0,1.7797633806864421,1.3323819239934285,0.539827823638916,1.2366801003615062,1.5303364992141724,1.629645566145579,1.14922038714091,1.018283526102702,1.5691994031270344,1.1483447849750519,1.5272918939590454,1.7571948369344075,1.134009783466657,1.2821659644444783,0.630012313524882,1.5261669754981995,1.5822579860687256,1.6905919909477234,1.5480013688405354,1.1626955767472584
192.0,3.2835126519203186,1.8317557324965794,2.533888498942057,1.5678867995738983,3.2602046132087708,2.8125752359628677,2.9871936639149985,2.891709645589193,3.829778408010801,2.6083043962717056,3.0546613236268363,3.0122321049372354,1.97460542122523,1.660375585158666,3.019114633401235,3.801626980304718,3.6003679434458413,2.2965954144795737,2.7842113176981607,2.6710286140441895
193.0,2.0819667975107827,-0.18782484531402588,2.095391114552816,-0.6105681657791138,2.1298623085021973,2.06313149134318,1.9145276149113972,1.8152658939361572,2.00217342376709,1.8020913004875183,1.8883797725041707,1.766302724679311,-0.3971426685651143,-0.13702666759490967,0.681272566318512,1.917872945467631,1.3626501162846882,1.313605050245921,1.6001344919204712,1.6612651348114014
194.0,1.6840565999348958,1.3464415073394775,1.146249492963155,1.5418330033620198,1.4615870316823323,2.3294793367385864,2.4881121714909873,2.066189765930176,2.1666746934254966,0.8450093468030294,1.1446829835573833,1.1437753041585286,1.5734056234359741,1.3079313039779663,3.218369642893473,2.1048301458358765,2.9287205139795938,0.6979628702004751,1.5447138547897339,1.7203511397043865
195.0,3.4480131467183432,1.153013030687968,3.071271816889445,0.3820886214574178,3.2114808559417725,4.076697429021199,4.44540548324585,3.767852266629537,1.7058943907419841,2.6705897649129233,2.94643497467041,2.8281089067459106,0.8993510802586874,0.4941169023513794,3.2287121613820395,1.5975539088249207,2.648327906926473,1.8982519110043843,3.2191336154937744,3.4896777470906577
196.0,1.1876528710126877,0.2748853762944539,1.7708075568079948,0.43683918317159015,1.1639007727305095,2.0554544925689697,2.4999112288157144,2.0949122111002603,1.2332759300867717,1.2008994221687317,1.0762718121210735,1.0691800514856975,0.26951372623443604,0.14344318707784018,1.2096162637074788,1.4864779512087505,0.6115605930487314,0.7983737786610922,1.5020136038462322,1.7268205881118774
197.0,5.581240336100261,4.403090000152588,4.610486745834351,3.923285802205404,5.337507088979085,6.14370584487915,6.2431003252665205,5.676844120025635,6.9610748291015625,4.391683181126912,4.942989746729533,4.750763098398845,4.485928614934285,3.8265416622161865,6.899436791737874,6.783431529998779,7.741839408874512,3.425891876220703,4.628037452697754,5.095164775848389
198.0,1.3629076480865479,0.49548694988091785,2.4464838405450187,1.028762126962344,1.4306799173355103,2.0952336390813193,2.0504791537920632,1.8100649540623028,3.1048566500345864,1.4685551921526592,1.18811829884847,1.0152325630187988,0.8342546795805296,0.5533903290828069,2.6747651199499765,3.1301414171854653,2.997571667035421,0.516066312789917,1.492032840847969,1.6870333304007847
199.0,2.001331647237142,1.1708470185597737,2.0688141187032065,1.1088625987370808,2.078233778476715,3.1084510882695517,2.549303094546,1.8671327034632366,3.5004390875498452,1.5222373207410176,1.6832669973373413,1.4458256463209789,1.0490437746047974,1.1055688261985779,2.7929152647654214,3.753763198852539,3.2008134524027505,0.6793733537197113,1.6157312790552776,1.5986872712771099
200.0,0.8702957630157471,1.0122661987940471,1.53380090991656,0.8117674787839254,1.0235321124394734,1.0375981330871582,0.8802796602249146,0.7517153819402059,2.597624510526657,1.5674717624982197,1.3529295523961384,1.2872283856074016,0.5312440494696299,1.0373594363530476,1.3034741282463074,2.5886237621307373,1.6759592096010845,1.2253606816132863,0.840081254641215,0.7934171756108602
